2025-11-23 16:26:50.575 [main] INFO  r.s.t.c.l.f.LinkedListTabulatedFunction - Creating LinkedListTabulatedFunction from arrays with length: 3
2025-11-23 16:26:50.581 [main] DEBUG r.s.t.c.l.f.LinkedListTabulatedFunction - Created first node in empty list
2025-11-23 16:26:50.581 [main] INFO  r.s.t.c.l.f.LinkedListTabulatedFunction - Successfully created LinkedListTabulatedFunction with 3 points
2025-11-23 16:26:50.585 [main] DEBUG r.s.t.c.l.f.LinkedListTabulatedFunction - Found x=2.5 at index 2
2025-11-23 16:26:50.600 [main] INFO  r.s.t.c.l.f.ArrayTabulatedFunction - Creating ArrayTabulatedFunction from arrays with length: 2
2025-11-23 16:26:50.602 [main] DEBUG r.s.t.c.l.f.ArrayTabulatedFunction - Successfully created ArrayTabulatedFunction with 2 points
2025-11-23 16:26:50.607 [main] DEBUG r.s.t.c.l.f.ArrayTabulatedFunction - Set y[0] from 1.0 to 999.0
2025-11-23 16:26:50.607 [main] DEBUG r.s.t.c.l.f.ArrayTabulatedFunction - Set y[1] from 4.0 to 888.0
2025-11-23 16:26:50.610 [main] INFO  r.s.t.c.l.f.ArrayTabulatedFunction - Creating ArrayTabulatedFunction from arrays with length: 3
2025-11-23 16:26:50.610 [main] DEBUG r.s.t.c.l.f.ArrayTabulatedFunction - Successfully created ArrayTabulatedFunction with 3 points
2025-11-23 16:26:50.610 [main] DEBUG r.s.t.c.l.f.ArrayTabulatedFunction - Found x=0.0 at index 0
2025-11-23 16:26:50.610 [main] DEBUG r.s.t.c.l.f.ArrayTabulatedFunction - Found x=1.0 at index 1
2025-11-23 16:26:50.610 [main] DEBUG r.s.t.c.l.f.ArrayTabulatedFunction - x=1.5 not found in xValues
2025-11-23 16:26:50.611 [main] DEBUG r.s.t.c.l.f.ArrayTabulatedFunction - Floor index for x=1.5 is 1
2025-11-23 16:26:50.611 [main] DEBUG r.s.t.c.l.f.ArrayTabulatedFunction - Interpolation for x=1.5 at floorIndex=1: result=2.5
2025-11-23 16:26:50.613 [main] INFO  r.s.t.c.l.f.ArrayTabulatedFunction - Creating ArrayTabulatedFunction from arrays with length: 2
2025-11-23 16:26:50.615 [main] DEBUG r.s.t.c.l.f.ArrayTabulatedFunction - Successfully created ArrayTabulatedFunction with 2 points
2025-11-23 16:26:50.615 [main] DEBUG r.s.t.c.l.f.ArrayTabulatedFunction - Set y[0] from 10.0 to 100.0
2025-11-23 16:26:50.619 [main] INFO  r.s.t.c.l.f.ArrayTabulatedFunction - Creating ArrayTabulatedFunction from arrays with length: 3
2025-11-23 16:26:50.620 [main] DEBUG r.s.t.c.l.f.ArrayTabulatedFunction - Successfully created ArrayTabulatedFunction with 3 points
2025-11-23 16:26:50.623 [main] INFO  r.s.t.c.l.f.ArrayTabulatedFunction - Creating ArrayTabulatedFunction from arrays with length: 3
2025-11-23 16:26:50.624 [main] DEBUG r.s.t.c.l.f.ArrayTabulatedFunction - Successfully created ArrayTabulatedFunction with 3 points
2025-11-23 16:26:50.627 [main] INFO  r.s.t.c.l.f.ArrayTabulatedFunction - Creating ArrayTabulatedFunction from arrays with length: 3
2025-11-23 16:26:50.628 [main] DEBUG r.s.t.c.l.f.ArrayTabulatedFunction - Successfully created ArrayTabulatedFunction with 3 points
2025-11-23 16:26:50.631 [main] INFO  r.s.t.c.l.f.ArrayTabulatedFunction - Creating ArrayTabulatedFunction from arrays with length: 3
2025-11-23 16:26:50.631 [main] DEBUG r.s.t.c.l.f.ArrayTabulatedFunction - Successfully created ArrayTabulatedFunction with 3 points
2025-11-23 16:26:50.632 [main] DEBUG r.s.t.c.l.f.ArrayTabulatedFunction - Found y=30.0 at index 2
2025-11-23 16:26:50.635 [main] INFO  r.s.t.c.l.f.LinkedListTabulatedFunction - Creating LinkedListTabulatedFunction from arrays with length: 2
2025-11-23 16:26:50.635 [main] DEBUG r.s.t.c.l.f.LinkedListTabulatedFunction - Created first node in empty list
2025-11-23 16:26:50.635 [main] INFO  r.s.t.c.l.f.LinkedListTabulatedFunction - Successfully created LinkedListTabulatedFunction with 2 points
2025-11-23 16:26:50.646 [main] INFO  r.s.t.c.l.f.ArrayTabulatedFunction - Creating ArrayTabulatedFunction from arrays with length: 2
2025-11-23 16:26:50.646 [main] DEBUG r.s.t.c.l.f.ArrayTabulatedFunction - Successfully created ArrayTabulatedFunction with 2 points
2025-11-23 16:26:50.647 [main] DEBUG r.s.t.c.l.f.ArrayTabulatedFunction - Set y[0] from 10.0 to 20.0
2025-11-23 16:26:50.648 [main] DEBUG r.s.t.c.l.f.ArrayTabulatedFunction - Set y[1] from 20.0 to 40.0
2025-11-23 16:26:50.651 [main] INFO  r.s.t.c.l.f.ArrayTabulatedFunction - Creating ArrayTabulatedFunction from arrays with length: 2
2025-11-23 16:26:50.651 [main] DEBUG r.s.t.c.l.f.ArrayTabulatedFunction - Successfully created ArrayTabulatedFunction with 2 points
2025-11-23 16:26:50.656 [main] INFO  r.s.t.c.l.f.ArrayTabulatedFunction - Creating ArrayTabulatedFunction from arrays with length: 2
2025-11-23 16:26:50.656 [main] DEBUG r.s.t.c.l.f.ArrayTabulatedFunction - Successfully created ArrayTabulatedFunction with 2 points
2025-11-23 16:26:50.671 [main] INFO  r.s.t.c.l.f.ArrayTabulatedFunction - Creating ArrayTabulatedFunction from arrays with length: 3
2025-11-23 16:26:50.671 [main] DEBUG r.s.t.c.l.f.ArrayTabulatedFunction - Successfully created ArrayTabulatedFunction with 3 points
2025-11-23 16:26:50.673 [main] INFO  r.s.t.c.l.f.LinkedListTabulatedFunction - Creating LinkedListTabulatedFunction from arrays with length: 2
2025-11-23 16:26:50.674 [main] DEBUG r.s.t.c.l.f.LinkedListTabulatedFunction - Created first node in empty list
2025-11-23 16:26:50.674 [main] INFO  r.s.t.c.l.f.LinkedListTabulatedFunction - Successfully created LinkedListTabulatedFunction with 2 points
2025-11-23 16:26:50.690 [main] INFO  r.s.t.c.l.f.ArrayTabulatedFunction - Creating ArrayTabulatedFunction from arrays with length: 3
2025-11-23 16:26:50.690 [main] DEBUG r.s.t.c.l.f.ArrayTabulatedFunction - Successfully created ArrayTabulatedFunction with 3 points
2025-11-23 16:26:50.691 [main] INFO  r.s.t.c.l.f.ArrayTabulatedFunction - Removing point at index -1
2025-11-23 16:26:50.691 [main] ERROR r.s.t.c.l.f.ArrayTabulatedFunction - Index out of bounds: index=-1, count=3
2025-11-23 16:26:50.693 [main] INFO  r.s.t.c.l.f.ArrayTabulatedFunction - Creating ArrayTabulatedFunction from arrays with length: 2
2025-11-23 16:26:50.693 [main] DEBUG r.s.t.c.l.f.ArrayTabulatedFunction - Successfully created ArrayTabulatedFunction with 2 points
2025-11-23 16:26:50.693 [main] DEBUG r.s.t.c.l.f.ArrayTabulatedFunction - Left extrapolation for x=0.0: result=-2.0
2025-11-23 16:26:50.696 [main] INFO  r.s.t.c.l.f.ArrayTabulatedFunction - Creating ArrayTabulatedFunction from function: xFrom=0.0, xTo=1.0, count=1
2025-11-23 16:26:50.699 [main] INFO  r.s.t.c.l.f.ArrayTabulatedFunction - Creating ArrayTabulatedFunction from arrays with length: 3
2025-11-23 16:26:50.699 [main] DEBUG r.s.t.c.l.f.ArrayTabulatedFunction - Successfully created ArrayTabulatedFunction with 3 points
2025-11-23 16:26:50.701 [main] INFO  r.s.t.c.l.f.ArrayTabulatedFunction - Creating ArrayTabulatedFunction from arrays with length: 5
2025-11-23 16:26:50.701 [main] DEBUG r.s.t.c.l.f.ArrayTabulatedFunction - Successfully created ArrayTabulatedFunction with 5 points
2025-11-23 16:26:50.702 [main] ERROR r.s.t.c.l.f.ArrayTabulatedFunction - Interpolation error: x=2.5 not in interval [5.0, 6.0]
2025-11-23 16:26:50.704 [main] INFO  r.s.t.c.l.f.ArrayTabulatedFunction - Creating ArrayTabulatedFunction from function: xFrom=5.0, xTo=5.0, count=4
2025-11-23 16:26:50.705 [main] DEBUG r.s.t.c.l.f.ArrayTabulatedFunction - xFrom equals xTo, creating constant function
2025-11-23 16:26:50.705 [main] INFO  r.s.t.c.l.f.ArrayTabulatedFunction - Successfully created ArrayTabulatedFunction from source function
2025-11-23 16:26:50.707 [main] INFO  r.s.t.c.l.f.ArrayTabulatedFunction - Creating ArrayTabulatedFunction from arrays with length: 2
2025-11-23 16:26:50.707 [main] DEBUG r.s.t.c.l.f.ArrayTabulatedFunction - Successfully created ArrayTabulatedFunction with 2 points
2025-11-23 16:26:50.707 [main] INFO  r.s.t.c.l.f.ArrayTabulatedFunction - Inserting point: x=3.0, y=30.0
2025-11-23 16:26:50.707 [main] DEBUG r.s.t.c.l.f.ArrayTabulatedFunction - x=3.0 not found in xValues
2025-11-23 16:26:50.708 [main] DEBUG r.s.t.c.l.f.ArrayTabulatedFunction - Successfully inserted point at index 2. New count: 3
2025-11-23 16:26:50.709 [main] INFO  r.s.t.c.l.f.ArrayTabulatedFunction - Creating ArrayTabulatedFunction from arrays with length: 3
2025-11-23 16:26:50.710 [main] DEBUG r.s.t.c.l.f.ArrayTabulatedFunction - Successfully created ArrayTabulatedFunction with 3 points
2025-11-23 16:26:50.711 [main] DEBUG r.s.t.c.l.f.ArrayTabulatedFunction - Floor index for x=1.5 is 0
2025-11-23 16:26:50.711 [main] DEBUG r.s.t.c.l.f.ArrayTabulatedFunction - Floor index for x=2.0 is 1
2025-11-23 16:26:50.711 [main] DEBUG r.s.t.c.l.f.ArrayTabulatedFunction - Floor index for x=2.5 is 1
2025-11-23 16:26:50.711 [main] DEBUG r.s.t.c.l.f.ArrayTabulatedFunction - Floor index for x=3.0 is 2
2025-11-23 16:26:50.714 [main] INFO  r.s.t.c.l.f.ArrayTabulatedFunction - Creating ArrayTabulatedFunction from arrays with length: 3
2025-11-23 16:26:50.714 [main] DEBUG r.s.t.c.l.f.ArrayTabulatedFunction - Successfully created ArrayTabulatedFunction with 3 points
2025-11-23 16:26:50.715 [main] ERROR r.s.t.c.l.f.ArrayTabulatedFunction - Interpolation error: x=1.5 not in interval [0.0, 1.0]
2025-11-23 16:26:50.717 [main] INFO  r.s.t.c.l.f.ArrayTabulatedFunction - Creating ArrayTabulatedFunction from arrays with length: 3
2025-11-23 16:26:50.717 [main] DEBUG r.s.t.c.l.f.ArrayTabulatedFunction - Successfully created ArrayTabulatedFunction with 3 points
2025-11-23 16:26:50.717 [main] DEBUG r.s.t.c.l.f.ArrayTabulatedFunction - Interpolation at last point, returning y[2] = 4.0
2025-11-23 16:26:50.719 [main] INFO  r.s.t.c.l.f.ArrayTabulatedFunction - Creating ArrayTabulatedFunction from arrays with length: 2
2025-11-23 16:26:50.719 [main] DEBUG r.s.t.c.l.f.ArrayTabulatedFunction - Successfully created ArrayTabulatedFunction with 2 points
2025-11-23 16:26:50.719 [main] DEBUG r.s.t.c.l.f.ArrayTabulatedFunction - Right extrapolation for x=3.0: result=7.0
2025-11-23 16:26:50.723 [main] INFO  r.s.t.c.l.f.ArrayTabulatedFunction - Creating ArrayTabulatedFunction from arrays with length: 2
2025-11-23 16:26:50.723 [main] DEBUG r.s.t.c.l.f.ArrayTabulatedFunction - Successfully created ArrayTabulatedFunction with 2 points
2025-11-23 16:26:50.725 [main] INFO  r.s.t.c.l.f.ArrayTabulatedFunction - Creating ArrayTabulatedFunction from function: xFrom=0.0, xTo=2.0, count=3
2025-11-23 16:26:50.726 [main] DEBUG r.s.t.c.l.f.ArrayTabulatedFunction - Step size: 1.0
2025-11-23 16:26:50.726 [main] INFO  r.s.t.c.l.f.ArrayTabulatedFunction - Successfully created ArrayTabulatedFunction from source function
2025-11-23 16:26:50.728 [main] INFO  r.s.t.c.l.f.ArrayTabulatedFunction - Creating ArrayTabulatedFunction from arrays with length: 2
2025-11-23 16:26:50.728 [main] DEBUG r.s.t.c.l.f.ArrayTabulatedFunction - Successfully created ArrayTabulatedFunction with 2 points
2025-11-23 16:26:50.730 [main] INFO  r.s.t.c.l.f.ArrayTabulatedFunction - Creating ArrayTabulatedFunction from arrays with length: 2
2025-11-23 16:26:50.730 [main] DEBUG r.s.t.c.l.f.ArrayTabulatedFunction - Successfully created ArrayTabulatedFunction with 2 points
2025-11-23 16:26:50.732 [main] INFO  r.s.t.c.l.f.ArrayTabulatedFunction - Creating ArrayTabulatedFunction from arrays with length: 2
2025-11-23 16:26:50.732 [main] DEBUG r.s.t.c.l.f.ArrayTabulatedFunction - Successfully created ArrayTabulatedFunction with 2 points
2025-11-23 16:26:50.733 [main] DEBUG r.s.t.c.l.f.ArrayTabulatedFunction - Set y[0] from 1.0 to 5.0
2025-11-23 16:26:50.734 [main] INFO  r.s.t.c.l.f.ArrayTabulatedFunction - Creating ArrayTabulatedFunction from arrays with length: 3
2025-11-23 16:26:50.734 [main] DEBUG r.s.t.c.l.f.ArrayTabulatedFunction - Successfully created ArrayTabulatedFunction with 3 points
2025-11-23 16:26:50.735 [main] DEBUG r.s.t.c.l.f.ArrayTabulatedFunction - Found x=2.0 at index 1
2025-11-23 16:26:50.735 [main] DEBUG r.s.t.c.l.f.ArrayTabulatedFunction - x=5.0 not found in xValues
2025-11-23 16:26:50.736 [main] INFO  r.s.t.c.l.f.ArrayTabulatedFunction - Creating ArrayTabulatedFunction from arrays with length: 3
2025-11-23 16:26:50.738 [main] DEBUG r.s.t.c.l.f.ArrayTabulatedFunction - Successfully created ArrayTabulatedFunction with 3 points
2025-11-23 16:26:50.738 [main] DEBUG r.s.t.c.l.f.ArrayTabulatedFunction - Found y=4.0 at index 1
2025-11-23 16:26:50.738 [main] DEBUG r.s.t.c.l.f.ArrayTabulatedFunction - y=5.0 not found in yValues
2025-11-23 16:26:50.743 [main] INFO  r.s.t.c.l.f.ArrayTabulatedFunction - Creating ArrayTabulatedFunction from arrays with length: 2
2025-11-23 16:26:50.743 [main] DEBUG r.s.t.c.l.f.ArrayTabulatedFunction - Successfully created ArrayTabulatedFunction with 2 points
2025-11-23 16:26:50.744 [main] ERROR r.s.t.c.l.f.ArrayTabulatedFunction - Index out of bounds: index=-1, count=2
2025-11-23 16:26:50.744 [main] ERROR r.s.t.c.l.f.ArrayTabulatedFunction - Index out of bounds: index=2, count=2
2025-11-23 16:26:50.746 [main] INFO  r.s.t.c.l.f.ArrayTabulatedFunction - Creating ArrayTabulatedFunction from arrays with length: 2
2025-11-23 16:26:50.746 [main] DEBUG r.s.t.c.l.f.ArrayTabulatedFunction - Successfully created ArrayTabulatedFunction with 2 points
2025-11-23 16:26:50.747 [main] DEBUG r.s.t.c.l.f.ArrayTabulatedFunction - x=1.0 not found in xValues
2025-11-23 16:26:50.747 [main] DEBUG r.s.t.c.l.f.ArrayTabulatedFunction - Floor index for x=1.0 is 0
2025-11-23 16:26:50.747 [main] DEBUG r.s.t.c.l.f.ArrayTabulatedFunction - Interpolation for x=1.0 at floorIndex=0: result=2.0
2025-11-23 16:26:50.749 [main] INFO  r.s.t.c.l.f.ArrayTabulatedFunction - Creating ArrayTabulatedFunction from arrays with length: 3
2025-11-23 16:26:50.749 [main] DEBUG r.s.t.c.l.f.ArrayTabulatedFunction - Successfully created ArrayTabulatedFunction with 3 points
2025-11-23 16:26:50.750 [main] ERROR r.s.t.c.l.f.ArrayTabulatedFunction - X value 0.5 is less than left bound 1.0
2025-11-23 16:26:50.751 [main] INFO  r.s.t.c.l.f.ArrayTabulatedFunction - Creating ArrayTabulatedFunction from arrays with length: 3
2025-11-23 16:26:50.752 [main] DEBUG r.s.t.c.l.f.ArrayTabulatedFunction - Successfully created ArrayTabulatedFunction with 3 points
2025-11-23 16:26:50.752 [main] INFO  r.s.t.c.l.f.ArrayTabulatedFunction - Inserting point: x=2.0, y=25.0
2025-11-23 16:26:50.752 [main] DEBUG r.s.t.c.l.f.ArrayTabulatedFunction - Found x=2.0 at index 1
2025-11-23 16:26:50.752 [main] DEBUG r.s.t.c.l.f.ArrayTabulatedFunction - Point with x=2.0 already exists at index 1, updating y value
2025-11-23 16:26:50.754 [main] INFO  r.s.t.c.l.f.ArrayTabulatedFunction - Creating ArrayTabulatedFunction from arrays with length: 2
2025-11-23 16:26:50.754 [main] DEBUG r.s.t.c.l.f.ArrayTabulatedFunction - Successfully created ArrayTabulatedFunction with 2 points
2025-11-23 16:26:50.754 [main] ERROR r.s.t.c.l.f.ArrayTabulatedFunction - Index out of bounds: index=-1, count=2
2025-11-23 16:26:50.755 [main] ERROR r.s.t.c.l.f.ArrayTabulatedFunction - Index out of bounds: index=2, count=2
2025-11-23 16:26:50.757 [main] INFO  r.s.t.c.l.f.ArrayTabulatedFunction - Creating ArrayTabulatedFunction from arrays with length: 2
2025-11-23 16:26:50.757 [main] DEBUG r.s.t.c.l.f.ArrayTabulatedFunction - Successfully created ArrayTabulatedFunction with 2 points
2025-11-23 16:26:50.758 [main] ERROR r.s.t.c.l.f.ArrayTabulatedFunction - Index out of bounds: index=-1, count=2
2025-11-23 16:26:50.759 [main] ERROR r.s.t.c.l.f.ArrayTabulatedFunction - Index out of bounds: index=2, count=2
2025-11-23 16:26:50.760 [main] ERROR r.s.t.c.l.f.ArrayTabulatedFunction - Index out of bounds: index=5, count=2
2025-11-23 16:26:50.761 [main] INFO  r.s.t.c.l.f.ArrayTabulatedFunction - Creating ArrayTabulatedFunction from arrays with length: 3
2025-11-23 16:26:50.762 [main] DEBUG r.s.t.c.l.f.ArrayTabulatedFunction - Successfully created ArrayTabulatedFunction with 3 points
2025-11-23 16:26:50.762 [main] INFO  r.s.t.c.l.f.ArrayTabulatedFunction - Removing point at index 1
2025-11-23 16:26:50.762 [main] DEBUG r.s.t.c.l.f.ArrayTabulatedFunction - Successfully removed point at index 1. New count: 2
2025-11-23 16:26:50.764 [main] INFO  r.s.t.c.l.f.ArrayTabulatedFunction - Creating ArrayTabulatedFunction from function: xFrom=2.0, xTo=0.0, count=3
2025-11-23 16:26:50.764 [main] WARN  r.s.t.c.l.f.ArrayTabulatedFunction - xFrom (2.0) > xTo (0.0), swapping values
2025-11-23 16:26:50.764 [main] DEBUG r.s.t.c.l.f.ArrayTabulatedFunction - Step size: 1.0
2025-11-23 16:26:50.764 [main] INFO  r.s.t.c.l.f.ArrayTabulatedFunction - Successfully created ArrayTabulatedFunction from source function
2025-11-23 16:26:50.766 [main] INFO  r.s.t.c.l.f.ArrayTabulatedFunction - Creating ArrayTabulatedFunction from arrays with length: 3
2025-11-23 16:26:50.766 [main] DEBUG r.s.t.c.l.f.ArrayTabulatedFunction - Successfully created ArrayTabulatedFunction with 3 points
2025-11-23 16:26:50.767 [main] INFO  r.s.t.c.l.f.ArrayTabulatedFunction - Inserting point: x=3.0, y=30.0
2025-11-23 16:26:50.767 [main] DEBUG r.s.t.c.l.f.ArrayTabulatedFunction - x=3.0 not found in xValues
2025-11-23 16:26:50.767 [main] DEBUG r.s.t.c.l.f.ArrayTabulatedFunction - Successfully inserted point at index 2. New count: 4
2025-11-23 16:26:50.769 [main] INFO  r.s.t.c.l.f.ArrayTabulatedFunction - Creating ArrayTabulatedFunction from arrays with length: 4
2025-11-23 16:26:50.769 [main] DEBUG r.s.t.c.l.f.ArrayTabulatedFunction - Successfully created ArrayTabulatedFunction with 4 points
2025-11-23 16:26:50.771 [main] INFO  r.s.t.c.l.f.ArrayTabulatedFunction - Creating ArrayTabulatedFunction from arrays with length: 2
2025-11-23 16:26:50.772 [main] DEBUG r.s.t.c.l.f.ArrayTabulatedFunction - Successfully created ArrayTabulatedFunction with 2 points
2025-11-23 16:26:50.772 [main] INFO  r.s.t.c.l.f.ArrayTabulatedFunction - Inserting point: x=1.0, y=10.0
2025-11-23 16:26:50.772 [main] DEBUG r.s.t.c.l.f.ArrayTabulatedFunction - x=1.0 not found in xValues
2025-11-23 16:26:50.772 [main] DEBUG r.s.t.c.l.f.ArrayTabulatedFunction - Successfully inserted point at index 0. New count: 3
2025-11-23 16:26:50.773 [main] INFO  r.s.t.c.l.f.ArrayTabulatedFunction - Creating ArrayTabulatedFunction from arrays with length: 3
2025-11-23 16:26:50.773 [main] DEBUG r.s.t.c.l.f.ArrayTabulatedFunction - Successfully created ArrayTabulatedFunction with 3 points
2025-11-23 16:26:50.775 [main] INFO  r.s.t.c.l.f.ArrayTabulatedFunction - Creating ArrayTabulatedFunction from arrays with length: 2
2025-11-23 16:26:50.775 [main] DEBUG r.s.t.c.l.f.ArrayTabulatedFunction - Successfully created ArrayTabulatedFunction with 2 points
2025-11-23 16:26:50.776 [main] INFO  r.s.t.c.l.f.ArrayTabulatedFunction - Removing point at index 0
2025-11-23 16:26:50.776 [main] ERROR r.s.t.c.l.f.ArrayTabulatedFunction - Cannot remove point - minimum points count reached (current: 2)
2025-11-23 16:26:50.777 [main] INFO  r.s.t.c.l.f.ArrayTabulatedFunction - Removing point at index 1
2025-11-23 16:26:50.778 [main] ERROR r.s.t.c.l.f.ArrayTabulatedFunction - Cannot remove point - minimum points count reached (current: 2)
2025-11-23 16:26:50.779 [main] INFO  r.s.t.c.l.f.ArrayTabulatedFunction - Creating ArrayTabulatedFunction from arrays with length: 4
2025-11-23 16:26:50.779 [main] DEBUG r.s.t.c.l.f.ArrayTabulatedFunction - Successfully created ArrayTabulatedFunction with 4 points
2025-11-23 16:26:50.780 [main] ERROR r.s.t.c.l.f.ArrayTabulatedFunction - Iterator has no more elements
2025-11-23 16:26:50.781 [main] INFO  r.s.t.c.l.f.ArrayTabulatedFunction - Creating ArrayTabulatedFunction from arrays with length: 4
2025-11-23 16:26:50.782 [main] DEBUG r.s.t.c.l.f.ArrayTabulatedFunction - Successfully created ArrayTabulatedFunction with 4 points
2025-11-23 16:26:50.784 [main] INFO  r.s.t.c.l.f.ArrayTabulatedFunction - Creating ArrayTabulatedFunction from arrays with length: 2
2025-11-23 16:26:50.784 [main] DEBUG r.s.t.c.l.f.ArrayTabulatedFunction - Successfully created ArrayTabulatedFunction with 2 points
2025-11-23 16:26:50.805 [main] INFO  r.s.t.c.l.f.LinkedListTabulatedFunction - Creating LinkedListTabulatedFunction from arrays with length: 3
2025-11-23 16:26:50.805 [main] DEBUG r.s.t.c.l.f.LinkedListTabulatedFunction - Created first node in empty list
2025-11-23 16:26:50.805 [main] INFO  r.s.t.c.l.f.LinkedListTabulatedFunction - Successfully created LinkedListTabulatedFunction with 3 points
2025-11-23 16:26:50.805 [main] DEBUG r.s.t.c.l.f.LinkedListTabulatedFunction - Found x=2.0 at index 1
2025-11-23 16:26:50.805 [main] DEBUG r.s.t.c.l.f.LinkedListTabulatedFunction - x=1.5 not found in list
2025-11-23 16:26:50.805 [main] DEBUG r.s.t.c.l.f.LinkedListTabulatedFunction - Floor index for x=1.5 is 0
2025-11-23 16:26:50.805 [main] DEBUG r.s.t.c.l.f.LinkedListTabulatedFunction - Interpolation for x=1.5 at floorIndex=0: result=15.0
2025-11-23 16:26:50.807 [main] INFO  r.s.t.c.l.f.ArrayTabulatedFunction - Creating ArrayTabulatedFunction from function: xFrom=0.0, xTo=2.0, count=3
2025-11-23 16:26:50.807 [main] DEBUG r.s.t.c.l.f.ArrayTabulatedFunction - Step size: 1.0
2025-11-23 16:26:50.807 [main] INFO  r.s.t.c.l.f.ArrayTabulatedFunction - Successfully created ArrayTabulatedFunction from source function
2025-11-23 16:26:50.807 [main] DEBUG r.s.t.c.l.f.ArrayTabulatedFunction - Found x=1.0 at index 1
2025-11-23 16:26:50.807 [main] DEBUG r.s.t.c.l.f.ArrayTabulatedFunction - Found x=2.0 at index 2
2025-11-23 16:26:50.807 [main] DEBUG r.s.t.c.l.f.ArrayTabulatedFunction - x=1.5 not found in xValues
2025-11-23 16:26:50.807 [main] DEBUG r.s.t.c.l.f.ArrayTabulatedFunction - Floor index for x=1.5 is 1
2025-11-23 16:26:50.807 [main] DEBUG r.s.t.c.l.f.ArrayTabulatedFunction - Interpolation for x=1.5 at floorIndex=1: result=2.5
2025-11-23 16:26:50.809 [main] INFO  r.s.t.c.l.f.ArrayTabulatedFunction - Creating ArrayTabulatedFunction from function: xFrom=0.0, xTo=2.0, count=3
2025-11-23 16:26:50.810 [main] DEBUG r.s.t.c.l.f.ArrayTabulatedFunction - Step size: 1.0
2025-11-23 16:26:50.810 [main] INFO  r.s.t.c.l.f.ArrayTabulatedFunction - Successfully created ArrayTabulatedFunction from source function
2025-11-23 16:26:50.814 [main] INFO  r.s.t.c.l.f.LinkedListTabulatedFunction - Creating LinkedListTabulatedFunction from function: xFrom=0.0, xTo=4.0, count=3
2025-11-23 16:26:50.814 [main] DEBUG r.s.t.c.l.f.LinkedListTabulatedFunction - Step size: 2.0
2025-11-23 16:26:50.814 [main] DEBUG r.s.t.c.l.f.LinkedListTabulatedFunction - Created first node in empty list
2025-11-23 16:26:50.815 [main] INFO  r.s.t.c.l.f.LinkedListTabulatedFunction - Successfully created LinkedListTabulatedFunction from source function
2025-11-23 16:26:50.815 [main] DEBUG r.s.t.c.l.f.ArrayTabulatedFunction - Found x=0.0 at index 0
2025-11-23 16:26:50.815 [main] DEBUG r.s.t.c.l.f.LinkedListTabulatedFunction - Found x=0.0 at index 0
2025-11-23 16:26:50.815 [main] DEBUG r.s.t.c.l.f.ArrayTabulatedFunction - Found x=1.0 at index 1
2025-11-23 16:26:50.815 [main] DEBUG r.s.t.c.l.f.LinkedListTabulatedFunction - x=1.0 not found in list
2025-11-23 16:26:50.815 [main] DEBUG r.s.t.c.l.f.LinkedListTabulatedFunction - Floor index for x=1.0 is 0
2025-11-23 16:26:50.815 [main] DEBUG r.s.t.c.l.f.LinkedListTabulatedFunction - Interpolation for x=1.0 at floorIndex=0: result=2.0
2025-11-23 16:26:50.815 [main] DEBUG r.s.t.c.l.f.ArrayTabulatedFunction - Found x=2.0 at index 2
2025-11-23 16:26:50.815 [main] DEBUG r.s.t.c.l.f.LinkedListTabulatedFunction - Found x=4.0 at index 2
2025-11-23 16:26:50.815 [main] DEBUG r.s.t.c.l.f.ArrayTabulatedFunction - x=1.5 not found in xValues
2025-11-23 16:26:50.815 [main] DEBUG r.s.t.c.l.f.ArrayTabulatedFunction - Floor index for x=1.5 is 1
2025-11-23 16:26:50.815 [main] DEBUG r.s.t.c.l.f.ArrayTabulatedFunction - Interpolation for x=1.5 at floorIndex=1: result=2.5
2025-11-23 16:26:50.815 [main] DEBUG r.s.t.c.l.f.LinkedListTabulatedFunction - x=2.5 not found in list
2025-11-23 16:26:50.815 [main] DEBUG r.s.t.c.l.f.LinkedListTabulatedFunction - Floor index for x=2.5 is 1
2025-11-23 16:26:50.815 [main] DEBUG r.s.t.c.l.f.LinkedListTabulatedFunction - Interpolation for x=2.5 at floorIndex=1: result=5.0
2025-11-23 16:26:50.823 [main] INFO  r.s.t.c.l.f.LinkedListTabulatedFunction - Creating LinkedListTabulatedFunction from arrays with length: 4
2025-11-23 16:26:50.824 [main] DEBUG r.s.t.c.l.f.LinkedListTabulatedFunction - Created first node in empty list
2025-11-23 16:26:50.824 [main] INFO  r.s.t.c.l.f.LinkedListTabulatedFunction - Successfully created LinkedListTabulatedFunction with 4 points
2025-11-23 16:26:50.827 [main] INFO  r.s.t.c.l.f.ArrayTabulatedFunction - Creating ArrayTabulatedFunction from arrays with length: 2
2025-11-23 16:26:50.827 [main] DEBUG r.s.t.c.l.f.ArrayTabulatedFunction - Successfully created ArrayTabulatedFunction with 2 points
2025-11-23 16:26:50.827 [main] INFO  r.s.t.c.l.f.ArrayTabulatedFunction - Creating ArrayTabulatedFunction from arrays with length: 5
2025-11-23 16:26:50.827 [main] DEBUG r.s.t.c.l.f.ArrayTabulatedFunction - Successfully created ArrayTabulatedFunction with 5 points
2025-11-23 16:26:50.828 [main] INFO  r.s.t.c.l.f.ArrayTabulatedFunction - Creating ArrayTabulatedFunction from arrays with length: 3
2025-11-23 16:26:50.829 [main] DEBUG r.s.t.c.l.f.ArrayTabulatedFunction - Successfully created ArrayTabulatedFunction with 3 points
2025-11-23 16:26:50.830 [main] INFO  r.s.t.c.l.f.ArrayTabulatedFunction - Creating ArrayTabulatedFunction from arrays with length: 1
2025-11-23 16:26:50.832 [main] INFO  r.s.t.c.l.f.LinkedListTabulatedFunction - Creating LinkedListTabulatedFunction from arrays with length: 1
2025-11-23 16:26:50.832 [main] ERROR r.s.t.c.l.f.LinkedListTabulatedFunction - Array length 1 is less than minimum required (2)
2025-11-23 16:26:50.833 [main] INFO  r.s.t.c.l.f.ArrayTabulatedFunction - Creating ArrayTabulatedFunction from arrays with length: 0
2025-11-23 16:26:50.833 [main] INFO  r.s.t.c.l.f.LinkedListTabulatedFunction - Creating LinkedListTabulatedFunction from arrays with length: 0
2025-11-23 16:26:50.834 [main] ERROR r.s.t.c.l.f.LinkedListTabulatedFunction - Array length 0 is less than minimum required (2)
2025-11-23 16:26:50.835 [main] INFO  r.s.t.c.l.f.ArrayTabulatedFunction - Creating ArrayTabulatedFunction from arrays with length: 2
2025-11-23 16:26:50.835 [main] INFO  r.s.t.c.l.f.LinkedListTabulatedFunction - Creating LinkedListTabulatedFunction from arrays with length: 2
2025-11-23 16:26:50.836 [main] ERROR r.s.t.c.l.f.LinkedListTabulatedFunction - Arrays length mismatch: x.length=2, y.length=1
2025-11-23 16:26:50.838 [main] INFO  r.s.t.c.l.f.ArrayTabulatedFunction - Creating ArrayTabulatedFunction from arrays with length: 2
2025-11-23 16:26:50.838 [main] DEBUG r.s.t.c.l.f.ArrayTabulatedFunction - Successfully created ArrayTabulatedFunction with 2 points
2025-11-23 16:26:50.838 [main] INFO  r.s.t.c.l.f.ArrayTabulatedFunction - Creating ArrayTabulatedFunction from arrays with length: 2
2025-11-23 16:26:50.838 [main] DEBUG r.s.t.c.l.f.ArrayTabulatedFunction - Successfully created ArrayTabulatedFunction with 2 points
2025-11-23 16:26:50.839 [main] DEBUG r.s.t.c.l.f.ArrayTabulatedFunction - Set y[0] from 1.0 to 100.0
2025-11-23 16:26:50.840 [main] INFO  r.s.t.c.l.f.ArrayTabulatedFunction - Creating ArrayTabulatedFunction from arrays with length: 3
2025-11-23 16:26:50.841 [main] DEBUG r.s.t.c.l.f.ArrayTabulatedFunction - Successfully created ArrayTabulatedFunction with 3 points
2025-11-23 16:26:50.841 [main] INFO  r.s.t.c.l.f.LinkedListTabulatedFunction - Creating LinkedListTabulatedFunction from arrays with length: 3
2025-11-23 16:26:50.841 [main] DEBUG r.s.t.c.l.f.LinkedListTabulatedFunction - Created first node in empty list
2025-11-23 16:26:50.841 [main] INFO  r.s.t.c.l.f.LinkedListTabulatedFunction - Successfully created LinkedListTabulatedFunction with 3 points
2025-11-23 16:26:50.843 [main] INFO  r.s.t.c.l.f.LinkedListTabulatedFunction - Creating LinkedListTabulatedFunction from arrays with length: 2
2025-11-23 16:26:50.843 [main] DEBUG r.s.t.c.l.f.LinkedListTabulatedFunction - Created first node in empty list
2025-11-23 16:26:50.843 [main] INFO  r.s.t.c.l.f.LinkedListTabulatedFunction - Successfully created LinkedListTabulatedFunction with 2 points
2025-11-23 16:26:50.843 [main] INFO  r.s.t.c.l.f.LinkedListTabulatedFunction - Creating LinkedListTabulatedFunction from arrays with length: 5
2025-11-23 16:26:50.843 [main] DEBUG r.s.t.c.l.f.LinkedListTabulatedFunction - Created first node in empty list
2025-11-23 16:26:50.843 [main] INFO  r.s.t.c.l.f.LinkedListTabulatedFunction - Successfully created LinkedListTabulatedFunction with 5 points
2025-11-23 16:26:50.849 [main] INFO  r.s.t.c.l.f.LinkedListTabulatedFunction - Creating LinkedListTabulatedFunction from arrays with length: 3
2025-11-23 16:26:50.849 [main] DEBUG r.s.t.c.l.f.LinkedListTabulatedFunction - Created first node in empty list
2025-11-23 16:26:50.849 [main] INFO  r.s.t.c.l.f.LinkedListTabulatedFunction - Successfully created LinkedListTabulatedFunction with 3 points
2025-11-23 16:26:50.850 [main] INFO  r.s.t.c.l.f.LinkedListTabulatedFunction - Creating LinkedListTabulatedFunction from arrays with length: 3
2025-11-23 16:26:50.851 [main] DEBUG r.s.t.c.l.f.LinkedListTabulatedFunction - Created first node in empty list
2025-11-23 16:26:50.851 [main] INFO  r.s.t.c.l.f.LinkedListTabulatedFunction - Successfully created LinkedListTabulatedFunction with 3 points
2025-11-23 16:26:50.851 [main] INFO  r.s.t.c.l.f.LinkedListTabulatedFunction - Removing point at index 0
2025-11-23 16:26:50.851 [main] DEBUG r.s.t.c.l.f.LinkedListTabulatedFunction - Removed head node, new head set
2025-11-23 16:26:50.851 [main] DEBUG r.s.t.c.l.f.LinkedListTabulatedFunction - Successfully removed point at index 0. New count: 2
2025-11-23 16:26:50.851 [main] INFO  r.s.t.c.l.f.LinkedListTabulatedFunction - Removing point at index 0
2025-11-23 16:26:50.852 [main] ERROR r.s.t.c.l.f.LinkedListTabulatedFunction - Cannot remove point - minimum points count reached (current: 2)
2025-11-23 16:26:50.853 [main] INFO  r.s.t.c.l.f.LinkedListTabulatedFunction - Creating LinkedListTabulatedFunction from function: xFrom=2.0, xTo=0.0, count=3
2025-11-23 16:26:50.854 [main] WARN  r.s.t.c.l.f.LinkedListTabulatedFunction - xFrom (2.0) > xTo (0.0), swapping values
2025-11-23 16:26:50.854 [main] DEBUG r.s.t.c.l.f.LinkedListTabulatedFunction - Step size: 1.0
2025-11-23 16:26:50.854 [main] DEBUG r.s.t.c.l.f.LinkedListTabulatedFunction - Created first node in empty list
2025-11-23 16:26:50.854 [main] INFO  r.s.t.c.l.f.LinkedListTabulatedFunction - Successfully created LinkedListTabulatedFunction from source function
2025-11-23 16:26:50.855 [main] INFO  r.s.t.c.l.f.LinkedListTabulatedFunction - Creating LinkedListTabulatedFunction from arrays with length: 2
2025-11-23 16:26:50.855 [main] DEBUG r.s.t.c.l.f.LinkedListTabulatedFunction - Created first node in empty list
2025-11-23 16:26:50.855 [main] INFO  r.s.t.c.l.f.LinkedListTabulatedFunction - Successfully created LinkedListTabulatedFunction with 2 points
2025-11-23 16:26:50.855 [main] DEBUG r.s.t.c.l.f.LinkedListTabulatedFunction - x=1.0 not found in list
2025-11-23 16:26:50.855 [main] DEBUG r.s.t.c.l.f.LinkedListTabulatedFunction - Floor index for x=1.0 is 0
2025-11-23 16:26:50.856 [main] DEBUG r.s.t.c.l.f.LinkedListTabulatedFunction - Interpolation for x=1.0 at floorIndex=0: result=2.0
2025-11-23 16:26:50.857 [main] INFO  r.s.t.c.l.f.LinkedListTabulatedFunction - Creating LinkedListTabulatedFunction from function: xFrom=3.0, xTo=3.0, count=4
2025-11-23 16:26:50.858 [main] DEBUG r.s.t.c.l.f.LinkedListTabulatedFunction - xFrom equals xTo, creating constant function
2025-11-23 16:26:50.858 [main] DEBUG r.s.t.c.l.f.LinkedListTabulatedFunction - Created first node in empty list
2025-11-23 16:26:50.859 [main] INFO  r.s.t.c.l.f.LinkedListTabulatedFunction - Successfully created LinkedListTabulatedFunction from source function
2025-11-23 16:26:50.860 [main] INFO  r.s.t.c.l.f.LinkedListTabulatedFunction - Creating LinkedListTabulatedFunction from arrays with length: 2
2025-11-23 16:26:50.861 [main] DEBUG r.s.t.c.l.f.LinkedListTabulatedFunction - Created first node in empty list
2025-11-23 16:26:50.861 [main] INFO  r.s.t.c.l.f.LinkedListTabulatedFunction - Successfully created LinkedListTabulatedFunction with 2 points
2025-11-23 16:26:50.861 [main] DEBUG r.s.t.c.l.f.LinkedListTabulatedFunction - Set y[1] from 1.0 to 10.0
2025-11-23 16:26:50.863 [main] INFO  r.s.t.c.l.f.LinkedListTabulatedFunction - Creating LinkedListTabulatedFunction from arrays with length: 7
2025-11-23 16:26:50.863 [main] DEBUG r.s.t.c.l.f.LinkedListTabulatedFunction - Created first node in empty list
2025-11-23 16:26:50.863 [main] INFO  r.s.t.c.l.f.LinkedListTabulatedFunction - Successfully created LinkedListTabulatedFunction with 7 points
2025-11-23 16:26:50.864 [main] ERROR r.s.t.c.l.f.LinkedListTabulatedFunction - Interpolation error: x=2.5 not in interval [3.0, 4.0]
2025-11-23 16:26:50.867 [main] INFO  r.s.t.c.l.f.LinkedListTabulatedFunction - Creating LinkedListTabulatedFunction from function: xFrom=0.0, xTo=2.0, count=1
2025-11-23 16:26:50.867 [main] ERROR r.s.t.c.l.f.LinkedListTabulatedFunction - Count 1 is less than minimum required (2)
2025-11-23 16:26:50.869 [main] INFO  r.s.t.c.l.f.LinkedListTabulatedFunction - Creating LinkedListTabulatedFunction from arrays with length: 3
2025-11-23 16:26:50.869 [main] DEBUG r.s.t.c.l.f.LinkedListTabulatedFunction - Created first node in empty list
2025-11-23 16:26:50.870 [main] INFO  r.s.t.c.l.f.LinkedListTabulatedFunction - Successfully created LinkedListTabulatedFunction with 3 points
2025-11-23 16:26:50.870 [main] INFO  r.s.t.c.l.f.LinkedListTabulatedFunction - Removing point at index 0
2025-11-23 16:26:50.870 [main] DEBUG r.s.t.c.l.f.LinkedListTabulatedFunction - Removed head node, new head set
2025-11-23 16:26:50.870 [main] DEBUG r.s.t.c.l.f.LinkedListTabulatedFunction - Successfully removed point at index 0. New count: 2
2025-11-23 16:26:50.871 [main] INFO  r.s.t.c.l.f.LinkedListTabulatedFunction - Creating LinkedListTabulatedFunction from arrays with length: 2
2025-11-23 16:26:50.872 [main] DEBUG r.s.t.c.l.f.LinkedListTabulatedFunction - Created first node in empty list
2025-11-23 16:26:50.872 [main] INFO  r.s.t.c.l.f.LinkedListTabulatedFunction - Successfully created LinkedListTabulatedFunction with 2 points
2025-11-23 16:26:50.872 [main] INFO  r.s.t.c.l.f.LinkedListTabulatedFunction - Inserting point: x=3.0, y=9.0
2025-11-23 16:26:50.872 [main] DEBUG r.s.t.c.l.f.LinkedListTabulatedFunction - Inserted node at end of list
2025-11-23 16:26:50.874 [main] INFO  r.s.t.c.l.f.LinkedListTabulatedFunction - Creating LinkedListTabulatedFunction from function: xFrom=0.0, xTo=2.0, count=3
2025-11-23 16:26:50.874 [main] DEBUG r.s.t.c.l.f.LinkedListTabulatedFunction - Step size: 1.0
2025-11-23 16:26:50.874 [main] DEBUG r.s.t.c.l.f.LinkedListTabulatedFunction - Created first node in empty list
2025-11-23 16:26:50.875 [main] INFO  r.s.t.c.l.f.LinkedListTabulatedFunction - Successfully created LinkedListTabulatedFunction from source function
2025-11-23 16:26:50.876 [main] INFO  r.s.t.c.l.f.LinkedListTabulatedFunction - Creating LinkedListTabulatedFunction from arrays with length: 3
2025-11-23 16:26:50.877 [main] DEBUG r.s.t.c.l.f.LinkedListTabulatedFunction - Created first node in empty list
2025-11-23 16:26:50.877 [main] INFO  r.s.t.c.l.f.LinkedListTabulatedFunction - Successfully created LinkedListTabulatedFunction with 3 points
2025-11-23 16:26:50.877 [main] DEBUG r.s.t.c.l.f.LinkedListTabulatedFunction - Found x=2.0 at index 1
2025-11-23 16:26:50.877 [main] DEBUG r.s.t.c.l.f.LinkedListTabulatedFunction - x=5.0 not found in list
2025-11-23 16:26:50.878 [main] INFO  r.s.t.c.l.f.LinkedListTabulatedFunction - Creating LinkedListTabulatedFunction from arrays with length: 3
2025-11-23 16:26:50.879 [main] DEBUG r.s.t.c.l.f.LinkedListTabulatedFunction - Created first node in empty list
2025-11-23 16:26:50.879 [main] INFO  r.s.t.c.l.f.LinkedListTabulatedFunction - Successfully created LinkedListTabulatedFunction with 3 points
2025-11-23 16:26:50.880 [main] INFO  r.s.t.c.l.f.LinkedListTabulatedFunction - Removing point at index 2
2025-11-23 16:26:50.880 [main] DEBUG r.s.t.c.l.f.LinkedListTabulatedFunction - Successfully removed point at index 2. New count: 2
2025-11-23 16:26:50.882 [main] INFO  r.s.t.c.l.f.LinkedListTabulatedFunction - Creating LinkedListTabulatedFunction from arrays with length: 0
2025-11-23 16:26:50.882 [main] ERROR r.s.t.c.l.f.LinkedListTabulatedFunction - Array length 0 is less than minimum required (2)
2025-11-23 16:26:50.884 [main] INFO  r.s.t.c.l.f.LinkedListTabulatedFunction - Creating LinkedListTabulatedFunction from arrays with length: 2
2025-11-23 16:26:50.884 [main] DEBUG r.s.t.c.l.f.LinkedListTabulatedFunction - Created first node in empty list
2025-11-23 16:26:50.884 [main] INFO  r.s.t.c.l.f.LinkedListTabulatedFunction - Successfully created LinkedListTabulatedFunction with 2 points
2025-11-23 16:26:50.885 [main] ERROR r.s.t.c.l.f.LinkedListTabulatedFunction - Node index out of bounds: index=-1, count=2
2025-11-23 16:26:50.887 [main] ERROR r.s.t.c.l.f.LinkedListTabulatedFunction - Node index out of bounds: index=2, count=2
2025-11-23 16:26:50.889 [main] INFO  r.s.t.c.l.f.LinkedListTabulatedFunction - Creating LinkedListTabulatedFunction from arrays with length: 2
2025-11-23 16:26:50.890 [main] DEBUG r.s.t.c.l.f.LinkedListTabulatedFunction - Created first node in empty list
2025-11-23 16:26:50.890 [main] INFO  r.s.t.c.l.f.LinkedListTabulatedFunction - Successfully created LinkedListTabulatedFunction with 2 points
2025-11-23 16:26:50.891 [main] ERROR r.s.t.c.l.f.LinkedListTabulatedFunction - Node index out of bounds: index=-1, count=2
2025-11-23 16:26:50.891 [main] ERROR r.s.t.c.l.f.LinkedListTabulatedFunction - Node index out of bounds: index=2, count=2
2025-11-23 16:26:50.893 [main] INFO  r.s.t.c.l.f.LinkedListTabulatedFunction - Creating LinkedListTabulatedFunction from arrays with length: 3
2025-11-23 16:26:50.893 [main] DEBUG r.s.t.c.l.f.LinkedListTabulatedFunction - Created first node in empty list
2025-11-23 16:26:50.893 [main] INFO  r.s.t.c.l.f.LinkedListTabulatedFunction - Successfully created LinkedListTabulatedFunction with 3 points
2025-11-23 16:26:50.893 [main] INFO  r.s.t.c.l.f.LinkedListTabulatedFunction - Inserting point: x=2.0, y=5.0
2025-11-23 16:26:50.893 [main] DEBUG r.s.t.c.l.f.LinkedListTabulatedFunction - Point with x=2.0 already exists, updating y value
2025-11-23 16:26:50.895 [main] INFO  r.s.t.c.l.f.LinkedListTabulatedFunction - Creating LinkedListTabulatedFunction from arrays with length: 3
2025-11-23 16:26:50.895 [main] DEBUG r.s.t.c.l.f.LinkedListTabulatedFunction - Created first node in empty list
2025-11-23 16:26:50.895 [main] INFO  r.s.t.c.l.f.LinkedListTabulatedFunction - Successfully created LinkedListTabulatedFunction with 3 points
2025-11-23 16:26:50.896 [main] DEBUG r.s.t.c.l.f.LinkedListTabulatedFunction - Found y=20.0 at index 1
2025-11-23 16:26:50.898 [main] INFO  r.s.t.c.l.f.LinkedListTabulatedFunction - Creating LinkedListTabulatedFunction from arrays with length: 2
2025-11-23 16:26:50.899 [main] DEBUG r.s.t.c.l.f.LinkedListTabulatedFunction - Created first node in empty list
2025-11-23 16:26:50.899 [main] INFO  r.s.t.c.l.f.LinkedListTabulatedFunction - Successfully created LinkedListTabulatedFunction with 2 points
2025-11-23 16:26:50.900 [main] ERROR r.s.t.c.l.f.LinkedListTabulatedFunction - Node index out of bounds: index=-1, count=2
2025-11-23 16:26:50.903 [main] ERROR r.s.t.c.l.f.LinkedListTabulatedFunction - Node index out of bounds: index=2, count=2
2025-11-23 16:26:50.905 [main] INFO  r.s.t.c.l.f.LinkedListTabulatedFunction - Creating LinkedListTabulatedFunction from arrays with length: 2
2025-11-23 16:26:50.905 [main] DEBUG r.s.t.c.l.f.LinkedListTabulatedFunction - Created first node in empty list
2025-11-23 16:26:50.905 [main] INFO  r.s.t.c.l.f.LinkedListTabulatedFunction - Successfully created LinkedListTabulatedFunction with 2 points
2025-11-23 16:26:50.906 [main] INFO  r.s.t.c.l.f.LinkedListTabulatedFunction - Removing point at index -1
2025-11-23 16:26:50.906 [main] ERROR r.s.t.c.l.f.LinkedListTabulatedFunction - Index out of bounds: index=-1, count=2
2025-11-23 16:26:50.907 [main] INFO  r.s.t.c.l.f.LinkedListTabulatedFunction - Removing point at index 2
2025-11-23 16:26:50.908 [main] ERROR r.s.t.c.l.f.LinkedListTabulatedFunction - Index out of bounds: index=2, count=2
2025-11-23 16:26:50.909 [main] INFO  r.s.t.c.l.f.LinkedListTabulatedFunction - Removing point at index 5
2025-11-23 16:26:50.909 [main] ERROR r.s.t.c.l.f.LinkedListTabulatedFunction - Index out of bounds: index=5, count=2
2025-11-23 16:26:50.911 [main] INFO  r.s.t.c.l.f.LinkedListTabulatedFunction - Creating LinkedListTabulatedFunction from arrays with length: 3
2025-11-23 16:26:50.911 [main] DEBUG r.s.t.c.l.f.LinkedListTabulatedFunction - Created first node in empty list
2025-11-23 16:26:50.911 [main] INFO  r.s.t.c.l.f.LinkedListTabulatedFunction - Successfully created LinkedListTabulatedFunction with 3 points
2025-11-23 16:26:50.912 [main] INFO  r.s.t.c.l.f.LinkedListTabulatedFunction - Creating LinkedListTabulatedFunction from arrays with length: 4
2025-11-23 16:26:50.913 [main] DEBUG r.s.t.c.l.f.LinkedListTabulatedFunction - Created first node in empty list
2025-11-23 16:26:50.913 [main] INFO  r.s.t.c.l.f.LinkedListTabulatedFunction - Successfully created LinkedListTabulatedFunction with 4 points
2025-11-23 16:26:50.913 [main] DEBUG r.s.t.c.l.f.LinkedListTabulatedFunction - Floor index for x=0.5 is 0
2025-11-23 16:26:50.913 [main] DEBUG r.s.t.c.l.f.LinkedListTabulatedFunction - Floor index for x=1.9 is 1
2025-11-23 16:26:50.913 [main] DEBUG r.s.t.c.l.f.LinkedListTabulatedFunction - X value 3.0 is greater than or equal to right bound, returning count-1=3
2025-11-23 16:26:50.913 [main] DEBUG r.s.t.c.l.f.LinkedListTabulatedFunction - X value 10.0 is greater than or equal to right bound, returning count-1=3
2025-11-23 16:26:50.914 [main] INFO  r.s.t.c.l.f.LinkedListTabulatedFunction - Creating LinkedListTabulatedFunction from arrays with length: 4
2025-11-23 16:26:50.914 [main] DEBUG r.s.t.c.l.f.LinkedListTabulatedFunction - Created first node in empty list
2025-11-23 16:26:50.914 [main] INFO  r.s.t.c.l.f.LinkedListTabulatedFunction - Successfully created LinkedListTabulatedFunction with 4 points
2025-11-23 16:26:50.914 [main] INFO  r.s.t.c.l.f.LinkedListTabulatedFunction - Removing point at index 0
2025-11-23 16:26:50.914 [main] DEBUG r.s.t.c.l.f.LinkedListTabulatedFunction - Removed head node, new head set
2025-11-23 16:26:50.914 [main] DEBUG r.s.t.c.l.f.LinkedListTabulatedFunction - Successfully removed point at index 0. New count: 3
2025-11-23 16:26:50.914 [main] INFO  r.s.t.c.l.f.LinkedListTabulatedFunction - Removing point at index 2
2025-11-23 16:26:50.915 [main] DEBUG r.s.t.c.l.f.LinkedListTabulatedFunction - Successfully removed point at index 2. New count: 2
2025-11-23 16:26:50.916 [main] INFO  r.s.t.c.l.f.LinkedListTabulatedFunction - Creating LinkedListTabulatedFunction from arrays with length: 2
2025-11-23 16:26:50.916 [main] DEBUG r.s.t.c.l.f.LinkedListTabulatedFunction - Created first node in empty list
2025-11-23 16:26:50.916 [main] INFO  r.s.t.c.l.f.LinkedListTabulatedFunction - Successfully created LinkedListTabulatedFunction with 2 points
2025-11-23 16:26:50.916 [main] DEBUG r.s.t.c.l.f.LinkedListTabulatedFunction - Right extrapolation for x=3.0: result=7.0
2025-11-23 16:26:50.919 [main] INFO  r.s.t.c.l.f.LinkedListTabulatedFunction - Creating LinkedListTabulatedFunction from arrays with length: 3
2025-11-23 16:26:50.919 [main] DEBUG r.s.t.c.l.f.LinkedListTabulatedFunction - Created first node in empty list
2025-11-23 16:26:50.919 [main] INFO  r.s.t.c.l.f.LinkedListTabulatedFunction - Successfully created LinkedListTabulatedFunction with 3 points
2025-11-23 16:26:50.919 [main] INFO  r.s.t.c.l.f.LinkedListTabulatedFunction - Inserting point: x=0.5, y=0.25
2025-11-23 16:26:50.920 [main] DEBUG r.s.t.c.l.f.LinkedListTabulatedFunction - Inserted node at beginning of list
2025-11-23 16:26:50.921 [main] INFO  r.s.t.c.l.f.LinkedListTabulatedFunction - Creating LinkedListTabulatedFunction from arrays with length: 2
2025-11-23 16:26:50.921 [main] DEBUG r.s.t.c.l.f.LinkedListTabulatedFunction - Created first node in empty list
2025-11-23 16:26:50.921 [main] INFO  r.s.t.c.l.f.LinkedListTabulatedFunction - Successfully created LinkedListTabulatedFunction with 2 points
2025-11-23 16:26:50.921 [main] DEBUG r.s.t.c.l.f.LinkedListTabulatedFunction - Left extrapolation for x=0.0: result=-2.0
2025-11-23 16:26:50.923 [main] INFO  r.s.t.c.l.f.LinkedListTabulatedFunction - Creating LinkedListTabulatedFunction from arrays with length: 3
2025-11-23 16:26:50.923 [main] DEBUG r.s.t.c.l.f.LinkedListTabulatedFunction - Created first node in empty list
2025-11-23 16:26:50.923 [main] INFO  r.s.t.c.l.f.LinkedListTabulatedFunction - Successfully created LinkedListTabulatedFunction with 3 points
2025-11-23 16:26:50.923 [main] DEBUG r.s.t.c.l.f.LinkedListTabulatedFunction - y=1337.0 not found in list
2025-11-23 16:26:50.924 [main] INFO  r.s.t.c.l.f.LinkedListTabulatedFunction - Creating LinkedListTabulatedFunction from arrays with length: 3
2025-11-23 16:26:50.924 [main] DEBUG r.s.t.c.l.f.LinkedListTabulatedFunction - Created first node in empty list
2025-11-23 16:26:50.924 [main] INFO  r.s.t.c.l.f.LinkedListTabulatedFunction - Successfully created LinkedListTabulatedFunction with 3 points
2025-11-23 16:26:50.925 [main] ERROR r.s.t.c.l.f.LinkedListTabulatedFunction - X value 0.5 is less than left bound 1.0
2025-11-23 16:26:50.927 [main] INFO  r.s.t.c.l.f.LinkedListTabulatedFunction - Creating LinkedListTabulatedFunction from arrays with length: 4
2025-11-23 16:26:50.927 [main] DEBUG r.s.t.c.l.f.LinkedListTabulatedFunction - Created first node in empty list
2025-11-23 16:26:50.927 [main] INFO  r.s.t.c.l.f.LinkedListTabulatedFunction - Successfully created LinkedListTabulatedFunction with 4 points
2025-11-23 16:26:50.927 [main] INFO  r.s.t.c.l.f.LinkedListTabulatedFunction - Removing point at index 1
2025-11-23 16:26:50.927 [main] DEBUG r.s.t.c.l.f.LinkedListTabulatedFunction - Successfully removed point at index 1. New count: 3
2025-11-23 16:26:50.929 [main] INFO  r.s.t.c.l.f.LinkedListTabulatedFunction - Creating LinkedListTabulatedFunction from arrays with length: 1
2025-11-23 16:26:50.930 [main] ERROR r.s.t.c.l.f.LinkedListTabulatedFunction - Array length 1 is less than minimum required (2)
2025-11-23 16:26:50.985 [main] INFO  r.s.t.c.laba2.jdbc.FunctionDAOTest - Инициализация тестового окружения FunctionDAO
2025-11-23 16:26:51.150 [main] DEBUG r.s.t.c.laba2.jdbc.FunctionDAOTest - Создана тестовая функция: Function{id=null, userId=1, name='test_func_voluptatum_1763900811148', signature='x'}
2025-11-23 16:26:51.152 [main] INFO  r.s.t.c.laba2.jdbc.FunctionDAOTest - Запуск теста: создание функции
2025-11-23 16:26:51.152 [main] INFO  r.s.t.c.laba2.jdbc.FunctionDAO - Создание новой функции: Function{id=null, userId=1, name='test_func_voluptatum_1763900811148', signature='x'}
2025-11-23 16:26:51.347 [main] DEBUG r.s.t.c.laba2.jdbc.FunctionDAO - Выполнение SQL: INSERT INTO functions (u_id, name, signature) VALUES (?, ?, ?) с параметрами u_id=1, name=test_func_voluptatum_1763900811148, signature=***
2025-11-23 16:26:51.356 [main] DEBUG r.s.t.c.laba2.jdbc.FunctionDAO - Количество затронутых строк: 1
2025-11-23 16:26:51.356 [main] INFO  r.s.t.c.laba2.jdbc.FunctionDAO - Функция успешно создана с ID: 40245
2025-11-23 16:26:51.358 [main] INFO  r.s.t.c.laba2.jdbc.FunctionDAOTest - Успешно создана функция с ID: 40245
2025-11-23 16:26:51.359 [main] INFO  r.s.t.c.laba2.jdbc.FunctionDAOTest - Запуск теста: поиск функции по ID
2025-11-23 16:26:51.359 [main] DEBUG r.s.t.c.laba2.jdbc.FunctionDAO - Поиск функции по ID: 40245
2025-11-23 16:26:51.385 [main] DEBUG r.s.t.c.laba2.jdbc.FunctionDAO - Выполнение SQL: SELECT id, u_id, name, signature FROM functions WHERE id = ? с параметром id=40245
2025-11-23 16:26:51.387 [main] DEBUG r.s.t.c.laba2.jdbc.FunctionDAO - Найдена функция: Function{id=40245, userId=1, name='test_func_voluptatum_1763900811148', signature='x'}
2025-11-23 16:26:51.388 [main] DEBUG r.s.t.c.laba2.jdbc.FunctionDAOTest - Найдена функция: Function{id=40245, userId=1, name='test_func_voluptatum_1763900811148', signature='x'}
2025-11-23 16:26:51.389 [main] INFO  r.s.t.c.laba2.jdbc.FunctionDAOTest - Запуск теста: поиск функций по ID пользователя
2025-11-23 16:26:51.389 [main] DEBUG r.s.t.c.laba2.jdbc.FunctionDAO - Поиск функций по ID пользователя: 1
2025-11-23 16:26:51.528 [main] DEBUG r.s.t.c.laba2.jdbc.FunctionDAO - Выполнение SQL: SELECT id, u_id, name, signature FROM functions WHERE u_id = ? с параметром userId=1
2025-11-23 16:26:51.530 [main] DEBUG r.s.t.c.laba2.jdbc.FunctionDAO - Найдено 58 функций для пользователя 1
2025-11-23 16:26:51.531 [main] INFO  r.s.t.c.laba2.jdbc.FunctionDAOTest - Найдено 58 функций для пользователя с ID: 1
2025-11-23 16:26:51.533 [main] INFO  r.s.t.c.laba2.jdbc.FunctionDAOTest - Запуск теста: поиск функций по имени (частичное совпадение)
2025-11-23 16:26:51.533 [main] DEBUG r.s.t.c.laba2.jdbc.FunctionDAO - Поиск функций по имени: test_fun
2025-11-23 16:26:51.557 [main] DEBUG r.s.t.c.laba2.jdbc.FunctionDAO - Выполнение SQL: SELECT id, u_id, name, signature FROM functions WHERE name LIKE ? с параметром name=%test_fun%
2025-11-23 16:26:51.560 [main] DEBUG r.s.t.c.laba2.jdbc.FunctionDAO - Найдено 58 функций по шаблону имени: test_fun
2025-11-23 16:26:51.561 [main] INFO  r.s.t.c.laba2.jdbc.FunctionDAOTest - Найдено 58 функций по частичному имени 'test_fun'
2025-11-23 16:26:51.562 [main] INFO  r.s.t.c.laba2.jdbc.FunctionDAOTest - Запуск теста: поиск функций по имени и ID пользователя
2025-11-23 16:26:51.562 [main] DEBUG r.s.t.c.laba2.jdbc.FunctionDAO - Поиск функций по имени test_func_voluptatum_1763900811148 и ID пользователя 1
2025-11-23 16:26:51.586 [main] DEBUG r.s.t.c.laba2.jdbc.FunctionDAO - Выполнение SQL: SELECT id, u_id, name, signature FROM functions WHERE name = ? AND u_id = ? с параметрами name=test_func_voluptatum_1763900811148, userId=1
2025-11-23 16:26:51.589 [main] DEBUG r.s.t.c.laba2.jdbc.FunctionDAO - Найдено 1 функций по имени и ID пользователя
2025-11-23 16:26:51.589 [main] DEBUG r.s.t.c.laba2.jdbc.FunctionDAOTest - Найдена функция по имени и пользователю: Function{id=40245, userId=1, name='test_func_voluptatum_1763900811148', signature='x'}
2025-11-23 16:26:51.590 [main] INFO  r.s.t.c.laba2.jdbc.FunctionDAOTest - Запуск теста: проверка существования функции по имени и пользователю
2025-11-23 16:26:51.590 [main] DEBUG r.s.t.c.laba2.jdbc.FunctionDAO - Проверка существования функции с именем test_func_voluptatum_1763900811148 для пользователя 1
2025-11-23 16:26:51.612 [main] DEBUG r.s.t.c.laba2.jdbc.FunctionDAO - Выполнение SQL: SELECT 1 FROM functions WHERE name = ? AND u_id = ? LIMIT 1 с параметрами name=test_func_voluptatum_1763900811148, userId=1
2025-11-23 16:26:51.615 [main] DEBUG r.s.t.c.laba2.jdbc.FunctionDAO - Функция с именем test_func_voluptatum_1763900811148 для пользователя 1 существует
2025-11-23 16:26:51.616 [main] DEBUG r.s.t.c.laba2.jdbc.FunctionDAO - Проверка существования функции с именем non_existent_function_name для пользователя 1
2025-11-23 16:26:51.749 [main] DEBUG r.s.t.c.laba2.jdbc.FunctionDAO - Выполнение SQL: SELECT 1 FROM functions WHERE name = ? AND u_id = ? LIMIT 1 с параметрами name=non_existent_function_name, userId=1
2025-11-23 16:26:51.753 [main] DEBUG r.s.t.c.laba2.jdbc.FunctionDAO - Функция с именем non_existent_function_name для пользователя 1 не существует
2025-11-23 16:26:51.753 [main] INFO  r.s.t.c.laba2.jdbc.FunctionDAOTest - Проверка существования функции завершена успешно
2025-11-23 16:26:51.755 [main] INFO  r.s.t.c.laba2.jdbc.FunctionDAOTest - Запуск теста: обновление функции
2025-11-23 16:26:51.755 [main] INFO  r.s.t.c.laba2.jdbc.FunctionDAO - Обновление функции с ID: 40245
2025-11-23 16:26:51.951 [main] DEBUG r.s.t.c.laba2.jdbc.FunctionDAO - Выполнение SQL: UPDATE functions SET u_id = ?, name = ?, signature = ? WHERE id = ? с параметрами u_id=2, name=updated_func_1763900811755, signature=***, id=40245
2025-11-23 16:26:51.953 [main] INFO  r.s.t.c.laba2.jdbc.FunctionDAO - Функция с ID 40245 успешно обновлена
2025-11-23 16:26:51.953 [main] DEBUG r.s.t.c.laba2.jdbc.FunctionDAO - Поиск функции по ID: 40245
2025-11-23 16:26:52.098 [main] DEBUG r.s.t.c.laba2.jdbc.FunctionDAO - Выполнение SQL: SELECT id, u_id, name, signature FROM functions WHERE id = ? с параметром id=40245
2025-11-23 16:26:52.102 [main] DEBUG r.s.t.c.laba2.jdbc.FunctionDAO - Найдена функция: Function{id=40245, userId=2, name='updated_func_1763900811755', signature='x^2'}
2025-11-23 16:26:52.102 [main] INFO  r.s.t.c.laba2.jdbc.FunctionDAOTest - Функция успешно обновлена: Function{id=40245, userId=2, name='updated_func_1763900811755', signature='x^2'}
2025-11-23 16:26:52.105 [main] INFO  r.s.t.c.laba2.jdbc.FunctionDAOTest - Запуск теста: обновление только сигнатуры функции
2025-11-23 16:26:52.105 [main] INFO  r.s.t.c.laba2.jdbc.FunctionDAO - Обновление сигнатуры функции с ID: 40245
2025-11-23 16:26:52.148 [main] DEBUG r.s.t.c.laba2.jdbc.FunctionDAO - Выполнение SQL: UPDATE functions SET signature = ? WHERE id = ? с параметрами signature=***, id=40245
2025-11-23 16:26:52.150 [main] INFO  r.s.t.c.laba2.jdbc.FunctionDAO - Сигнатура функции с ID 40245 успешно обновлена
2025-11-23 16:26:52.151 [main] DEBUG r.s.t.c.laba2.jdbc.FunctionDAO - Поиск функции по ID: 40245
2025-11-23 16:26:52.287 [main] DEBUG r.s.t.c.laba2.jdbc.FunctionDAO - Выполнение SQL: SELECT id, u_id, name, signature FROM functions WHERE id = ? с параметром id=40245
2025-11-23 16:26:52.290 [main] DEBUG r.s.t.c.laba2.jdbc.FunctionDAO - Найдена функция: Function{id=40245, userId=2, name='updated_func_1763900811755', signature='String processData(int input, String config)'}
2025-11-23 16:26:52.290 [main] INFO  r.s.t.c.laba2.jdbc.FunctionDAOTest - Сигнатура функции успешно обновлена
2025-11-23 16:26:52.291 [main] INFO  r.s.t.c.laba2.jdbc.FunctionDAOTest - Запуск теста: подсчет количества функций пользователя
2025-11-23 16:26:52.291 [main] DEBUG r.s.t.c.laba2.jdbc.FunctionDAO - Подсчет количества функций пользователя с ID: 2
2025-11-23 16:26:52.322 [main] DEBUG r.s.t.c.laba2.jdbc.FunctionDAO - Выполнение SQL: SELECT COUNT(*) FROM functions WHERE u_id = ? с параметром userId=2
2025-11-23 16:26:52.324 [main] DEBUG r.s.t.c.laba2.jdbc.FunctionDAO - Найдено 15 функций пользователя с ID 2
2025-11-23 16:26:52.325 [main] INFO  r.s.t.c.laba2.jdbc.FunctionDAO - Создание новой функции: Function{id=null, userId=2, name='test_func_non_1763900812325', signature='4'}
2025-11-23 16:26:52.354 [main] DEBUG r.s.t.c.laba2.jdbc.FunctionDAO - Выполнение SQL: INSERT INTO functions (u_id, name, signature) VALUES (?, ?, ?) с параметрами u_id=2, name=test_func_non_1763900812325, signature=***
2025-11-23 16:26:52.355 [main] DEBUG r.s.t.c.laba2.jdbc.FunctionDAO - Количество затронутых строк: 1
2025-11-23 16:26:52.356 [main] INFO  r.s.t.c.laba2.jdbc.FunctionDAO - Функция успешно создана с ID: 40246
2025-11-23 16:26:52.356 [main] DEBUG r.s.t.c.laba2.jdbc.FunctionDAO - Подсчет количества функций пользователя с ID: 2
2025-11-23 16:26:52.378 [main] DEBUG r.s.t.c.laba2.jdbc.FunctionDAO - Выполнение SQL: SELECT COUNT(*) FROM functions WHERE u_id = ? с параметром userId=2
2025-11-23 16:26:52.380 [main] DEBUG r.s.t.c.laba2.jdbc.FunctionDAO - Найдено 16 функций пользователя с ID 2
2025-11-23 16:26:52.380 [main] INFO  r.s.t.c.laba2.jdbc.FunctionDAO - Удаление функции с ID: 40246
2025-11-23 16:26:52.516 [main] DEBUG r.s.t.c.laba2.jdbc.FunctionDAO - Выполнение SQL: DELETE FROM functions WHERE id = ? с параметром id=40246
2025-11-23 16:26:52.518 [main] INFO  r.s.t.c.laba2.jdbc.FunctionDAO - Функция с ID 40246 успешно удалена
2025-11-23 16:26:52.518 [main] INFO  r.s.t.c.laba2.jdbc.FunctionDAOTest - Подсчет функций: до=15, после=16
2025-11-23 16:26:52.519 [main] INFO  r.s.t.c.laba2.jdbc.FunctionDAOTest - Запуск теста: создание нескольких функций с Faker
2025-11-23 16:26:52.519 [main] INFO  r.s.t.c.laba2.jdbc.FunctionDAO - Создание новой функции: Function{id=null, userId=1, name='test_func_possimus_1763900812519', signature='2'}
2025-11-23 16:26:52.655 [main] DEBUG r.s.t.c.laba2.jdbc.FunctionDAO - Выполнение SQL: INSERT INTO functions (u_id, name, signature) VALUES (?, ?, ?) с параметрами u_id=1, name=test_func_possimus_1763900812519, signature=***
2025-11-23 16:26:52.657 [main] DEBUG r.s.t.c.laba2.jdbc.FunctionDAO - Количество затронутых строк: 1
2025-11-23 16:26:52.657 [main] INFO  r.s.t.c.laba2.jdbc.FunctionDAO - Функция успешно создана с ID: 40247
2025-11-23 16:26:52.657 [main] DEBUG r.s.t.c.laba2.jdbc.FunctionDAOTest - Создана случайная функция #1/5: Function{id=40247, userId=1, name='test_func_possimus_1763900812519', signature='2'}
2025-11-23 16:26:52.657 [main] INFO  r.s.t.c.laba2.jdbc.FunctionDAO - Создание новой функции: Function{id=null, userId=1, name='test_func_reprehenderit_1763900812657', signature='x1'}
2025-11-23 16:26:52.777 [main] DEBUG r.s.t.c.laba2.jdbc.FunctionDAO - Выполнение SQL: INSERT INTO functions (u_id, name, signature) VALUES (?, ?, ?) с параметрами u_id=1, name=test_func_reprehenderit_1763900812657, signature=***
2025-11-23 16:26:52.779 [main] DEBUG r.s.t.c.laba2.jdbc.FunctionDAO - Количество затронутых строк: 1
2025-11-23 16:26:52.779 [main] INFO  r.s.t.c.laba2.jdbc.FunctionDAO - Функция успешно создана с ID: 40248
2025-11-23 16:26:52.780 [main] DEBUG r.s.t.c.laba2.jdbc.FunctionDAOTest - Создана случайная функция #2/5: Function{id=40248, userId=1, name='test_func_reprehenderit_1763900812657', signature='x1'}
2025-11-23 16:26:52.780 [main] INFO  r.s.t.c.laba2.jdbc.FunctionDAO - Создание новой функции: Function{id=null, userId=1, name='test_func_odio_1763900812780', signature='2'}
2025-11-23 16:26:52.903 [main] DEBUG r.s.t.c.laba2.jdbc.FunctionDAO - Выполнение SQL: INSERT INTO functions (u_id, name, signature) VALUES (?, ?, ?) с параметрами u_id=1, name=test_func_odio_1763900812780, signature=***
2025-11-23 16:26:52.904 [main] DEBUG r.s.t.c.laba2.jdbc.FunctionDAO - Количество затронутых строк: 1
2025-11-23 16:26:52.905 [main] INFO  r.s.t.c.laba2.jdbc.FunctionDAO - Функция успешно создана с ID: 40249
2025-11-23 16:26:52.905 [main] DEBUG r.s.t.c.laba2.jdbc.FunctionDAOTest - Создана случайная функция #3/5: Function{id=40249, userId=1, name='test_func_odio_1763900812780', signature='2'}
2025-11-23 16:26:52.905 [main] INFO  r.s.t.c.laba2.jdbc.FunctionDAO - Создание новой функции: Function{id=null, userId=1, name='test_func_in_1763900812905', signature='x'}
2025-11-23 16:26:52.926 [main] DEBUG r.s.t.c.laba2.jdbc.FunctionDAO - Выполнение SQL: INSERT INTO functions (u_id, name, signature) VALUES (?, ?, ?) с параметрами u_id=1, name=test_func_in_1763900812905, signature=***
2025-11-23 16:26:52.928 [main] DEBUG r.s.t.c.laba2.jdbc.FunctionDAO - Количество затронутых строк: 1
2025-11-23 16:26:52.928 [main] INFO  r.s.t.c.laba2.jdbc.FunctionDAO - Функция успешно создана с ID: 40250
2025-11-23 16:26:52.928 [main] DEBUG r.s.t.c.laba2.jdbc.FunctionDAOTest - Создана случайная функция #4/5: Function{id=40250, userId=1, name='test_func_in_1763900812905', signature='x'}
2025-11-23 16:26:52.928 [main] INFO  r.s.t.c.laba2.jdbc.FunctionDAO - Создание новой функции: Function{id=null, userId=1, name='test_func_ut_1763900812928', signature='x1'}
2025-11-23 16:26:52.955 [main] DEBUG r.s.t.c.laba2.jdbc.FunctionDAO - Выполнение SQL: INSERT INTO functions (u_id, name, signature) VALUES (?, ?, ?) с параметрами u_id=1, name=test_func_ut_1763900812928, signature=***
2025-11-23 16:26:52.957 [main] DEBUG r.s.t.c.laba2.jdbc.FunctionDAO - Количество затронутых строк: 1
2025-11-23 16:26:52.957 [main] INFO  r.s.t.c.laba2.jdbc.FunctionDAO - Функция успешно создана с ID: 40251
2025-11-23 16:26:52.958 [main] DEBUG r.s.t.c.laba2.jdbc.FunctionDAOTest - Создана случайная функция #5/5: Function{id=40251, userId=1, name='test_func_ut_1763900812928', signature='x1'}
2025-11-23 16:26:52.958 [main] INFO  r.s.t.c.laba2.jdbc.FunctionDAOTest - Успешно создано 5 случайных функций
2025-11-23 16:26:52.959 [main] INFO  r.s.t.c.laba2.jdbc.FunctionDAOTest - Запуск теста: получение всех функций
2025-11-23 16:26:52.959 [main] INFO  r.s.t.c.laba2.jdbc.FunctionDAO - Начало получения всех функций
2025-11-23 16:26:52.984 [main] DEBUG r.s.t.c.laba2.jdbc.FunctionDAO - Выполнение SQL: SELECT id, u_id, name, signature FROM functions
2025-11-23 16:26:52.985 [main] INFO  r.s.t.c.laba2.jdbc.FunctionDAO - Успешно получено 79 функций
2025-11-23 16:26:52.985 [main] INFO  r.s.t.c.laba2.jdbc.FunctionDAOTest - Найдено 79 функций в базе данных
2025-11-23 16:26:52.986 [main] DEBUG r.s.t.c.laba2.jdbc.FunctionDAOTest - Функция из общего списка: Function{id=40073, userId=2, name='updated_func_1762755229170', signature='String processData(int input, String config)'}
2025-11-23 16:26:52.987 [main] DEBUG r.s.t.c.laba2.jdbc.FunctionDAOTest - Функция из общего списка: Function{id=40172, userId=2, name='updated_func_1762804916109', signature='String processData(int input, String config)'}
2025-11-23 16:26:52.987 [main] DEBUG r.s.t.c.laba2.jdbc.FunctionDAOTest - Функция из общего списка: Function{id=40076, userId=1, name='test_func_et_1762755229845', signature='4'}
2025-11-23 16:26:52.987 [main] INFO  r.s.t.c.laba2.jdbc.FunctionDAOTest - Запуск теста: проверка граничных случаев
2025-11-23 16:26:52.987 [main] DEBUG r.s.t.c.laba2.jdbc.FunctionDAO - Поиск функции по ID: -1
2025-11-23 16:26:53.118 [main] DEBUG r.s.t.c.laba2.jdbc.FunctionDAO - Выполнение SQL: SELECT id, u_id, name, signature FROM functions WHERE id = ? с параметром id=-1
2025-11-23 16:26:53.120 [main] DEBUG r.s.t.c.laba2.jdbc.FunctionDAO - Функция с ID -1 не найдена
2025-11-23 16:26:53.120 [main] DEBUG r.s.t.c.laba2.jdbc.FunctionDAO - Поиск функций по ID пользователя: -1
2025-11-23 16:26:53.142 [main] DEBUG r.s.t.c.laba2.jdbc.FunctionDAO - Выполнение SQL: SELECT id, u_id, name, signature FROM functions WHERE u_id = ? с параметром userId=-1
2025-11-23 16:26:53.144 [main] DEBUG r.s.t.c.laba2.jdbc.FunctionDAO - Найдено 0 функций для пользователя -1
2025-11-23 16:26:53.144 [main] DEBUG r.s.t.c.laba2.jdbc.FunctionDAO - Поиск функций по имени: non_existent_function_name_12345
2025-11-23 16:26:53.273 [main] DEBUG r.s.t.c.laba2.jdbc.FunctionDAO - Выполнение SQL: SELECT id, u_id, name, signature FROM functions WHERE name LIKE ? с параметром name=%non_existent_function_name_12345%
2025-11-23 16:26:53.275 [main] DEBUG r.s.t.c.laba2.jdbc.FunctionDAO - Найдено 0 функций по шаблону имени: non_existent_function_name_12345
2025-11-23 16:26:53.275 [main] INFO  r.s.t.c.laba2.jdbc.FunctionDAO - Обновление функции с ID: -1
2025-11-23 16:26:53.398 [main] DEBUG r.s.t.c.laba2.jdbc.FunctionDAO - Выполнение SQL: UPDATE functions SET u_id = ?, name = ?, signature = ? WHERE id = ? с параметрами u_id=1, name=test, signature=***, id=-1
2025-11-23 16:26:53.401 [main] WARN  r.s.t.c.laba2.jdbc.FunctionDAO - Функция с ID -1 не найдена для обновления
2025-11-23 16:26:53.401 [main] INFO  r.s.t.c.laba2.jdbc.FunctionDAO - Обновление сигнатуры функции с ID: -1
2025-11-23 16:26:53.521 [main] DEBUG r.s.t.c.laba2.jdbc.FunctionDAO - Выполнение SQL: UPDATE functions SET signature = ? WHERE id = ? с параметрами signature=***, id=-1
2025-11-23 16:26:53.523 [main] WARN  r.s.t.c.laba2.jdbc.FunctionDAO - Функция с ID -1 не найдена для обновления сигнатуры
2025-11-23 16:26:53.523 [main] INFO  r.s.t.c.laba2.jdbc.FunctionDAOTest - Все граничные случаи обработаны корректно
2025-11-23 16:26:53.524 [main] INFO  r.s.t.c.laba2.jdbc.FunctionDAOTest - Запуск теста: создание функции со специальными символами
2025-11-23 16:26:53.524 [main] INFO  r.s.t.c.laba2.jdbc.FunctionDAO - Создание новой функции: Function{id=null, userId=1, name='function_with_special_测试_тест_1763900813524', signature='List<String> processData(Map<String, Object> input, int maxSize) throws IOException'}
2025-11-23 16:26:53.649 [main] DEBUG r.s.t.c.laba2.jdbc.FunctionDAO - Выполнение SQL: INSERT INTO functions (u_id, name, signature) VALUES (?, ?, ?) с параметрами u_id=1, name=function_with_special_测试_тест_1763900813524, signature=***
2025-11-23 16:26:53.651 [main] DEBUG r.s.t.c.laba2.jdbc.FunctionDAO - Количество затронутых строк: 1
2025-11-23 16:26:53.651 [main] INFO  r.s.t.c.laba2.jdbc.FunctionDAO - Функция успешно создана с ID: 40252
2025-11-23 16:26:53.651 [main] DEBUG r.s.t.c.laba2.jdbc.FunctionDAO - Поиск функции по ID: 40252
2025-11-23 16:26:53.788 [main] DEBUG r.s.t.c.laba2.jdbc.FunctionDAO - Выполнение SQL: SELECT id, u_id, name, signature FROM functions WHERE id = ? с параметром id=40252
2025-11-23 16:26:53.790 [main] DEBUG r.s.t.c.laba2.jdbc.FunctionDAO - Найдена функция: Function{id=40252, userId=1, name='function_with_special_测试_тест_1763900813524', signature='List<String> processData(Map<String, Object> input, int maxSize) throws IOException'}
2025-11-23 16:26:53.790 [main] INFO  r.s.t.c.laba2.jdbc.FunctionDAO - Удаление функции с ID: 40252
2025-11-23 16:26:53.811 [main] DEBUG r.s.t.c.laba2.jdbc.FunctionDAO - Выполнение SQL: DELETE FROM functions WHERE id = ? с параметром id=40252
2025-11-23 16:26:53.813 [main] INFO  r.s.t.c.laba2.jdbc.FunctionDAO - Функция с ID 40252 успешно удалена
2025-11-23 16:26:53.813 [main] INFO  r.s.t.c.laba2.jdbc.FunctionDAOTest - Тест со специальными символами завершен успешно
2025-11-23 16:26:53.814 [main] INFO  r.s.t.c.laba2.jdbc.FunctionDAOTest - Запуск теста: удаление всех функций пользователя
2025-11-23 16:26:53.814 [main] INFO  r.s.t.c.laba2.jdbc.FunctionDAO - Создание новой функции: Function{id=null, userId=999, name='test_func_a_1763900813814', signature='2'}
2025-11-23 16:26:53.835 [main] DEBUG r.s.t.c.laba2.jdbc.FunctionDAO - Выполнение SQL: INSERT INTO functions (u_id, name, signature) VALUES (?, ?, ?) с параметрами u_id=999, name=test_func_a_1763900813814, signature=***
2025-11-23 16:26:53.836 [main] DEBUG r.s.t.c.laba2.jdbc.FunctionDAO - Количество затронутых строк: 1
2025-11-23 16:26:53.837 [main] INFO  r.s.t.c.laba2.jdbc.FunctionDAO - Функция успешно создана с ID: 40253
2025-11-23 16:26:53.837 [main] INFO  r.s.t.c.laba2.jdbc.FunctionDAO - Создание новой функции: Function{id=null, userId=999, name='test_func_voluptatum_1763900813837', signature='x'}
2025-11-23 16:26:53.858 [main] DEBUG r.s.t.c.laba2.jdbc.FunctionDAO - Выполнение SQL: INSERT INTO functions (u_id, name, signature) VALUES (?, ?, ?) с параметрами u_id=999, name=test_func_voluptatum_1763900813837, signature=***
2025-11-23 16:26:53.860 [main] DEBUG r.s.t.c.laba2.jdbc.FunctionDAO - Количество затронутых строк: 1
2025-11-23 16:26:53.860 [main] INFO  r.s.t.c.laba2.jdbc.FunctionDAO - Функция успешно создана с ID: 40254
2025-11-23 16:26:53.861 [main] INFO  r.s.t.c.laba2.jdbc.FunctionDAO - Создание новой функции: Function{id=null, userId=999, name='test_func_et_1763900813861', signature='x'}
2025-11-23 16:26:53.883 [main] DEBUG r.s.t.c.laba2.jdbc.FunctionDAO - Выполнение SQL: INSERT INTO functions (u_id, name, signature) VALUES (?, ?, ?) с параметрами u_id=999, name=test_func_et_1763900813861, signature=***
2025-11-23 16:26:53.884 [main] DEBUG r.s.t.c.laba2.jdbc.FunctionDAO - Количество затронутых строк: 1
2025-11-23 16:26:53.885 [main] INFO  r.s.t.c.laba2.jdbc.FunctionDAO - Функция успешно создана с ID: 40255
2025-11-23 16:26:53.885 [main] DEBUG r.s.t.c.laba2.jdbc.FunctionDAO - Подсчет количества функций пользователя с ID: 999
2025-11-23 16:26:54.020 [main] DEBUG r.s.t.c.laba2.jdbc.FunctionDAO - Выполнение SQL: SELECT COUNT(*) FROM functions WHERE u_id = ? с параметром userId=999
2025-11-23 16:26:54.022 [main] DEBUG r.s.t.c.laba2.jdbc.FunctionDAO - Найдено 3 функций пользователя с ID 999
2025-11-23 16:26:54.022 [main] INFO  r.s.t.c.laba2.jdbc.FunctionDAO - Удаление всех функций пользователя с ID: 999
2025-11-23 16:26:54.047 [main] DEBUG r.s.t.c.laba2.jdbc.FunctionDAO - Выполнение SQL: DELETE FROM functions WHERE u_id = ? с параметром userId=999
2025-11-23 16:26:54.050 [main] INFO  r.s.t.c.laba2.jdbc.FunctionDAO - Удалено 3 функций пользователя с ID 999
2025-11-23 16:26:54.050 [main] DEBUG r.s.t.c.laba2.jdbc.FunctionDAO - Подсчет количества функций пользователя с ID: 999
2025-11-23 16:26:54.076 [main] DEBUG r.s.t.c.laba2.jdbc.FunctionDAO - Выполнение SQL: SELECT COUNT(*) FROM functions WHERE u_id = ? с параметром userId=999
2025-11-23 16:26:54.077 [main] DEBUG r.s.t.c.laba2.jdbc.FunctionDAO - Найдено 0 функций пользователя с ID 999
2025-11-23 16:26:54.078 [main] INFO  r.s.t.c.laba2.jdbc.FunctionDAOTest - Успешно удалено 3 функций пользователя с ID: 999
2025-11-23 16:26:54.079 [main] INFO  r.s.t.c.laba2.jdbc.FunctionDAOTest - Запуск теста: удаление основной тестовой функции по ID
2025-11-23 16:26:54.079 [main] INFO  r.s.t.c.laba2.jdbc.FunctionDAO - Удаление функции с ID: 40247
2025-11-23 16:26:54.206 [main] DEBUG r.s.t.c.laba2.jdbc.FunctionDAO - Выполнение SQL: DELETE FROM functions WHERE id = ? с параметром id=40247
2025-11-23 16:26:54.208 [main] INFO  r.s.t.c.laba2.jdbc.FunctionDAO - Функция с ID 40247 успешно удалена
2025-11-23 16:26:54.208 [main] DEBUG r.s.t.c.laba2.jdbc.FunctionDAO - Поиск функции по ID: 40247
2025-11-23 16:26:54.329 [main] DEBUG r.s.t.c.laba2.jdbc.FunctionDAO - Выполнение SQL: SELECT id, u_id, name, signature FROM functions WHERE id = ? с параметром id=40247
2025-11-23 16:26:54.331 [main] DEBUG r.s.t.c.laba2.jdbc.FunctionDAO - Функция с ID 40247 не найдена
2025-11-23 16:26:54.331 [main] INFO  r.s.t.c.laba2.jdbc.FunctionDAOTest - Основная тестовая функция с ID 40247 успешно удалена
2025-11-23 16:26:54.332 [main] INFO  r.s.t.c.laba2.jdbc.FunctionDAOTest - Запуск теста производительности: поиск всех функций
2025-11-23 16:26:54.332 [main] INFO  r.s.t.c.laba2.jdbc.FunctionDAO - Начало получения всех функций
2025-11-23 16:26:54.357 [main] DEBUG r.s.t.c.laba2.jdbc.FunctionDAO - Выполнение SQL: SELECT id, u_id, name, signature FROM functions
2025-11-23 16:26:54.358 [main] INFO  r.s.t.c.laba2.jdbc.FunctionDAO - Успешно получено 78 функций
2025-11-23 16:26:54.358 [main] INFO  r.s.t.c.laba2.jdbc.FunctionDAOTest - Поиск всех функций выполнен за 26 мс. Найдено 78 записей
2025-11-23 16:26:54.360 [main] INFO  r.s.t.c.laba2.jdbc.FunctionDAOTest - Завершение тестов functionDAO
2025-11-23 16:26:54.385 [main] INFO  r.s.t.c.laba2.jdbc.PointDAOTest - Начало подготовки тестовых данных для функции ID: 3014
2025-11-23 16:26:54.388 [main] INFO  r.s.tk.cheefkeef.laba2.jdbc.PointDAO - Удаление всех точек функции ID: 3014
2025-11-23 16:26:54.416 [main] DEBUG r.s.tk.cheefkeef.laba2.jdbc.PointDAO - Выполнение SQL: DELETE FROM points WHERE f_id = ? с параметром functionId: 3014
2025-11-23 16:26:54.418 [main] INFO  r.s.tk.cheefkeef.laba2.jdbc.PointDAO - Не найдено точек для удаления функции ID: 3014
2025-11-23 16:26:54.419 [main] INFO  r.s.tk.cheefkeef.laba2.jdbc.PointDAO - Создание новой точки: functionId=3014, x=56.49, y=9.49
2025-11-23 16:26:54.441 [main] DEBUG r.s.tk.cheefkeef.laba2.jdbc.PointDAO - Выполнение SQL: INSERT INTO points (f_id, x_value, y_value) VALUES (?, ?, ?) с параметрами: functionId=3014, x=56.49, y=9.49
2025-11-23 16:26:54.443 [main] DEBUG r.s.tk.cheefkeef.laba2.jdbc.PointDAO - Количество затронутых строк: 1
2025-11-23 16:26:54.443 [main] INFO  r.s.tk.cheefkeef.laba2.jdbc.PointDAO - Точка успешно создана с ID: 80938
2025-11-23 16:26:54.444 [main] INFO  r.s.tk.cheefkeef.laba2.jdbc.PointDAO - Создание новой точки: functionId=3014, x=70.4, y=1.76
2025-11-23 16:26:54.467 [main] DEBUG r.s.tk.cheefkeef.laba2.jdbc.PointDAO - Выполнение SQL: INSERT INTO points (f_id, x_value, y_value) VALUES (?, ?, ?) с параметрами: functionId=3014, x=70.4, y=1.76
2025-11-23 16:26:54.469 [main] DEBUG r.s.tk.cheefkeef.laba2.jdbc.PointDAO - Количество затронутых строк: 1
2025-11-23 16:26:54.469 [main] INFO  r.s.tk.cheefkeef.laba2.jdbc.PointDAO - Точка успешно создана с ID: 80939
2025-11-23 16:26:54.469 [main] INFO  r.s.tk.cheefkeef.laba2.jdbc.PointDAO - Создание новой точки: functionId=3014, x=97.46, y=54.8
2025-11-23 16:26:54.596 [main] DEBUG r.s.tk.cheefkeef.laba2.jdbc.PointDAO - Выполнение SQL: INSERT INTO points (f_id, x_value, y_value) VALUES (?, ?, ?) с параметрами: functionId=3014, x=97.46, y=54.8
2025-11-23 16:26:54.598 [main] DEBUG r.s.tk.cheefkeef.laba2.jdbc.PointDAO - Количество затронутых строк: 1
2025-11-23 16:26:54.599 [main] INFO  r.s.tk.cheefkeef.laba2.jdbc.PointDAO - Точка успешно создана с ID: 80940
2025-11-23 16:26:54.599 [main] INFO  r.s.tk.cheefkeef.laba2.jdbc.PointDAO - Создание новой точки: functionId=3014, x=38.79, y=15.5
2025-11-23 16:26:54.736 [main] DEBUG r.s.tk.cheefkeef.laba2.jdbc.PointDAO - Выполнение SQL: INSERT INTO points (f_id, x_value, y_value) VALUES (?, ?, ?) с параметрами: functionId=3014, x=38.79, y=15.5
2025-11-23 16:26:54.738 [main] DEBUG r.s.tk.cheefkeef.laba2.jdbc.PointDAO - Количество затронутых строк: 1
2025-11-23 16:26:54.738 [main] INFO  r.s.tk.cheefkeef.laba2.jdbc.PointDAO - Точка успешно создана с ID: 80941
2025-11-23 16:26:54.738 [main] INFO  r.s.tk.cheefkeef.laba2.jdbc.PointDAO - Создание новой точки: functionId=3014, x=53.78, y=28.0
2025-11-23 16:26:54.760 [main] DEBUG r.s.tk.cheefkeef.laba2.jdbc.PointDAO - Выполнение SQL: INSERT INTO points (f_id, x_value, y_value) VALUES (?, ?, ?) с параметрами: functionId=3014, x=53.78, y=28.0
2025-11-23 16:26:54.761 [main] DEBUG r.s.tk.cheefkeef.laba2.jdbc.PointDAO - Количество затронутых строк: 1
2025-11-23 16:26:54.761 [main] INFO  r.s.tk.cheefkeef.laba2.jdbc.PointDAO - Точка успешно создана с ID: 80942
2025-11-23 16:26:54.762 [main] INFO  r.s.tk.cheefkeef.laba2.jdbc.PointDAO - Поиск точек по ID функции: 3014
2025-11-23 16:26:54.785 [main] DEBUG r.s.tk.cheefkeef.laba2.jdbc.PointDAO - Выполнение SQL: SELECT id, f_id, x_value, y_value FROM points WHERE f_id = ? ORDER BY x_value с параметром functionId: 3014
2025-11-23 16:26:54.788 [main] INFO  r.s.tk.cheefkeef.laba2.jdbc.PointDAO - Найдено 5 точек для функции ID: 3014
2025-11-23 16:26:54.791 [main] INFO  r.s.tk.cheefkeef.laba2.jdbc.PointDAO - Удаление всех точек функции ID: 3014
2025-11-23 16:26:54.918 [main] DEBUG r.s.tk.cheefkeef.laba2.jdbc.PointDAO - Выполнение SQL: DELETE FROM points WHERE f_id = ? с параметром functionId: 3014
2025-11-23 16:26:54.921 [main] INFO  r.s.tk.cheefkeef.laba2.jdbc.PointDAO - Удалено 5 точек функции ID: 3014
2025-11-23 16:26:54.921 [main] INFO  r.s.tk.cheefkeef.laba2.jdbc.PointDAO - Создание новой точки: functionId=3014, x=2.5, y=-2.48
2025-11-23 16:26:54.942 [main] DEBUG r.s.tk.cheefkeef.laba2.jdbc.PointDAO - Выполнение SQL: INSERT INTO points (f_id, x_value, y_value) VALUES (?, ?, ?) с параметрами: functionId=3014, x=2.5, y=-2.48
2025-11-23 16:26:54.944 [main] DEBUG r.s.tk.cheefkeef.laba2.jdbc.PointDAO - Количество затронутых строк: 1
2025-11-23 16:26:54.944 [main] INFO  r.s.tk.cheefkeef.laba2.jdbc.PointDAO - Точка успешно создана с ID: 80943
2025-11-23 16:26:54.945 [main] INFO  r.s.tk.cheefkeef.laba2.jdbc.PointDAO - Создание новой точки: functionId=3014, x=7.8, y=-5.35
2025-11-23 16:26:54.967 [main] DEBUG r.s.tk.cheefkeef.laba2.jdbc.PointDAO - Выполнение SQL: INSERT INTO points (f_id, x_value, y_value) VALUES (?, ?, ?) с параметрами: functionId=3014, x=7.8, y=-5.35
2025-11-23 16:26:54.969 [main] DEBUG r.s.tk.cheefkeef.laba2.jdbc.PointDAO - Количество затронутых строк: 1
2025-11-23 16:26:54.969 [main] INFO  r.s.tk.cheefkeef.laba2.jdbc.PointDAO - Точка успешно создана с ID: 80944
2025-11-23 16:26:54.969 [main] INFO  r.s.tk.cheefkeef.laba2.jdbc.PointDAO - Создание новой точки: functionId=3014, x=12.3, y=5.23
2025-11-23 16:26:55.105 [main] DEBUG r.s.tk.cheefkeef.laba2.jdbc.PointDAO - Выполнение SQL: INSERT INTO points (f_id, x_value, y_value) VALUES (?, ?, ?) с параметрами: functionId=3014, x=12.3, y=5.23
2025-11-23 16:26:55.107 [main] DEBUG r.s.tk.cheefkeef.laba2.jdbc.PointDAO - Количество затронутых строк: 1
2025-11-23 16:26:55.107 [main] INFO  r.s.tk.cheefkeef.laba2.jdbc.PointDAO - Точка успешно создана с ID: 80945
2025-11-23 16:26:55.107 [main] INFO  r.s.tk.cheefkeef.laba2.jdbc.PointDAO - Создание новой точки: functionId=3014, x=18.9, y=0.19
2025-11-23 16:26:55.233 [main] DEBUG r.s.tk.cheefkeef.laba2.jdbc.PointDAO - Выполнение SQL: INSERT INTO points (f_id, x_value, y_value) VALUES (?, ?, ?) с параметрами: functionId=3014, x=18.9, y=0.19
2025-11-23 16:26:55.235 [main] DEBUG r.s.tk.cheefkeef.laba2.jdbc.PointDAO - Количество затронутых строк: 1
2025-11-23 16:26:55.235 [main] INFO  r.s.tk.cheefkeef.laba2.jdbc.PointDAO - Точка успешно создана с ID: 80946
2025-11-23 16:26:55.235 [main] INFO  r.s.tk.cheefkeef.laba2.jdbc.PointDAO - Создание новой точки: functionId=3014, x=25.1, y=2.88
2025-11-23 16:26:55.375 [main] DEBUG r.s.tk.cheefkeef.laba2.jdbc.PointDAO - Выполнение SQL: INSERT INTO points (f_id, x_value, y_value) VALUES (?, ?, ?) с параметрами: functionId=3014, x=25.1, y=2.88
2025-11-23 16:26:55.377 [main] DEBUG r.s.tk.cheefkeef.laba2.jdbc.PointDAO - Количество затронутых строк: 1
2025-11-23 16:26:55.377 [main] INFO  r.s.tk.cheefkeef.laba2.jdbc.PointDAO - Точка успешно создана с ID: 80947
2025-11-23 16:26:55.377 [main] INFO  r.s.tk.cheefkeef.laba2.jdbc.PointDAO - Поиск точек по диапазону X: от 5.0 до 15.0
2025-11-23 16:26:55.508 [main] DEBUG r.s.tk.cheefkeef.laba2.jdbc.PointDAO - Выполнение SQL: SELECT id, f_id, x_value, y_value FROM points WHERE x_value BETWEEN ? AND ? ORDER BY x_value с параметрами minX: 5.0, maxX: 15.0
2025-11-23 16:26:55.512 [main] INFO  r.s.tk.cheefkeef.laba2.jdbc.PointDAO - Найдено 103 точек в диапазоне X от 5.0 до 15.0
2025-11-23 16:26:55.513 [main] INFO  r.s.tk.cheefkeef.laba2.jdbc.PointDAO - Удаление всех точек функции ID: 3014
2025-11-23 16:26:55.651 [main] DEBUG r.s.tk.cheefkeef.laba2.jdbc.PointDAO - Выполнение SQL: DELETE FROM points WHERE f_id = ? с параметром functionId: 3014
2025-11-23 16:26:55.654 [main] INFO  r.s.tk.cheefkeef.laba2.jdbc.PointDAO - Удалено 5 точек функции ID: 3014
2025-11-23 16:26:55.654 [main] INFO  r.s.tk.cheefkeef.laba2.jdbc.PointDAO - Создание новой точки: functionId=3014, x=5.97, y=-7.2
2025-11-23 16:26:55.683 [main] DEBUG r.s.tk.cheefkeef.laba2.jdbc.PointDAO - Выполнение SQL: INSERT INTO points (f_id, x_value, y_value) VALUES (?, ?, ?) с параметрами: functionId=3014, x=5.97, y=-7.2
2025-11-23 16:26:55.684 [main] DEBUG r.s.tk.cheefkeef.laba2.jdbc.PointDAO - Количество затронутых строк: 1
2025-11-23 16:26:55.684 [main] INFO  r.s.tk.cheefkeef.laba2.jdbc.PointDAO - Точка успешно создана с ID: 80948
2025-11-23 16:26:55.684 [main] INFO  r.s.tk.cheefkeef.laba2.jdbc.PointDAO - Создание новой точки: functionId=3014, x=16.56, y=-3.1
2025-11-23 16:26:55.821 [main] DEBUG r.s.tk.cheefkeef.laba2.jdbc.PointDAO - Выполнение SQL: INSERT INTO points (f_id, x_value, y_value) VALUES (?, ?, ?) с параметрами: functionId=3014, x=16.56, y=-3.1
2025-11-23 16:26:55.823 [main] DEBUG r.s.tk.cheefkeef.laba2.jdbc.PointDAO - Количество затронутых строк: 1
2025-11-23 16:26:55.823 [main] INFO  r.s.tk.cheefkeef.laba2.jdbc.PointDAO - Точка успешно создана с ID: 80949
2025-11-23 16:26:55.823 [main] INFO  r.s.tk.cheefkeef.laba2.jdbc.PointDAO - Создание новой точки: functionId=3014, x=1.65, y=0.0
2025-11-23 16:26:55.845 [main] DEBUG r.s.tk.cheefkeef.laba2.jdbc.PointDAO - Выполнение SQL: INSERT INTO points (f_id, x_value, y_value) VALUES (?, ?, ?) с параметрами: functionId=3014, x=1.65, y=0.0
2025-11-23 16:26:55.846 [main] DEBUG r.s.tk.cheefkeef.laba2.jdbc.PointDAO - Количество затронутых строк: 1
2025-11-23 16:26:55.846 [main] INFO  r.s.tk.cheefkeef.laba2.jdbc.PointDAO - Точка успешно создана с ID: 80950
2025-11-23 16:26:55.846 [main] INFO  r.s.tk.cheefkeef.laba2.jdbc.PointDAO - Создание новой точки: functionId=3014, x=1.68, y=2.8
2025-11-23 16:26:55.866 [main] DEBUG r.s.tk.cheefkeef.laba2.jdbc.PointDAO - Выполнение SQL: INSERT INTO points (f_id, x_value, y_value) VALUES (?, ?, ?) с параметрами: functionId=3014, x=1.68, y=2.8
2025-11-23 16:26:55.868 [main] DEBUG r.s.tk.cheefkeef.laba2.jdbc.PointDAO - Количество затронутых строк: 1
2025-11-23 16:26:55.868 [main] INFO  r.s.tk.cheefkeef.laba2.jdbc.PointDAO - Точка успешно создана с ID: 80951
2025-11-23 16:26:55.868 [main] INFO  r.s.tk.cheefkeef.laba2.jdbc.PointDAO - Создание новой точки: functionId=3014, x=3.71, y=8.5
2025-11-23 16:26:55.890 [main] DEBUG r.s.tk.cheefkeef.laba2.jdbc.PointDAO - Выполнение SQL: INSERT INTO points (f_id, x_value, y_value) VALUES (?, ?, ?) с параметрами: functionId=3014, x=3.71, y=8.5
2025-11-23 16:26:55.891 [main] DEBUG r.s.tk.cheefkeef.laba2.jdbc.PointDAO - Количество затронутых строк: 1
2025-11-23 16:26:55.891 [main] INFO  r.s.tk.cheefkeef.laba2.jdbc.PointDAO - Точка успешно создана с ID: 80952
2025-11-23 16:26:55.891 [main] INFO  r.s.tk.cheefkeef.laba2.jdbc.PointDAO - Создание новой точки: functionId=3014, x=0.98, y=15.3
2025-11-23 16:26:56.018 [main] DEBUG r.s.tk.cheefkeef.laba2.jdbc.PointDAO - Выполнение SQL: INSERT INTO points (f_id, x_value, y_value) VALUES (?, ?, ?) с параметрами: functionId=3014, x=0.98, y=15.3
2025-11-23 16:26:56.019 [main] DEBUG r.s.tk.cheefkeef.laba2.jdbc.PointDAO - Количество затронутых строк: 1
2025-11-23 16:26:56.019 [main] INFO  r.s.tk.cheefkeef.laba2.jdbc.PointDAO - Точка успешно создана с ID: 80953
2025-11-23 16:26:56.020 [main] INFO  r.s.tk.cheefkeef.laba2.jdbc.PointDAO - Поиск точек по диапазону Y: от -5.0 до 5.0
2025-11-23 16:26:56.041 [main] DEBUG r.s.tk.cheefkeef.laba2.jdbc.PointDAO - Выполнение SQL: SELECT id, f_id, x_value, y_value FROM points WHERE y_value BETWEEN ? AND ? ORDER BY y_value с параметрами minY: -5.0, maxY: 5.0
2025-11-23 16:26:56.072 [main] INFO  r.s.tk.cheefkeef.laba2.jdbc.PointDAO - Найдено 5380 точек в диапазоне Y от -5.0 до 5.0
2025-11-23 16:26:56.076 [main] INFO  r.s.tk.cheefkeef.laba2.jdbc.PointDAO - Удаление всех точек функции ID: 3014
2025-11-23 16:26:56.105 [main] DEBUG r.s.tk.cheefkeef.laba2.jdbc.PointDAO - Выполнение SQL: DELETE FROM points WHERE f_id = ? с параметром functionId: 3014
2025-11-23 16:26:56.107 [main] INFO  r.s.tk.cheefkeef.laba2.jdbc.PointDAO - Удалено 6 точек функции ID: 3014
2025-11-23 16:26:56.108 [main] INFO  r.s.tk.cheefkeef.laba2.jdbc.PointDAO - Создание новой точки: functionId=3014, x=26.2, y=3.94
2025-11-23 16:26:56.128 [main] DEBUG r.s.tk.cheefkeef.laba2.jdbc.PointDAO - Выполнение SQL: INSERT INTO points (f_id, x_value, y_value) VALUES (?, ?, ?) с параметрами: functionId=3014, x=26.2, y=3.94
2025-11-23 16:26:56.130 [main] DEBUG r.s.tk.cheefkeef.laba2.jdbc.PointDAO - Количество затронутых строк: 1
2025-11-23 16:26:56.130 [main] INFO  r.s.tk.cheefkeef.laba2.jdbc.PointDAO - Точка успешно создана с ID: 80954
2025-11-23 16:26:56.130 [main] INFO  r.s.tk.cheefkeef.laba2.jdbc.PointDAO - Создание новой точки: functionId=3014, x=54.68, y=69.1
2025-11-23 16:26:56.264 [main] DEBUG r.s.tk.cheefkeef.laba2.jdbc.PointDAO - Выполнение SQL: INSERT INTO points (f_id, x_value, y_value) VALUES (?, ?, ?) с параметрами: functionId=3014, x=54.68, y=69.1
2025-11-23 16:26:56.266 [main] DEBUG r.s.tk.cheefkeef.laba2.jdbc.PointDAO - Количество затронутых строк: 1
2025-11-23 16:26:56.266 [main] INFO  r.s.tk.cheefkeef.laba2.jdbc.PointDAO - Точка успешно создана с ID: 80955
2025-11-23 16:26:56.266 [main] INFO  r.s.tk.cheefkeef.laba2.jdbc.PointDAO - Создание новой точки: functionId=3014, x=5.67, y=78.84
2025-11-23 16:26:56.288 [main] DEBUG r.s.tk.cheefkeef.laba2.jdbc.PointDAO - Выполнение SQL: INSERT INTO points (f_id, x_value, y_value) VALUES (?, ?, ?) с параметрами: functionId=3014, x=5.67, y=78.84
2025-11-23 16:26:56.290 [main] DEBUG r.s.tk.cheefkeef.laba2.jdbc.PointDAO - Количество затронутых строк: 1
2025-11-23 16:26:56.290 [main] INFO  r.s.tk.cheefkeef.laba2.jdbc.PointDAO - Точка успешно создана с ID: 80956
2025-11-23 16:26:56.290 [main] INFO  r.s.tk.cheefkeef.laba2.jdbc.PointDAO - Начало получения всех точек
2025-11-23 16:26:56.317 [main] DEBUG r.s.tk.cheefkeef.laba2.jdbc.PointDAO - Выполнение SQL: SELECT id, f_id, x_value, y_value FROM points
2025-11-23 16:26:56.352 [main] INFO  r.s.tk.cheefkeef.laba2.jdbc.PointDAO - Успешно получено 10003 точек
2025-11-23 16:26:56.354 [main] INFO  r.s.tk.cheefkeef.laba2.jdbc.PointDAO - Удаление всех точек функции ID: 3014
2025-11-23 16:26:56.482 [main] DEBUG r.s.tk.cheefkeef.laba2.jdbc.PointDAO - Выполнение SQL: DELETE FROM points WHERE f_id = ? с параметром functionId: 3014
2025-11-23 16:26:56.484 [main] INFO  r.s.tk.cheefkeef.laba2.jdbc.PointDAO - Удалено 3 точек функции ID: 3014
2025-11-23 16:26:56.485 [main] INFO  r.s.tk.cheefkeef.laba2.jdbc.PointDAO - Создание новой точки: functionId=3014, x=33.3, y=-7.4
2025-11-23 16:26:56.509 [main] DEBUG r.s.tk.cheefkeef.laba2.jdbc.PointDAO - Выполнение SQL: INSERT INTO points (f_id, x_value, y_value) VALUES (?, ?, ?) с параметрами: functionId=3014, x=33.3, y=-7.4
2025-11-23 16:26:56.512 [main] DEBUG r.s.tk.cheefkeef.laba2.jdbc.PointDAO - Количество затронутых строк: 1
2025-11-23 16:26:56.512 [main] INFO  r.s.tk.cheefkeef.laba2.jdbc.PointDAO - Точка успешно создана с ID: 80957
2025-11-23 16:26:56.512 [main] DEBUG r.s.tk.cheefkeef.laba2.jdbc.PointDAO - Проверка существования точки functionId: 3014, x: 33.3
2025-11-23 16:26:56.638 [main] DEBUG r.s.tk.cheefkeef.laba2.jdbc.PointDAO - Выполнение SQL: SELECT 1 FROM points WHERE f_id = ? AND x_value = ? LIMIT 1 с параметрами: functionId=3014, xValue=33.3
2025-11-23 16:26:56.641 [main] DEBUG r.s.tk.cheefkeef.laba2.jdbc.PointDAO - Точка functionId: 3014, x: 33.3 существует: true
2025-11-23 16:26:56.641 [main] DEBUG r.s.tk.cheefkeef.laba2.jdbc.PointDAO - Проверка существования точки functionId: 3014, x: 999.9
2025-11-23 16:26:56.663 [main] DEBUG r.s.tk.cheefkeef.laba2.jdbc.PointDAO - Выполнение SQL: SELECT 1 FROM points WHERE f_id = ? AND x_value = ? LIMIT 1 с параметрами: functionId=3014, xValue=999.9
2025-11-23 16:26:56.666 [main] DEBUG r.s.tk.cheefkeef.laba2.jdbc.PointDAO - Точка functionId: 3014, x: 999.9 существует: false
2025-11-23 16:26:56.667 [main] INFO  r.s.tk.cheefkeef.laba2.jdbc.PointDAO - Удаление всех точек функции ID: 3014
2025-11-23 16:26:56.698 [main] DEBUG r.s.tk.cheefkeef.laba2.jdbc.PointDAO - Выполнение SQL: DELETE FROM points WHERE f_id = ? с параметром functionId: 3014
2025-11-23 16:26:56.700 [main] INFO  r.s.tk.cheefkeef.laba2.jdbc.PointDAO - Удалено 1 точек функции ID: 3014
2025-11-23 16:26:56.701 [main] INFO  r.s.tk.cheefkeef.laba2.jdbc.PointDAO - Массовое добавление 10 точек
2025-11-23 16:26:56.836 [main] DEBUG r.s.tk.cheefkeef.laba2.jdbc.PointDAO - Начало массовой вставки, авто-коммит отключен
2025-11-23 16:26:56.842 [main] DEBUG r.s.tk.cheefkeef.laba2.jdbc.PointDAO - Массовая вставка выполнена, коммит завершен
2025-11-23 16:26:56.842 [main] INFO  r.s.tk.cheefkeef.laba2.jdbc.PointDAO - Успешно добавлено 10 из 10 точек
2025-11-23 16:26:56.842 [main] INFO  r.s.tk.cheefkeef.laba2.jdbc.PointDAO - Поиск точек по ID функции: 3014
2025-11-23 16:26:56.974 [main] DEBUG r.s.tk.cheefkeef.laba2.jdbc.PointDAO - Выполнение SQL: SELECT id, f_id, x_value, y_value FROM points WHERE f_id = ? ORDER BY x_value с параметром functionId: 3014
2025-11-23 16:26:56.977 [main] INFO  r.s.tk.cheefkeef.laba2.jdbc.PointDAO - Найдено 10 точек для функции ID: 3014
2025-11-23 16:26:56.978 [main] INFO  r.s.tk.cheefkeef.laba2.jdbc.PointDAO - Удаление всех точек функции ID: 3014
2025-11-23 16:26:57.001 [main] DEBUG r.s.tk.cheefkeef.laba2.jdbc.PointDAO - Выполнение SQL: DELETE FROM points WHERE f_id = ? с параметром functionId: 3014
2025-11-23 16:26:57.003 [main] INFO  r.s.tk.cheefkeef.laba2.jdbc.PointDAO - Удалено 10 точек функции ID: 3014
2025-11-23 16:26:57.004 [main] INFO  r.s.tk.cheefkeef.laba2.jdbc.PointDAO - Создание новой точки: functionId=3014, x=96.06, y=65.97
2025-11-23 16:26:57.128 [main] DEBUG r.s.tk.cheefkeef.laba2.jdbc.PointDAO - Выполнение SQL: INSERT INTO points (f_id, x_value, y_value) VALUES (?, ?, ?) с параметрами: functionId=3014, x=96.06, y=65.97
2025-11-23 16:26:57.130 [main] DEBUG r.s.tk.cheefkeef.laba2.jdbc.PointDAO - Количество затронутых строк: 1
2025-11-23 16:26:57.130 [main] INFO  r.s.tk.cheefkeef.laba2.jdbc.PointDAO - Точка успешно создана с ID: 80968
2025-11-23 16:26:57.130 [main] INFO  r.s.tk.cheefkeef.laba2.jdbc.PointDAO - Создание новой точки: functionId=3014, x=15.08, y=22.96
2025-11-23 16:26:57.152 [main] DEBUG r.s.tk.cheefkeef.laba2.jdbc.PointDAO - Выполнение SQL: INSERT INTO points (f_id, x_value, y_value) VALUES (?, ?, ?) с параметрами: functionId=3014, x=15.08, y=22.96
2025-11-23 16:26:57.153 [main] DEBUG r.s.tk.cheefkeef.laba2.jdbc.PointDAO - Количество затронутых строк: 1
2025-11-23 16:26:57.154 [main] INFO  r.s.tk.cheefkeef.laba2.jdbc.PointDAO - Точка успешно создана с ID: 80969
2025-11-23 16:26:57.154 [main] INFO  r.s.tk.cheefkeef.laba2.jdbc.PointDAO - Создание новой точки: functionId=3014, x=5.25, y=14.48
2025-11-23 16:26:57.174 [main] DEBUG r.s.tk.cheefkeef.laba2.jdbc.PointDAO - Выполнение SQL: INSERT INTO points (f_id, x_value, y_value) VALUES (?, ?, ?) с параметрами: functionId=3014, x=5.25, y=14.48
2025-11-23 16:26:57.176 [main] DEBUG r.s.tk.cheefkeef.laba2.jdbc.PointDAO - Количество затронутых строк: 1
2025-11-23 16:26:57.176 [main] INFO  r.s.tk.cheefkeef.laba2.jdbc.PointDAO - Точка успешно создана с ID: 80970
2025-11-23 16:26:57.176 [main] INFO  r.s.tk.cheefkeef.laba2.jdbc.PointDAO - Создание новой точки: functionId=3014, x=24.04, y=67.66
2025-11-23 16:26:57.199 [main] DEBUG r.s.tk.cheefkeef.laba2.jdbc.PointDAO - Выполнение SQL: INSERT INTO points (f_id, x_value, y_value) VALUES (?, ?, ?) с параметрами: functionId=3014, x=24.04, y=67.66
2025-11-23 16:26:57.201 [main] DEBUG r.s.tk.cheefkeef.laba2.jdbc.PointDAO - Количество затронутых строк: 1
2025-11-23 16:26:57.201 [main] INFO  r.s.tk.cheefkeef.laba2.jdbc.PointDAO - Точка успешно создана с ID: 80971
2025-11-23 16:26:57.201 [main] INFO  r.s.tk.cheefkeef.laba2.jdbc.PointDAO - Создание новой точки: functionId=3014, x=50.59, y=89.71
2025-11-23 16:26:57.222 [main] DEBUG r.s.tk.cheefkeef.laba2.jdbc.PointDAO - Выполнение SQL: INSERT INTO points (f_id, x_value, y_value) VALUES (?, ?, ?) с параметрами: functionId=3014, x=50.59, y=89.71
2025-11-23 16:26:57.223 [main] DEBUG r.s.tk.cheefkeef.laba2.jdbc.PointDAO - Количество затронутых строк: 1
2025-11-23 16:26:57.223 [main] INFO  r.s.tk.cheefkeef.laba2.jdbc.PointDAO - Точка успешно создана с ID: 80972
2025-11-23 16:26:57.223 [main] INFO  r.s.tk.cheefkeef.laba2.jdbc.PointDAO - Начало поиска точек с сортировкой: поле=id, направление=ASC
2025-11-23 16:26:57.353 [main] DEBUG r.s.tk.cheefkeef.laba2.jdbc.PointDAO - Выполнение SQL с сортировкой: SELECT id, f_id, x_value, y_value FROM points ORDER BY id ASC
2025-11-23 16:26:57.361 [main] INFO  r.s.tk.cheefkeef.laba2.jdbc.PointDAO - Успешно получено 10005 точек с сортировкой по id ASC
2025-11-23 16:26:57.361 [main] INFO  r.s.tk.cheefkeef.laba2.jdbc.PointDAO - Начало поиска точек с сортировкой: поле=x_value, направление=DESC
2025-11-23 16:26:57.391 [main] DEBUG r.s.tk.cheefkeef.laba2.jdbc.PointDAO - Выполнение SQL с сортировкой: SELECT id, f_id, x_value, y_value FROM points ORDER BY x_value DESC
2025-11-23 16:26:57.400 [main] INFO  r.s.tk.cheefkeef.laba2.jdbc.PointDAO - Успешно получено 10005 точек с сортировкой по x_value DESC
2025-11-23 16:26:57.400 [main] INFO  r.s.tk.cheefkeef.laba2.jdbc.PointDAO - Начало поиска точек с сортировкой: поле=y_value, направление=ASC
2025-11-23 16:26:57.539 [main] DEBUG r.s.tk.cheefkeef.laba2.jdbc.PointDAO - Выполнение SQL с сортировкой: SELECT id, f_id, x_value, y_value FROM points ORDER BY y_value ASC
2025-11-23 16:26:57.546 [main] INFO  r.s.tk.cheefkeef.laba2.jdbc.PointDAO - Успешно получено 10005 точек с сортировкой по y_value ASC
2025-11-23 16:26:57.547 [main] INFO  r.s.tk.cheefkeef.laba2.jdbc.PointDAO - Начало поиска точек с сортировкой: поле=f_id, направление=DESC
2025-11-23 16:26:57.680 [main] DEBUG r.s.tk.cheefkeef.laba2.jdbc.PointDAO - Выполнение SQL с сортировкой: SELECT id, f_id, x_value, y_value FROM points ORDER BY f_id DESC
2025-11-23 16:26:57.688 [main] INFO  r.s.tk.cheefkeef.laba2.jdbc.PointDAO - Успешно получено 10005 точек с сортировкой по f_id DESC
2025-11-23 16:26:57.689 [main] INFO  r.s.tk.cheefkeef.laba2.jdbc.PointDAO - Удаление всех точек функции ID: 3014
2025-11-23 16:26:57.815 [main] DEBUG r.s.tk.cheefkeef.laba2.jdbc.PointDAO - Выполнение SQL: DELETE FROM points WHERE f_id = ? с параметром functionId: 3014
2025-11-23 16:26:57.818 [main] INFO  r.s.tk.cheefkeef.laba2.jdbc.PointDAO - Удалено 5 точек функции ID: 3014
2025-11-23 16:26:57.819 [main] INFO  r.s.tk.cheefkeef.laba2.jdbc.PointDAO - Создание новой точки: functionId=3014, x=13.15, y=60.03
2025-11-23 16:26:57.954 [main] DEBUG r.s.tk.cheefkeef.laba2.jdbc.PointDAO - Выполнение SQL: INSERT INTO points (f_id, x_value, y_value) VALUES (?, ?, ?) с параметрами: functionId=3014, x=13.15, y=60.03
2025-11-23 16:26:57.956 [main] DEBUG r.s.tk.cheefkeef.laba2.jdbc.PointDAO - Количество затронутых строк: 1
2025-11-23 16:26:57.956 [main] INFO  r.s.tk.cheefkeef.laba2.jdbc.PointDAO - Точка успешно создана с ID: 80973
2025-11-23 16:26:57.957 [main] INFO  r.s.tk.cheefkeef.laba2.jdbc.PointDAO - Создание новой точки: functionId=3014, x=86.63, y=49.65
2025-11-23 16:26:58.092 [main] DEBUG r.s.tk.cheefkeef.laba2.jdbc.PointDAO - Выполнение SQL: INSERT INTO points (f_id, x_value, y_value) VALUES (?, ?, ?) с параметрами: functionId=3014, x=86.63, y=49.65
2025-11-23 16:26:58.094 [main] DEBUG r.s.tk.cheefkeef.laba2.jdbc.PointDAO - Количество затронутых строк: 1
2025-11-23 16:26:58.094 [main] INFO  r.s.tk.cheefkeef.laba2.jdbc.PointDAO - Точка успешно создана с ID: 80974
2025-11-23 16:26:58.094 [main] INFO  r.s.tk.cheefkeef.laba2.jdbc.PointDAO - Создание новой точки: functionId=3014, x=64.78, y=79.46
2025-11-23 16:26:58.117 [main] DEBUG r.s.tk.cheefkeef.laba2.jdbc.PointDAO - Выполнение SQL: INSERT INTO points (f_id, x_value, y_value) VALUES (?, ?, ?) с параметрами: functionId=3014, x=64.78, y=79.46
2025-11-23 16:26:58.119 [main] DEBUG r.s.tk.cheefkeef.laba2.jdbc.PointDAO - Количество затронутых строк: 1
2025-11-23 16:26:58.119 [main] INFO  r.s.tk.cheefkeef.laba2.jdbc.PointDAO - Точка успешно создана с ID: 80975
2025-11-23 16:26:58.119 [main] INFO  r.s.tk.cheefkeef.laba2.jdbc.PointDAO - Создание новой точки: functionId=3014, x=82.69, y=90.99
2025-11-23 16:26:58.247 [main] DEBUG r.s.tk.cheefkeef.laba2.jdbc.PointDAO - Выполнение SQL: INSERT INTO points (f_id, x_value, y_value) VALUES (?, ?, ?) с параметрами: functionId=3014, x=82.69, y=90.99
2025-11-23 16:26:58.249 [main] DEBUG r.s.tk.cheefkeef.laba2.jdbc.PointDAO - Количество затронутых строк: 1
2025-11-23 16:26:58.249 [main] INFO  r.s.tk.cheefkeef.laba2.jdbc.PointDAO - Точка успешно создана с ID: 80976
2025-11-23 16:26:58.250 [main] INFO  r.s.tk.cheefkeef.laba2.jdbc.PointDAO - Создание новой точки: functionId=3014, x=90.87, y=94.48
2025-11-23 16:26:58.372 [main] DEBUG r.s.tk.cheefkeef.laba2.jdbc.PointDAO - Выполнение SQL: INSERT INTO points (f_id, x_value, y_value) VALUES (?, ?, ?) с параметрами: functionId=3014, x=90.87, y=94.48
2025-11-23 16:26:58.373 [main] DEBUG r.s.tk.cheefkeef.laba2.jdbc.PointDAO - Количество затронутых строк: 1
2025-11-23 16:26:58.373 [main] INFO  r.s.tk.cheefkeef.laba2.jdbc.PointDAO - Точка успешно создана с ID: 80977
2025-11-23 16:26:58.374 [main] INFO  r.s.tk.cheefkeef.laba2.jdbc.PointDAO - Удаление всех точек функции ID: 3014
2025-11-23 16:26:58.493 [main] DEBUG r.s.tk.cheefkeef.laba2.jdbc.PointDAO - Выполнение SQL: DELETE FROM points WHERE f_id = ? с параметром functionId: 3014
2025-11-23 16:26:58.495 [main] INFO  r.s.tk.cheefkeef.laba2.jdbc.PointDAO - Удалено 5 точек функции ID: 3014
2025-11-23 16:26:58.496 [main] INFO  r.s.tk.cheefkeef.laba2.jdbc.PointDAO - Поиск точек по ID функции: 3014
2025-11-23 16:26:58.620 [main] DEBUG r.s.tk.cheefkeef.laba2.jdbc.PointDAO - Выполнение SQL: SELECT id, f_id, x_value, y_value FROM points WHERE f_id = ? ORDER BY x_value с параметром functionId: 3014
2025-11-23 16:26:58.623 [main] INFO  r.s.tk.cheefkeef.laba2.jdbc.PointDAO - Найдено 0 точек для функции ID: 3014
2025-11-23 16:26:58.625 [main] INFO  r.s.tk.cheefkeef.laba2.jdbc.PointDAO - Удаление всех точек функции ID: 3014
2025-11-23 16:26:58.760 [main] DEBUG r.s.tk.cheefkeef.laba2.jdbc.PointDAO - Выполнение SQL: DELETE FROM points WHERE f_id = ? с параметром functionId: 3014
2025-11-23 16:26:58.762 [main] INFO  r.s.tk.cheefkeef.laba2.jdbc.PointDAO - Не найдено точек для удаления функции ID: 3014
2025-11-23 16:26:58.763 [main] INFO  r.s.tk.cheefkeef.laba2.jdbc.PointDAO - Создание новой точки: functionId=3014, x=2.5, y=-0.22
2025-11-23 16:26:58.894 [main] DEBUG r.s.tk.cheefkeef.laba2.jdbc.PointDAO - Выполнение SQL: INSERT INTO points (f_id, x_value, y_value) VALUES (?, ?, ?) с параметрами: functionId=3014, x=2.5, y=-0.22
2025-11-23 16:26:58.896 [main] DEBUG r.s.tk.cheefkeef.laba2.jdbc.PointDAO - Количество затронутых строк: 1
2025-11-23 16:26:58.896 [main] INFO  r.s.tk.cheefkeef.laba2.jdbc.PointDAO - Точка успешно создана с ID: 80978
2025-11-23 16:26:58.896 [main] INFO  r.s.tk.cheefkeef.laba2.jdbc.PointDAO - Создание новой точки: functionId=3014, x=7.8, y=7.82
2025-11-23 16:26:58.922 [main] DEBUG r.s.tk.cheefkeef.laba2.jdbc.PointDAO - Выполнение SQL: INSERT INTO points (f_id, x_value, y_value) VALUES (?, ?, ?) с параметрами: functionId=3014, x=7.8, y=7.82
2025-11-23 16:26:58.923 [main] DEBUG r.s.tk.cheefkeef.laba2.jdbc.PointDAO - Количество затронутых строк: 1
2025-11-23 16:26:58.923 [main] INFO  r.s.tk.cheefkeef.laba2.jdbc.PointDAO - Точка успешно создана с ID: 80979
2025-11-23 16:26:58.924 [main] INFO  r.s.tk.cheefkeef.laba2.jdbc.PointDAO - Создание новой точки: functionId=3014, x=12.3, y=-3.71
2025-11-23 16:26:59.057 [main] DEBUG r.s.tk.cheefkeef.laba2.jdbc.PointDAO - Выполнение SQL: INSERT INTO points (f_id, x_value, y_value) VALUES (?, ?, ?) с параметрами: functionId=3014, x=12.3, y=-3.71
2025-11-23 16:26:59.058 [main] DEBUG r.s.tk.cheefkeef.laba2.jdbc.PointDAO - Количество затронутых строк: 1
2025-11-23 16:26:59.058 [main] INFO  r.s.tk.cheefkeef.laba2.jdbc.PointDAO - Точка успешно создана с ID: 80980
2025-11-23 16:26:59.058 [main] INFO  r.s.tk.cheefkeef.laba2.jdbc.PointDAO - Создание новой точки: functionId=3014, x=18.9, y=-3.29
2025-11-23 16:26:59.195 [main] DEBUG r.s.tk.cheefkeef.laba2.jdbc.PointDAO - Выполнение SQL: INSERT INTO points (f_id, x_value, y_value) VALUES (?, ?, ?) с параметрами: functionId=3014, x=18.9, y=-3.29
2025-11-23 16:26:59.198 [main] DEBUG r.s.tk.cheefkeef.laba2.jdbc.PointDAO - Количество затронутых строк: 1
2025-11-23 16:26:59.198 [main] INFO  r.s.tk.cheefkeef.laba2.jdbc.PointDAO - Точка успешно создана с ID: 80981
2025-11-23 16:26:59.199 [main] INFO  r.s.tk.cheefkeef.laba2.jdbc.PointDAO - Создание новой точки: functionId=3014, x=25.1, y=0.98
2025-11-23 16:26:59.459 [main] DEBUG r.s.tk.cheefkeef.laba2.jdbc.PointDAO - Выполнение SQL: INSERT INTO points (f_id, x_value, y_value) VALUES (?, ?, ?) с параметрами: functionId=3014, x=25.1, y=0.98
2025-11-23 16:26:59.462 [main] DEBUG r.s.tk.cheefkeef.laba2.jdbc.PointDAO - Количество затронутых строк: 1
2025-11-23 16:26:59.462 [main] INFO  r.s.tk.cheefkeef.laba2.jdbc.PointDAO - Точка успешно создана с ID: 80982
2025-11-23 16:26:59.463 [main] DEBUG r.s.tk.cheefkeef.laba2.jdbc.PointDAO - Получение диапазона X для функции ID: 3014
2025-11-23 16:26:59.533 [main] DEBUG r.s.tk.cheefkeef.laba2.jdbc.PointDAO - Выполнение SQL: SELECT MIN(x_value), MAX(x_value) FROM points WHERE f_id = ? с параметром functionId: 3014
2025-11-23 16:26:59.540 [main] DEBUG r.s.tk.cheefkeef.laba2.jdbc.PointDAO - Диапазон X для функции ID: 3014 - от 2.5 до 25.1
2025-11-23 16:26:59.542 [main] INFO  r.s.tk.cheefkeef.laba2.jdbc.PointDAO - Удаление всех точек функции ID: 3014
2025-11-23 16:26:59.608 [main] DEBUG r.s.tk.cheefkeef.laba2.jdbc.PointDAO - Выполнение SQL: DELETE FROM points WHERE f_id = ? с параметром functionId: 3014
2025-11-23 16:26:59.613 [main] INFO  r.s.tk.cheefkeef.laba2.jdbc.PointDAO - Удалено 5 точек функции ID: 3014
2025-11-23 16:26:59.613 [main] INFO  r.s.tk.cheefkeef.laba2.jdbc.PointDAO - Создание новой точки: functionId=3014, x=65.08, y=45.42
2025-11-23 16:26:59.660 [main] DEBUG r.s.tk.cheefkeef.laba2.jdbc.PointDAO - Выполнение SQL: INSERT INTO points (f_id, x_value, y_value) VALUES (?, ?, ?) с параметрами: functionId=3014, x=65.08, y=45.42
2025-11-23 16:26:59.662 [main] DEBUG r.s.tk.cheefkeef.laba2.jdbc.PointDAO - Количество затронутых строк: 1
2025-11-23 16:26:59.662 [main] INFO  r.s.tk.cheefkeef.laba2.jdbc.PointDAO - Точка успешно создана с ID: 80983
2025-11-23 16:26:59.663 [main] INFO  r.s.tk.cheefkeef.laba2.jdbc.PointDAO - Создание новой точки: functionId=3014, x=2.98, y=33.25
2025-11-23 16:26:59.710 [main] DEBUG r.s.tk.cheefkeef.laba2.jdbc.PointDAO - Выполнение SQL: INSERT INTO points (f_id, x_value, y_value) VALUES (?, ?, ?) с параметрами: functionId=3014, x=2.98, y=33.25
2025-11-23 16:26:59.713 [main] DEBUG r.s.tk.cheefkeef.laba2.jdbc.PointDAO - Количество затронутых строк: 1
2025-11-23 16:26:59.713 [main] INFO  r.s.tk.cheefkeef.laba2.jdbc.PointDAO - Точка успешно создана с ID: 80984
2025-11-23 16:26:59.714 [main] INFO  r.s.tk.cheefkeef.laba2.jdbc.PointDAO - Создание новой точки: functionId=3014, x=29.06, y=91.28
2025-11-23 16:26:59.779 [main] DEBUG r.s.tk.cheefkeef.laba2.jdbc.PointDAO - Выполнение SQL: INSERT INTO points (f_id, x_value, y_value) VALUES (?, ?, ?) с параметрами: functionId=3014, x=29.06, y=91.28
2025-11-23 16:26:59.783 [main] DEBUG r.s.tk.cheefkeef.laba2.jdbc.PointDAO - Количество затронутых строк: 1
2025-11-23 16:26:59.783 [main] INFO  r.s.tk.cheefkeef.laba2.jdbc.PointDAO - Точка успешно создана с ID: 80985
2025-11-23 16:26:59.783 [main] INFO  r.s.tk.cheefkeef.laba2.jdbc.PointDAO - Начало поиска точек с сортировкой: поле=invalid_field, направление=INVALID_DIRECTION
2025-11-23 16:26:59.783 [main] WARN  r.s.tk.cheefkeef.laba2.jdbc.PointDAO - Попытка сортировки по недопустимому полю: invalid_field
2025-11-23 16:26:59.783 [main] WARN  r.s.tk.cheefkeef.laba2.jdbc.PointDAO - Недопустимое направление сортировки: INVALID_DIRECTION, установлено ASC
2025-11-23 16:26:59.840 [main] DEBUG r.s.tk.cheefkeef.laba2.jdbc.PointDAO - Выполнение SQL с сортировкой: SELECT id, f_id, x_value, y_value FROM points ORDER BY id ASC
2025-11-23 16:26:59.854 [main] INFO  r.s.tk.cheefkeef.laba2.jdbc.PointDAO - Успешно получено 10003 точек с сортировкой по id ASC
2025-11-23 16:26:59.856 [main] INFO  r.s.tk.cheefkeef.laba2.jdbc.PointDAO - Удаление всех точек функции ID: 3014
2025-11-23 16:26:59.896 [main] DEBUG r.s.tk.cheefkeef.laba2.jdbc.PointDAO - Выполнение SQL: DELETE FROM points WHERE f_id = ? с параметром functionId: 3014
2025-11-23 16:26:59.902 [main] INFO  r.s.tk.cheefkeef.laba2.jdbc.PointDAO - Удалено 3 точек функции ID: 3014
2025-11-23 16:26:59.903 [main] INFO  r.s.tk.cheefkeef.laba2.jdbc.PointDAO - Создание новой точки: functionId=3014, x=42.5, y=12.64
2025-11-23 16:26:59.940 [main] DEBUG r.s.tk.cheefkeef.laba2.jdbc.PointDAO - Выполнение SQL: INSERT INTO points (f_id, x_value, y_value) VALUES (?, ?, ?) с параметрами: functionId=3014, x=42.5, y=12.64
2025-11-23 16:26:59.943 [main] DEBUG r.s.tk.cheefkeef.laba2.jdbc.PointDAO - Количество затронутых строк: 1
2025-11-23 16:26:59.943 [main] INFO  r.s.tk.cheefkeef.laba2.jdbc.PointDAO - Точка успешно создана с ID: 80986
2025-11-23 16:26:59.943 [main] INFO  r.s.tk.cheefkeef.laba2.jdbc.PointDAO - Поиск точки по functionId: 3014 и X: 42.5
2025-11-23 16:27:00.095 [main] DEBUG r.s.tk.cheefkeef.laba2.jdbc.PointDAO - Выполнение SQL: SELECT id, f_id, x_value, y_value FROM points WHERE f_id = ? AND x_value = ? с параметрами functionId: 3014, xValue: 42.5
2025-11-23 16:27:00.102 [main] INFO  r.s.tk.cheefkeef.laba2.jdbc.PointDAO - Точка найдена для functionId: 3014 и X: 42.5
2025-11-23 16:27:00.107 [main] INFO  r.s.tk.cheefkeef.laba2.jdbc.PointDAO - Удаление всех точек функции ID: 3014
2025-11-23 16:27:00.157 [main] DEBUG r.s.tk.cheefkeef.laba2.jdbc.PointDAO - Выполнение SQL: DELETE FROM points WHERE f_id = ? с параметром functionId: 3014
2025-11-23 16:27:00.163 [main] INFO  r.s.tk.cheefkeef.laba2.jdbc.PointDAO - Удалено 1 точек функции ID: 3014
2025-11-23 16:27:00.164 [main] INFO  r.s.tk.cheefkeef.laba2.jdbc.PointDAO - Поиск точки по ID: -1
2025-11-23 16:27:00.212 [main] DEBUG r.s.tk.cheefkeef.laba2.jdbc.PointDAO - Выполнение SQL: SELECT id, f_id, x_value, y_value FROM points WHERE id = ? с параметром ID: -1
2025-11-23 16:27:00.215 [main] INFO  r.s.tk.cheefkeef.laba2.jdbc.PointDAO - Точка с ID -1 не найдена
2025-11-23 16:27:00.216 [main] INFO  r.s.tk.cheefkeef.laba2.jdbc.PointDAO - Удаление всех точек функции ID: 3014
2025-11-23 16:27:00.247 [main] DEBUG r.s.tk.cheefkeef.laba2.jdbc.PointDAO - Выполнение SQL: DELETE FROM points WHERE f_id = ? с параметром functionId: 3014
2025-11-23 16:27:00.251 [main] INFO  r.s.tk.cheefkeef.laba2.jdbc.PointDAO - Не найдено точек для удаления функции ID: 3014
2025-11-23 16:27:00.252 [main] INFO  r.s.tk.cheefkeef.laba2.jdbc.PointDAO - Создание новой точки: functionId=3014, x=78.26, y=83.42
2025-11-23 16:27:00.285 [main] DEBUG r.s.tk.cheefkeef.laba2.jdbc.PointDAO - Выполнение SQL: INSERT INTO points (f_id, x_value, y_value) VALUES (?, ?, ?) с параметрами: functionId=3014, x=78.26, y=83.42
2025-11-23 16:27:00.287 [main] DEBUG r.s.tk.cheefkeef.laba2.jdbc.PointDAO - Количество затронутых строк: 1
2025-11-23 16:27:00.288 [main] INFO  r.s.tk.cheefkeef.laba2.jdbc.PointDAO - Точка успешно создана с ID: 80987
2025-11-23 16:27:00.288 [main] INFO  r.s.tk.cheefkeef.laba2.jdbc.PointDAO - Создание новой точки: functionId=3014, x=55.41, y=84.2
2025-11-23 16:27:00.340 [main] DEBUG r.s.tk.cheefkeef.laba2.jdbc.PointDAO - Выполнение SQL: INSERT INTO points (f_id, x_value, y_value) VALUES (?, ?, ?) с параметрами: functionId=3014, x=55.41, y=84.2
2025-11-23 16:27:00.342 [main] DEBUG r.s.tk.cheefkeef.laba2.jdbc.PointDAO - Количество затронутых строк: 1
2025-11-23 16:27:00.342 [main] INFO  r.s.tk.cheefkeef.laba2.jdbc.PointDAO - Точка успешно создана с ID: 80988
2025-11-23 16:27:00.343 [main] INFO  r.s.tk.cheefkeef.laba2.jdbc.PointDAO - Создание новой точки: functionId=3014, x=75.51, y=99.57
2025-11-23 16:27:00.413 [main] DEBUG r.s.tk.cheefkeef.laba2.jdbc.PointDAO - Выполнение SQL: INSERT INTO points (f_id, x_value, y_value) VALUES (?, ?, ?) с параметрами: functionId=3014, x=75.51, y=99.57
2025-11-23 16:27:00.416 [main] DEBUG r.s.tk.cheefkeef.laba2.jdbc.PointDAO - Количество затронутых строк: 1
2025-11-23 16:27:00.416 [main] INFO  r.s.tk.cheefkeef.laba2.jdbc.PointDAO - Точка успешно создана с ID: 80989
2025-11-23 16:27:00.417 [main] INFO  r.s.tk.cheefkeef.laba2.jdbc.PointDAO - Создание новой точки: functionId=3014, x=13.83, y=36.77
2025-11-23 16:27:00.462 [main] DEBUG r.s.tk.cheefkeef.laba2.jdbc.PointDAO - Выполнение SQL: INSERT INTO points (f_id, x_value, y_value) VALUES (?, ?, ?) с параметрами: functionId=3014, x=13.83, y=36.77
2025-11-23 16:27:00.464 [main] DEBUG r.s.tk.cheefkeef.laba2.jdbc.PointDAO - Количество затронутых строк: 1
2025-11-23 16:27:00.464 [main] INFO  r.s.tk.cheefkeef.laba2.jdbc.PointDAO - Точка успешно создана с ID: 80990
2025-11-23 16:27:00.464 [main] INFO  r.s.tk.cheefkeef.laba2.jdbc.PointDAO - Создание новой точки: functionId=3014, x=71.14, y=16.29
2025-11-23 16:27:00.497 [main] DEBUG r.s.tk.cheefkeef.laba2.jdbc.PointDAO - Выполнение SQL: INSERT INTO points (f_id, x_value, y_value) VALUES (?, ?, ?) с параметрами: functionId=3014, x=71.14, y=16.29
2025-11-23 16:27:00.502 [main] DEBUG r.s.tk.cheefkeef.laba2.jdbc.PointDAO - Количество затронутых строк: 1
2025-11-23 16:27:00.502 [main] INFO  r.s.tk.cheefkeef.laba2.jdbc.PointDAO - Точка успешно создана с ID: 80991
2025-11-23 16:27:00.503 [main] INFO  r.s.tk.cheefkeef.laba2.jdbc.PointDAO - Создание новой точки: functionId=3014, x=33.23, y=29.43
2025-11-23 16:27:00.530 [main] DEBUG r.s.tk.cheefkeef.laba2.jdbc.PointDAO - Выполнение SQL: INSERT INTO points (f_id, x_value, y_value) VALUES (?, ?, ?) с параметрами: functionId=3014, x=33.23, y=29.43
2025-11-23 16:27:00.533 [main] DEBUG r.s.tk.cheefkeef.laba2.jdbc.PointDAO - Количество затронутых строк: 1
2025-11-23 16:27:00.533 [main] INFO  r.s.tk.cheefkeef.laba2.jdbc.PointDAO - Точка успешно создана с ID: 80992
2025-11-23 16:27:00.533 [main] INFO  r.s.tk.cheefkeef.laba2.jdbc.PointDAO - Создание новой точки: functionId=3014, x=19.49, y=89.5
2025-11-23 16:27:00.562 [main] DEBUG r.s.tk.cheefkeef.laba2.jdbc.PointDAO - Выполнение SQL: INSERT INTO points (f_id, x_value, y_value) VALUES (?, ?, ?) с параметрами: functionId=3014, x=19.49, y=89.5
2025-11-23 16:27:00.565 [main] DEBUG r.s.tk.cheefkeef.laba2.jdbc.PointDAO - Количество затронутых строк: 1
2025-11-23 16:27:00.566 [main] INFO  r.s.tk.cheefkeef.laba2.jdbc.PointDAO - Точка успешно создана с ID: 80993
2025-11-23 16:27:00.566 [main] DEBUG r.s.tk.cheefkeef.laba2.jdbc.PointDAO - Подсчет количества точек функции ID: 3014
2025-11-23 16:27:00.697 [main] DEBUG r.s.tk.cheefkeef.laba2.jdbc.PointDAO - Выполнение SQL: SELECT COUNT(*) FROM points WHERE f_id = ? с параметром functionId: 3014
2025-11-23 16:27:00.700 [main] DEBUG r.s.tk.cheefkeef.laba2.jdbc.PointDAO - Найдено 7 точек для функции ID: 3014
2025-11-23 16:27:00.701 [main] INFO  r.s.tk.cheefkeef.laba2.jdbc.PointDAO - Удаление всех точек функции ID: 3014
2025-11-23 16:27:00.723 [main] DEBUG r.s.tk.cheefkeef.laba2.jdbc.PointDAO - Выполнение SQL: DELETE FROM points WHERE f_id = ? с параметром functionId: 3014
2025-11-23 16:27:00.726 [main] INFO  r.s.tk.cheefkeef.laba2.jdbc.PointDAO - Удалено 7 точек функции ID: 3014
2025-11-23 16:27:00.726 [main] INFO  r.s.t.c.laba2.jdbc.PointDAOTest - Очистка тестовых данных завершена
2025-11-23 16:27:00.729 [main] INFO  r.s.t.c.laba2.jdbc.UserDAOTest - Инициализация тестового окружения UserDAO
2025-11-23 16:27:00.758 [main] DEBUG r.s.t.c.laba2.jdbc.UserDAOTest - Создан тестовый пользователь: User{id=null, login='testuser_нина_лукин_1763900820758', role=user, enabled=true}
2025-11-23 16:27:00.759 [main] INFO  r.s.t.c.laba2.jdbc.UserDAOTest - Запуск теста: создание пользователя
2025-11-23 16:27:00.759 [main] INFO  r.s.tk.cheefkeef.laba2.jdbc.UserDAO - Создание нового пользователя: testuser_нина_лукин_1763900820758
2025-11-23 16:27:00.795 [main] INFO  r.s.tk.cheefkeef.laba2.jdbc.UserDAO - Пользователь testuser_нина_лукин_1763900820758 успешно создан с ID: 40242
2025-11-23 16:27:00.795 [main] INFO  r.s.t.c.laba2.jdbc.UserDAOTest - Успешно создан пользователь с ID: 40242
2025-11-23 16:27:00.796 [main] INFO  r.s.t.c.laba2.jdbc.UserDAOTest - Запуск теста: поиск пользователя по ID
2025-11-23 16:27:00.796 [main] DEBUG r.s.tk.cheefkeef.laba2.jdbc.UserDAO - Поиск пользователя по ID: 40242
2025-11-23 16:27:00.824 [main] DEBUG r.s.tk.cheefkeef.laba2.jdbc.UserDAO - Пользователь с ID 40242 найден: testuser_нина_лукин_1763900820758
2025-11-23 16:27:00.824 [main] DEBUG r.s.t.c.laba2.jdbc.UserDAOTest - Найден пользователь: User{id=40242, login='testuser_нина_лукин_1763900820758', role=user, enabled=true}
2025-11-23 16:27:00.826 [main] INFO  r.s.t.c.laba2.jdbc.UserDAOTest - Запуск теста: поиск пользователя по логину
2025-11-23 16:27:00.826 [main] DEBUG r.s.tk.cheefkeef.laba2.jdbc.UserDAO - Поиск пользователя по login: testuser_нина_лукин_1763900820758
2025-11-23 16:27:00.865 [main] DEBUG r.s.tk.cheefkeef.laba2.jdbc.UserDAO - Пользователь с login testuser_нина_лукин_1763900820758 найден
2025-11-23 16:27:00.865 [main] DEBUG r.s.t.c.laba2.jdbc.UserDAOTest - Найден пользователь по логину testuser_нина_лукин_1763900820758: User{id=40242, login='testuser_нина_лукин_1763900820758', role=user, enabled=true}
2025-11-23 16:27:00.867 [main] INFO  r.s.t.c.laba2.jdbc.UserDAOTest - Запуск теста: получение всех пользователей
2025-11-23 16:27:00.867 [main] INFO  r.s.tk.cheefkeef.laba2.jdbc.UserDAO - Начало получения всех пользователей
2025-11-23 16:27:00.993 [main] INFO  r.s.tk.cheefkeef.laba2.jdbc.UserDAO - Успешно получено 103 пользователей
2025-11-23 16:27:00.993 [main] INFO  r.s.t.c.laba2.jdbc.UserDAOTest - Найдено 103 пользователей
2025-11-23 16:27:00.994 [main] INFO  r.s.t.c.laba2.jdbc.UserDAOTest - Запуск теста: поиск пользователей по роли
2025-11-23 16:27:00.994 [main] DEBUG r.s.tk.cheefkeef.laba2.jdbc.UserDAO - Поиск пользователей по роли: user
2025-11-23 16:27:01.130 [main] DEBUG r.s.tk.cheefkeef.laba2.jdbc.UserDAO - Найдено 50 пользователей с ролью user
2025-11-23 16:27:01.131 [main] INFO  r.s.t.c.laba2.jdbc.UserDAOTest - Найдено 50 пользователей с ролью 'user'
2025-11-23 16:27:01.132 [main] INFO  r.s.t.c.laba2.jdbc.UserDAOTest - Запуск теста: поиск пользователей по статусу enabled
2025-11-23 16:27:01.132 [main] DEBUG r.s.tk.cheefkeef.laba2.jdbc.UserDAO - Поиск пользователей по статусу enabled: true
2025-11-23 16:27:01.157 [main] DEBUG r.s.tk.cheefkeef.laba2.jdbc.UserDAO - Найдено 59 пользователей со статусом enabled = true
2025-11-23 16:27:01.157 [main] DEBUG r.s.tk.cheefkeef.laba2.jdbc.UserDAO - Поиск пользователей по статусу enabled: false
2025-11-23 16:27:01.184 [main] DEBUG r.s.tk.cheefkeef.laba2.jdbc.UserDAO - Найдено 44 пользователей со статусом enabled = false
2025-11-23 16:27:01.185 [main] INFO  r.s.t.c.laba2.jdbc.UserDAOTest - Найдено 59 активных и 44 неактивных пользователей
2025-11-23 16:27:01.186 [main] INFO  r.s.t.c.laba2.jdbc.UserDAOTest - Запуск теста: обновление пользователя
2025-11-23 16:27:01.186 [main] INFO  r.s.tk.cheefkeef.laba2.jdbc.UserDAO - Обновление пользователя с ID: 40242
2025-11-23 16:27:01.315 [main] INFO  r.s.tk.cheefkeef.laba2.jdbc.UserDAO - Пользователь с ID 40242 успешно обновлен
2025-11-23 16:27:01.316 [main] DEBUG r.s.tk.cheefkeef.laba2.jdbc.UserDAO - Поиск пользователя по ID: 40242
2025-11-23 16:27:01.341 [main] DEBUG r.s.tk.cheefkeef.laba2.jdbc.UserDAO - Пользователь с ID 40242 найден: testuser_геннадий_шарова_1763900821186
2025-11-23 16:27:01.341 [main] INFO  r.s.t.c.laba2.jdbc.UserDAOTest - Пользователь успешно обновлен: User{id=40242, login='testuser_геннадий_шарова_1763900821186', role=admin, enabled=false}
2025-11-23 16:27:01.342 [main] INFO  r.s.t.c.laba2.jdbc.UserDAOTest - Запуск теста: обновление только статуса enabled
2025-11-23 16:27:01.342 [main] INFO  r.s.tk.cheefkeef.laba2.jdbc.UserDAO - Обновление статуса enabled для пользователя с ID: 40242, новое значение: true
2025-11-23 16:27:01.375 [main] INFO  r.s.tk.cheefkeef.laba2.jdbc.UserDAO - Статус enabled для пользователя с ID 40242 успешно обновлен на true
2025-11-23 16:27:01.375 [main] DEBUG r.s.tk.cheefkeef.laba2.jdbc.UserDAO - Поиск пользователя по ID: 40242
2025-11-23 16:27:01.504 [main] DEBUG r.s.tk.cheefkeef.laba2.jdbc.UserDAO - Пользователь с ID 40242 найден: testuser_геннадий_шарова_1763900821186
2025-11-23 16:27:01.505 [main] INFO  r.s.t.c.laba2.jdbc.UserDAOTest - Статус enabled успешно обновлен на true
2025-11-23 16:27:01.506 [main] INFO  r.s.t.c.laba2.jdbc.UserDAOTest - Запуск теста: создание нескольких пользователей с Faker
2025-11-23 16:27:01.506 [main] INFO  r.s.tk.cheefkeef.laba2.jdbc.UserDAO - Создание нового пользователя: testuser_раиса_данилов_1763900821506
2025-11-23 16:27:01.627 [main] INFO  r.s.tk.cheefkeef.laba2.jdbc.UserDAO - Пользователь testuser_раиса_данилов_1763900821506 успешно создан с ID: 40243
2025-11-23 16:27:01.627 [main] DEBUG r.s.t.c.laba2.jdbc.UserDAOTest - Создан случайный пользователь #1/5: User{id=40243, login='testuser_раиса_данилов_1763900821506', role=user, enabled=true}
2025-11-23 16:27:01.628 [main] INFO  r.s.tk.cheefkeef.laba2.jdbc.UserDAO - Создание нового пользователя: testuser_андрей_шубина_1763900821628
2025-11-23 16:27:01.751 [main] INFO  r.s.tk.cheefkeef.laba2.jdbc.UserDAO - Пользователь testuser_андрей_шубина_1763900821628 успешно создан с ID: 40244
2025-11-23 16:27:01.751 [main] DEBUG r.s.t.c.laba2.jdbc.UserDAOTest - Создан случайный пользователь #2/5: User{id=40244, login='testuser_андрей_шубина_1763900821628', role=admin, enabled=true}
2025-11-23 16:27:01.752 [main] INFO  r.s.tk.cheefkeef.laba2.jdbc.UserDAO - Создание нового пользователя: testuser_лаврентий_крюков_1763900821752
2025-11-23 16:27:01.774 [main] INFO  r.s.tk.cheefkeef.laba2.jdbc.UserDAO - Пользователь testuser_лаврентий_крюков_1763900821752 успешно создан с ID: 40245
2025-11-23 16:27:01.774 [main] DEBUG r.s.t.c.laba2.jdbc.UserDAOTest - Создан случайный пользователь #3/5: User{id=40245, login='testuser_лаврентий_крюков_1763900821752', role=user, enabled=false}
2025-11-23 16:27:01.774 [main] INFO  r.s.tk.cheefkeef.laba2.jdbc.UserDAO - Создание нового пользователя: testuser_анатолий_вишняков_1763900821774
2025-11-23 16:27:01.913 [main] INFO  r.s.tk.cheefkeef.laba2.jdbc.UserDAO - Пользователь testuser_анатолий_вишняков_1763900821774 успешно создан с ID: 40246
2025-11-23 16:27:01.913 [main] DEBUG r.s.t.c.laba2.jdbc.UserDAOTest - Создан случайный пользователь #4/5: User{id=40246, login='testuser_анатолий_вишняков_1763900821774', role=admin, enabled=false}
2025-11-23 16:27:01.913 [main] INFO  r.s.tk.cheefkeef.laba2.jdbc.UserDAO - Создание нового пользователя: testuser_илья_мясникова_1763900821913
2025-11-23 16:27:01.941 [main] INFO  r.s.tk.cheefkeef.laba2.jdbc.UserDAO - Пользователь testuser_илья_мясникова_1763900821913 успешно создан с ID: 40247
2025-11-23 16:27:01.941 [main] DEBUG r.s.t.c.laba2.jdbc.UserDAOTest - Создан случайный пользователь #5/5: User{id=40247, login='testuser_илья_мясникова_1763900821913', role=admin, enabled=true}
2025-11-23 16:27:01.941 [main] INFO  r.s.t.c.laba2.jdbc.UserDAOTest - Успешно создано 5 случайных пользователей
2025-11-23 16:27:01.942 [main] INFO  r.s.t.c.laba2.jdbc.UserDAOTest - Запуск теста: поиск по ролям после создания нескольких пользователей
2025-11-23 16:27:01.942 [main] DEBUG r.s.tk.cheefkeef.laba2.jdbc.UserDAO - Поиск пользователей по роли: admin
2025-11-23 16:27:01.967 [main] DEBUG r.s.tk.cheefkeef.laba2.jdbc.UserDAO - Найдено 57 пользователей с ролью admin
2025-11-23 16:27:01.967 [main] DEBUG r.s.tk.cheefkeef.laba2.jdbc.UserDAO - Поиск пользователей по роли: user
2025-11-23 16:27:02.106 [main] DEBUG r.s.tk.cheefkeef.laba2.jdbc.UserDAO - Найдено 51 пользователей с ролью user
2025-11-23 16:27:02.107 [main] INFO  r.s.t.c.laba2.jdbc.UserDAOTest - Найдено 57 администраторов и 51 обычных пользователей
2025-11-23 16:27:02.107 [main] DEBUG r.s.t.c.laba2.jdbc.UserDAOTest - Администратор: User{id=40038, login='testuser_вера_егоров_1762755231983', role=admin, enabled=false}
2025-11-23 16:27:02.107 [main] DEBUG r.s.t.c.laba2.jdbc.UserDAOTest - Администратор: User{id=40039, login='testuser_жанна_рябов_1762755232385', role=admin, enabled=true}
2025-11-23 16:27:02.107 [main] DEBUG r.s.t.c.laba2.jdbc.UserDAOTest - Администратор: User{id=40043, login='testuser_никита_волкова_1762755831263', role=admin, enabled=false}
2025-11-23 16:27:02.108 [main] DEBUG r.s.t.c.laba2.jdbc.UserDAOTest - Обычный пользователь: User{id=40037, login='testuser_степан_сазонова_1762755231365', role=user, enabled=true}
2025-11-23 16:27:02.108 [main] DEBUG r.s.t.c.laba2.jdbc.UserDAOTest - Обычный пользователь: User{id=40040, login='testuser_василиса_носкова_1762755232711', role=user, enabled=true}
2025-11-23 16:27:02.108 [main] DEBUG r.s.t.c.laba2.jdbc.UserDAOTest - Обычный пользователь: User{id=40041, login='user_with_special_chars_测试_тест_1762755233041', role=user, enabled=true}
2025-11-23 16:27:02.110 [main] INFO  r.s.t.c.laba2.jdbc.UserDAOTest - Запуск теста: множественный поиск по IDs
2025-11-23 16:27:02.111 [main] INFO  r.s.tk.cheefkeef.laba2.jdbc.UserDAO - Создание нового пользователя: testuser_эдуард_гуляева_1763900822110
2025-11-23 16:27:02.143 [main] INFO  r.s.tk.cheefkeef.laba2.jdbc.UserDAO - Пользователь testuser_эдуард_гуляева_1763900822110 успешно создан с ID: 40248
2025-11-23 16:27:02.144 [main] DEBUG r.s.tk.cheefkeef.laba2.jdbc.UserDAO - Множественный поиск пользователей по IDs: [40242, 40248]
2025-11-23 16:27:02.167 [main] DEBUG r.s.tk.cheefkeef.laba2.jdbc.UserDAO - Найдено 2 пользователей из запрошенных 2
2025-11-23 16:27:02.168 [main] INFO  r.s.tk.cheefkeef.laba2.jdbc.UserDAO - Удаление пользователя с ID: 40248
2025-11-23 16:27:02.310 [main] INFO  r.s.tk.cheefkeef.laba2.jdbc.UserDAO - Пользователь с ID 40248 успешно удален
2025-11-23 16:27:02.310 [main] INFO  r.s.t.c.laba2.jdbc.UserDAOTest - Множественный поиск по IDs выполнен успешно
2025-11-23 16:27:02.312 [main] INFO  r.s.t.c.laba2.jdbc.UserDAOTest - Запуск теста: получение пользователей с сортировкой
2025-11-23 16:27:02.312 [main] DEBUG r.s.tk.cheefkeef.laba2.jdbc.UserDAO - Получение всех пользователей с сортировкой по полю: id, порядок: ASC
2025-11-23 16:27:02.338 [main] DEBUG r.s.tk.cheefkeef.laba2.jdbc.UserDAO - Успешно получено 108 пользователей с сортировкой
2025-11-23 16:27:02.338 [main] DEBUG r.s.tk.cheefkeef.laba2.jdbc.UserDAO - Получение всех пользователей с сортировкой по полю: id, порядок: DESC
2025-11-23 16:27:02.468 [main] DEBUG r.s.tk.cheefkeef.laba2.jdbc.UserDAO - Успешно получено 108 пользователей с сортировкой
2025-11-23 16:27:02.468 [main] DEBUG r.s.tk.cheefkeef.laba2.jdbc.UserDAO - Получение всех пользователей с сортировкой по полю: login, порядок: ASC
2025-11-23 16:27:02.491 [main] DEBUG r.s.tk.cheefkeef.laba2.jdbc.UserDAO - Успешно получено 108 пользователей с сортировкой
2025-11-23 16:27:02.492 [main] INFO  r.s.t.c.laba2.jdbc.UserDAOTest - Тест сортировки завершен: ASC=108, DESC=108, login=108
2025-11-23 16:27:02.492 [main] INFO  r.s.t.c.laba2.jdbc.UserDAOTest - Запуск теста: удаление пользователя по логину
2025-11-23 16:27:02.493 [main] INFO  r.s.tk.cheefkeef.laba2.jdbc.UserDAO - Создание нового пользователя: testuser_елена_елисеев_1763900822493
2025-11-23 16:27:02.520 [main] INFO  r.s.tk.cheefkeef.laba2.jdbc.UserDAO - Пользователь testuser_елена_елисеев_1763900822493 успешно создан с ID: 40249
2025-11-23 16:27:02.520 [main] INFO  r.s.tk.cheefkeef.laba2.jdbc.UserDAO - Удаление пользователя с login: testuser_елена_елисеев_1763900822493
2025-11-23 16:27:02.650 [main] INFO  r.s.tk.cheefkeef.laba2.jdbc.UserDAO - Пользователь с login testuser_елена_елисеев_1763900822493 успешно удален
2025-11-23 16:27:02.650 [main] DEBUG r.s.tk.cheefkeef.laba2.jdbc.UserDAO - Поиск пользователя по login: testuser_елена_елисеев_1763900822493
2025-11-23 16:27:02.676 [main] DEBUG r.s.tk.cheefkeef.laba2.jdbc.UserDAO - Пользователь с login testuser_елена_елисеев_1763900822493 не найден
2025-11-23 16:27:02.676 [main] INFO  r.s.t.c.laba2.jdbc.UserDAOTest - Пользователь с логином testuser_елена_елисеев_1763900822493 успешно удален
2025-11-23 16:27:02.677 [main] INFO  r.s.t.c.laba2.jdbc.UserDAOTest - Запуск теста: удаление основного тестового пользователя по ID
2025-11-23 16:27:02.677 [main] INFO  r.s.tk.cheefkeef.laba2.jdbc.UserDAO - Удаление пользователя с ID: 40242
2025-11-23 16:27:02.702 [main] INFO  r.s.tk.cheefkeef.laba2.jdbc.UserDAO - Пользователь с ID 40242 успешно удален
2025-11-23 16:27:02.702 [main] DEBUG r.s.tk.cheefkeef.laba2.jdbc.UserDAO - Поиск пользователя по ID: 40242
2025-11-23 16:27:02.835 [main] DEBUG r.s.tk.cheefkeef.laba2.jdbc.UserDAO - Пользователь с ID 40242 не найден
2025-11-23 16:27:02.835 [main] INFO  r.s.t.c.laba2.jdbc.UserDAOTest - Основной тестовый пользователь с ID 40242 успешно удален
2025-11-23 16:27:02.836 [main] INFO  r.s.t.c.laba2.jdbc.UserDAOTest - Запуск теста: проверка граничных случаев
2025-11-23 16:27:02.836 [main] DEBUG r.s.tk.cheefkeef.laba2.jdbc.UserDAO - Поиск пользователя по ID: -1
2025-11-23 16:27:02.859 [main] DEBUG r.s.tk.cheefkeef.laba2.jdbc.UserDAO - Пользователь с ID -1 не найден
2025-11-23 16:27:02.860 [main] DEBUG r.s.tk.cheefkeef.laba2.jdbc.UserDAO - Поиск пользователя по login: non_existent_login_12345
2025-11-23 16:27:02.990 [main] DEBUG r.s.tk.cheefkeef.laba2.jdbc.UserDAO - Пользователь с login non_existent_login_12345 не найден
2025-11-23 16:27:02.990 [main] INFO  r.s.tk.cheefkeef.laba2.jdbc.UserDAO - Удаление пользователя с ID: -1
2025-11-23 16:27:03.115 [main] WARN  r.s.tk.cheefkeef.laba2.jdbc.UserDAO - Пользователь с ID -1 не найден для удаления
2025-11-23 16:27:03.115 [main] DEBUG r.s.tk.cheefkeef.laba2.jdbc.UserDAO - Множественный поиск пользователей по IDs: []
2025-11-23 16:27:03.116 [main] DEBUG r.s.tk.cheefkeef.laba2.jdbc.UserDAO - Передан пустой список IDs
2025-11-23 16:27:03.116 [main] INFO  r.s.t.c.laba2.jdbc.UserDAOTest - Все граничные случаи обработаны корректно
2025-11-23 16:27:03.116 [main] INFO  r.s.t.c.laba2.jdbc.UserDAOTest - Запуск теста: создание пользователя со специальными символами
2025-11-23 16:27:03.117 [main] INFO  r.s.tk.cheefkeef.laba2.jdbc.UserDAO - Создание нового пользователя: user_with_special_chars_测试_тест_1763900823117
2025-11-23 16:27:03.252 [main] INFO  r.s.tk.cheefkeef.laba2.jdbc.UserDAO - Пользователь user_with_special_chars_测试_тест_1763900823117 успешно создан с ID: 40250
2025-11-23 16:27:03.253 [main] INFO  r.s.tk.cheefkeef.laba2.jdbc.UserDAO - Удаление пользователя с ID: 40250
2025-11-23 16:27:03.275 [main] INFO  r.s.tk.cheefkeef.laba2.jdbc.UserDAO - Пользователь с ID 40250 успешно удален
2025-11-23 16:27:03.275 [main] INFO  r.s.t.c.laba2.jdbc.UserDAOTest - Тест со специальными символами завершен успешно
2025-11-23 16:27:03.277 [main] INFO  r.s.t.c.laba2.jdbc.UserDAOTest - Запуск теста: поиск пользователей по роли с сортировкой
2025-11-23 16:27:03.277 [main] INFO  r.s.tk.cheefkeef.laba2.jdbc.UserDAO - Создание нового пользователя: zzz_last_user_1763900823277
2025-11-23 16:27:03.302 [main] INFO  r.s.tk.cheefkeef.laba2.jdbc.UserDAO - Пользователь zzz_last_user_1763900823277 успешно создан с ID: 40251
2025-11-23 16:27:03.302 [main] INFO  r.s.tk.cheefkeef.laba2.jdbc.UserDAO - Создание нового пользователя: aaa_first_user_1763900823277
2025-11-23 16:27:03.426 [main] INFO  r.s.tk.cheefkeef.laba2.jdbc.UserDAO - Пользователь aaa_first_user_1763900823277 успешно создан с ID: 40252
2025-11-23 16:27:03.426 [main] DEBUG r.s.tk.cheefkeef.laba2.jdbc.UserDAO - Поиск пользователей по роли editor с сортировкой по полю: login, порядок: ASC
2025-11-23 16:27:03.452 [main] DEBUG r.s.tk.cheefkeef.laba2.jdbc.UserDAO - Найдено 2 пользователей с ролью editor с сортировкой
2025-11-23 16:27:03.452 [main] DEBUG r.s.tk.cheefkeef.laba2.jdbc.UserDAO - Поиск пользователей по роли editor с сортировкой по полю: id, порядок: DESC
2025-11-23 16:27:03.475 [main] DEBUG r.s.tk.cheefkeef.laba2.jdbc.UserDAO - Найдено 2 пользователей с ролью editor с сортировкой
2025-11-23 16:27:03.475 [main] DEBUG r.s.tk.cheefkeef.laba2.jdbc.UserDAO - Поиск пользователей по роли editor с сортировкой по полю: invalid_field, порядок: ASC
2025-11-23 16:27:03.475 [main] WARN  r.s.tk.cheefkeef.laba2.jdbc.UserDAO - Недопустимое поле для сортировки: invalid_field, используется поле по умолчанию: id
2025-11-23 16:27:03.500 [main] DEBUG r.s.tk.cheefkeef.laba2.jdbc.UserDAO - Найдено 2 пользователей с ролью editor с сортировкой
2025-11-23 16:27:03.501 [main] INFO  r.s.t.c.laba2.jdbc.UserDAOTest - Тест findByRoleWithSorting успешно завершён
2025-11-23 16:27:03.501 [main] INFO  r.s.tk.cheefkeef.laba2.jdbc.UserDAO - Удаление пользователя с ID: 40251
2025-11-23 16:27:03.524 [main] INFO  r.s.tk.cheefkeef.laba2.jdbc.UserDAO - Пользователь с ID 40251 успешно удален
2025-11-23 16:27:03.524 [main] INFO  r.s.tk.cheefkeef.laba2.jdbc.UserDAO - Удаление пользователя с ID: 40252
2025-11-23 16:27:03.547 [main] INFO  r.s.tk.cheefkeef.laba2.jdbc.UserDAO - Пользователь с ID 40252 успешно удален
2025-11-23 16:27:03.549 [main] INFO  r.s.t.c.laba2.jdbc.UserDAOTest - Запуск теста производительности: поиск всех пользователей
2025-11-23 16:27:03.549 [main] INFO  r.s.tk.cheefkeef.laba2.jdbc.UserDAO - Начало получения всех пользователей
2025-11-23 16:27:03.573 [main] INFO  r.s.tk.cheefkeef.laba2.jdbc.UserDAO - Успешно получено 107 пользователей
2025-11-23 16:27:03.573 [main] INFO  r.s.t.c.laba2.jdbc.UserDAOTest - Поиск всех пользователей выполнен за 24 мс. Найдено 107 записей
2025-11-23 16:27:03.573 [main] INFO  r.s.t.c.laba2.jdbc.UserDAOTest - Завершение тестов UserDAO
2025-11-23 16:27:03.573 [main] INFO  r.s.tk.cheefkeef.laba2.jdbc.UserDAO - Удаление пользователя с ID: 40242
2025-11-23 16:27:03.600 [main] WARN  r.s.tk.cheefkeef.laba2.jdbc.UserDAO - Пользователь с ID 40242 не найден для удаления
2025-11-23 16:27:03.603 [main] DEBUG r.s.t.c.laba2.mapper.FunctionMapper - Преобразование Function(id=1) в FunctionDTO
2025-11-23 16:27:03.604 [main] WARN  r.s.t.c.laba2.mapper.FunctionMapper - Попытка преобразования null-объекта Function в DTO
2025-11-23 16:27:03.605 [main] WARN  r.s.t.c.laba2.mapper.FunctionMapper - Попытка преобразования null-объекта FunctionDTO в сущность
2025-11-23 16:27:03.606 [main] DEBUG r.s.t.c.laba2.mapper.FunctionMapper - Преобразование FunctionDTO в Function
2025-11-23 16:27:03.608 [main] DEBUG r.s.t.c.laba2.mapper.PointMapper - Преобразование Point(id=10) в PointDTO
2025-11-23 16:27:03.610 [main] WARN  r.s.t.c.laba2.mapper.PointMapper - Попытка преобразования null-объекта Point в DTO
2025-11-23 16:27:03.611 [main] WARN  r.s.t.c.laba2.mapper.PointMapper - Попытка преобразования null-объекта PointDTO в сущность
2025-11-23 16:27:03.612 [main] DEBUG r.s.t.c.laba2.mapper.PointMapper - Преобразование PointDTO в Point
2025-11-23 16:27:03.614 [main] WARN  r.s.t.c.laba2.mapper.UserMapper - Попытка преобразования null-объекта User в DTO
2025-11-23 16:27:03.615 [main] WARN  r.s.t.c.laba2.mapper.UserMapper - Попытка преобразования null-объекта UserDTO в сущность
2025-11-23 16:27:03.616 [main] DEBUG r.s.t.c.laba2.mapper.UserMapper - Преобразование User(id=5) в UserDTO
2025-11-23 16:27:03.618 [main] DEBUG r.s.t.c.laba2.mapper.UserMapper - Преобразование UserDTO в User
2025-11-23 16:27:03.628 [main] INFO  r.s.t.c.l.f.LinkedListTabulatedFunction - Creating LinkedListTabulatedFunction from arrays with length: 3
2025-11-23 16:27:03.628 [main] DEBUG r.s.t.c.l.f.LinkedListTabulatedFunction - Created first node in empty list
2025-11-23 16:27:03.628 [main] INFO  r.s.t.c.l.f.LinkedListTabulatedFunction - Successfully created LinkedListTabulatedFunction with 3 points
2025-11-23 16:27:03.629 [main] INFO  r.s.t.c.l.f.LinkedListTabulatedFunction - Creating LinkedListTabulatedFunction from arrays with length: 3
2025-11-23 16:27:03.629 [main] DEBUG r.s.t.c.l.f.LinkedListTabulatedFunction - Created first node in empty list
2025-11-23 16:27:03.629 [main] INFO  r.s.t.c.l.f.LinkedListTabulatedFunction - Successfully created LinkedListTabulatedFunction with 3 points
2025-11-23 16:27:03.630 [main] INFO  r.s.t.c.l.f.ArrayTabulatedFunction - Creating ArrayTabulatedFunction from arrays with length: 3
2025-11-23 16:27:03.630 [main] DEBUG r.s.t.c.l.f.ArrayTabulatedFunction - Successfully created ArrayTabulatedFunction with 3 points
2025-11-23 16:27:03.630 [main] INFO  r.s.t.c.l.f.ArrayTabulatedFunction - Creating ArrayTabulatedFunction from arrays with length: 3
2025-11-23 16:27:03.630 [main] DEBUG r.s.t.c.l.f.ArrayTabulatedFunction - Successfully created ArrayTabulatedFunction with 3 points
2025-11-23 16:27:03.630 [main] INFO  r.s.t.c.l.f.ArrayTabulatedFunction - Creating ArrayTabulatedFunction from arrays with length: 3
2025-11-23 16:27:03.630 [main] DEBUG r.s.t.c.l.f.ArrayTabulatedFunction - Successfully created ArrayTabulatedFunction with 3 points
2025-11-23 16:27:03.631 [main] INFO  r.s.t.c.l.f.ArrayTabulatedFunction - Creating ArrayTabulatedFunction from arrays with length: 3
2025-11-23 16:27:03.631 [main] DEBUG r.s.t.c.l.f.ArrayTabulatedFunction - Successfully created ArrayTabulatedFunction with 3 points
2025-11-23 16:27:03.631 [main] INFO  r.s.t.c.l.f.ArrayTabulatedFunction - Creating ArrayTabulatedFunction from arrays with length: 3
2025-11-23 16:27:03.631 [main] DEBUG r.s.t.c.l.f.ArrayTabulatedFunction - Successfully created ArrayTabulatedFunction with 3 points
2025-11-23 16:27:03.633 [main] INFO  r.s.t.c.l.f.ArrayTabulatedFunction - Creating ArrayTabulatedFunction from arrays with length: 2
2025-11-23 16:27:03.633 [main] DEBUG r.s.t.c.l.f.ArrayTabulatedFunction - Successfully created ArrayTabulatedFunction with 2 points
2025-11-23 16:27:03.633 [main] INFO  r.s.t.c.l.f.ArrayTabulatedFunction - Creating ArrayTabulatedFunction from arrays with length: 2
2025-11-23 16:27:03.633 [main] DEBUG r.s.t.c.l.f.ArrayTabulatedFunction - Successfully created ArrayTabulatedFunction with 2 points
2025-11-23 16:27:03.634 [main] INFO  r.s.t.c.l.f.ArrayTabulatedFunction - Creating ArrayTabulatedFunction from arrays with length: 4
2025-11-23 16:27:03.634 [main] DEBUG r.s.t.c.l.f.ArrayTabulatedFunction - Successfully created ArrayTabulatedFunction with 4 points
2025-11-23 16:27:03.634 [main] INFO  r.s.t.c.l.f.ArrayTabulatedFunction - Creating ArrayTabulatedFunction from arrays with length: 4
2025-11-23 16:27:03.634 [main] DEBUG r.s.t.c.l.f.ArrayTabulatedFunction - Successfully created ArrayTabulatedFunction with 4 points
2025-11-23 16:27:03.635 [main] INFO  r.s.t.c.l.f.LinkedListTabulatedFunction - Creating LinkedListTabulatedFunction from arrays with length: 3
2025-11-23 16:27:03.635 [main] DEBUG r.s.t.c.l.f.LinkedListTabulatedFunction - Created first node in empty list
2025-11-23 16:27:03.635 [main] INFO  r.s.t.c.l.f.LinkedListTabulatedFunction - Successfully created LinkedListTabulatedFunction with 3 points
2025-11-23 16:27:03.635 [main] INFO  r.s.t.c.l.f.LinkedListTabulatedFunction - Creating LinkedListTabulatedFunction from arrays with length: 3
2025-11-23 16:27:03.635 [main] DEBUG r.s.t.c.l.f.LinkedListTabulatedFunction - Created first node in empty list
2025-11-23 16:27:03.635 [main] INFO  r.s.t.c.l.f.LinkedListTabulatedFunction - Successfully created LinkedListTabulatedFunction with 3 points
2025-11-23 16:27:03.636 [main] INFO  r.s.t.c.l.f.ArrayTabulatedFunction - Creating ArrayTabulatedFunction from arrays with length: 4
2025-11-23 16:27:03.636 [main] DEBUG r.s.t.c.l.f.ArrayTabulatedFunction - Successfully created ArrayTabulatedFunction with 4 points
2025-11-23 16:27:03.636 [main] INFO  r.s.t.c.l.f.ArrayTabulatedFunction - Creating ArrayTabulatedFunction from arrays with length: 4
2025-11-23 16:27:03.636 [main] DEBUG r.s.t.c.l.f.ArrayTabulatedFunction - Successfully created ArrayTabulatedFunction with 4 points
2025-11-23 16:27:03.640 [main] INFO  r.s.t.c.l.f.ArrayTabulatedFunction - Creating ArrayTabulatedFunction from arrays with length: 4
2025-11-23 16:27:03.640 [main] DEBUG r.s.t.c.l.f.ArrayTabulatedFunction - Successfully created ArrayTabulatedFunction with 4 points
2025-11-23 16:27:03.640 [main] INFO  r.s.t.c.l.f.ArrayTabulatedFunction - Creating ArrayTabulatedFunction from arrays with length: 4
2025-11-23 16:27:03.640 [main] DEBUG r.s.t.c.l.f.ArrayTabulatedFunction - Successfully created ArrayTabulatedFunction with 4 points
2025-11-23 16:27:03.641 [main] INFO  r.s.t.c.l.f.ArrayTabulatedFunction - Creating ArrayTabulatedFunction from arrays with length: 4
2025-11-23 16:27:03.641 [main] DEBUG r.s.t.c.l.f.ArrayTabulatedFunction - Successfully created ArrayTabulatedFunction with 4 points
2025-11-23 16:27:03.641 [main] INFO  r.s.t.c.l.f.ArrayTabulatedFunction - Creating ArrayTabulatedFunction from arrays with length: 4
2025-11-23 16:27:03.641 [main] DEBUG r.s.t.c.l.f.ArrayTabulatedFunction - Successfully created ArrayTabulatedFunction with 4 points
2025-11-23 16:27:03.641 [main] INFO  r.s.t.c.l.f.ArrayTabulatedFunction - Creating ArrayTabulatedFunction from arrays with length: 3
2025-11-23 16:27:03.642 [main] DEBUG r.s.t.c.l.f.ArrayTabulatedFunction - Successfully created ArrayTabulatedFunction with 3 points
2025-11-23 16:27:03.642 [main] INFO  r.s.t.c.l.f.LinkedListTabulatedFunction - Creating LinkedListTabulatedFunction from arrays with length: 3
2025-11-23 16:27:03.642 [main] DEBUG r.s.t.c.l.f.LinkedListTabulatedFunction - Created first node in empty list
2025-11-23 16:27:03.642 [main] INFO  r.s.t.c.l.f.LinkedListTabulatedFunction - Successfully created LinkedListTabulatedFunction with 3 points
2025-11-23 16:27:03.643 [main] INFO  r.s.t.c.l.f.ArrayTabulatedFunction - Creating ArrayTabulatedFunction from arrays with length: 3
2025-11-23 16:27:03.643 [main] DEBUG r.s.t.c.l.f.ArrayTabulatedFunction - Successfully created ArrayTabulatedFunction with 3 points
2025-11-23 16:27:03.643 [main] INFO  r.s.t.c.l.f.ArrayTabulatedFunction - Creating ArrayTabulatedFunction from arrays with length: 3
2025-11-23 16:27:03.643 [main] DEBUG r.s.t.c.l.f.ArrayTabulatedFunction - Successfully created ArrayTabulatedFunction with 3 points
2025-11-23 16:27:03.644 [main] INFO  r.s.t.c.l.f.ArrayTabulatedFunction - Creating ArrayTabulatedFunction from arrays with length: 4
2025-11-23 16:27:03.644 [main] DEBUG r.s.t.c.l.f.ArrayTabulatedFunction - Successfully created ArrayTabulatedFunction with 4 points
2025-11-23 16:27:03.644 [main] INFO  r.s.t.c.l.f.ArrayTabulatedFunction - Creating ArrayTabulatedFunction from arrays with length: 4
2025-11-23 16:27:03.644 [main] DEBUG r.s.t.c.l.f.ArrayTabulatedFunction - Successfully created ArrayTabulatedFunction with 4 points
2025-11-23 16:27:03.646 [main] INFO  r.s.t.c.l.f.ArrayTabulatedFunction - Creating ArrayTabulatedFunction from arrays with length: 3
2025-11-23 16:27:03.646 [main] DEBUG r.s.t.c.l.f.ArrayTabulatedFunction - Successfully created ArrayTabulatedFunction with 3 points
2025-11-23 16:27:03.646 [main] INFO  r.s.t.c.l.f.LinkedListTabulatedFunction - Creating LinkedListTabulatedFunction from arrays with length: 3
2025-11-23 16:27:03.646 [main] DEBUG r.s.t.c.l.f.LinkedListTabulatedFunction - Created first node in empty list
2025-11-23 16:27:03.646 [main] INFO  r.s.t.c.l.f.LinkedListTabulatedFunction - Successfully created LinkedListTabulatedFunction with 3 points
2025-11-23 16:27:03.648 [main] INFO  r.s.t.c.l.f.ArrayTabulatedFunction - Creating ArrayTabulatedFunction from arrays with length: 3
2025-11-23 16:27:03.648 [main] DEBUG r.s.t.c.l.f.ArrayTabulatedFunction - Successfully created ArrayTabulatedFunction with 3 points
2025-11-23 16:27:03.649 [main] INFO  r.s.t.c.l.f.ArrayTabulatedFunction - Creating ArrayTabulatedFunction from arrays with length: 3
2025-11-23 16:27:03.650 [main] DEBUG r.s.t.c.l.f.ArrayTabulatedFunction - Successfully created ArrayTabulatedFunction with 3 points
2025-11-23 16:27:03.650 [main] INFO  r.s.t.c.l.f.ArrayTabulatedFunction - Creating ArrayTabulatedFunction from arrays with length: 2
2025-11-23 16:27:03.650 [main] DEBUG r.s.t.c.l.f.ArrayTabulatedFunction - Successfully created ArrayTabulatedFunction with 2 points
2025-11-23 16:27:03.652 [main] INFO  r.s.t.c.l.f.ArrayTabulatedFunction - Creating ArrayTabulatedFunction from arrays with length: 3
2025-11-23 16:27:03.652 [main] DEBUG r.s.t.c.l.f.ArrayTabulatedFunction - Successfully created ArrayTabulatedFunction with 3 points
2025-11-23 16:27:03.652 [main] INFO  r.s.t.c.l.f.LinkedListTabulatedFunction - Creating LinkedListTabulatedFunction from arrays with length: 3
2025-11-23 16:27:03.652 [main] DEBUG r.s.t.c.l.f.LinkedListTabulatedFunction - Created first node in empty list
2025-11-23 16:27:03.652 [main] INFO  r.s.t.c.l.f.LinkedListTabulatedFunction - Successfully created LinkedListTabulatedFunction with 3 points
2025-11-23 16:27:03.653 [main] INFO  r.s.t.c.l.f.LinkedListTabulatedFunction - Creating LinkedListTabulatedFunction from arrays with length: 3
2025-11-23 16:27:03.653 [main] DEBUG r.s.t.c.l.f.LinkedListTabulatedFunction - Created first node in empty list
2025-11-23 16:27:03.653 [main] INFO  r.s.t.c.l.f.LinkedListTabulatedFunction - Successfully created LinkedListTabulatedFunction with 3 points
2025-11-23 16:27:03.654 [main] INFO  r.s.t.c.l.f.ArrayTabulatedFunction - Creating ArrayTabulatedFunction from arrays with length: 2
2025-11-23 16:27:03.654 [main] DEBUG r.s.t.c.l.f.ArrayTabulatedFunction - Successfully created ArrayTabulatedFunction with 2 points
2025-11-23 16:27:03.654 [main] INFO  r.s.t.c.l.f.ArrayTabulatedFunction - Creating ArrayTabulatedFunction from arrays with length: 2
2025-11-23 16:27:03.654 [main] DEBUG r.s.t.c.l.f.ArrayTabulatedFunction - Successfully created ArrayTabulatedFunction with 2 points
2025-11-23 16:27:03.656 [main] INFO  r.s.t.c.l.f.ArrayTabulatedFunction - Creating ArrayTabulatedFunction from arrays with length: 2
2025-11-23 16:27:03.656 [main] DEBUG r.s.t.c.l.f.ArrayTabulatedFunction - Successfully created ArrayTabulatedFunction with 2 points
2025-11-23 16:27:03.656 [main] INFO  r.s.t.c.l.f.LinkedListTabulatedFunction - Creating LinkedListTabulatedFunction from arrays with length: 2
2025-11-23 16:27:03.656 [main] DEBUG r.s.t.c.l.f.LinkedListTabulatedFunction - Created first node in empty list
2025-11-23 16:27:03.657 [main] INFO  r.s.t.c.l.f.LinkedListTabulatedFunction - Successfully created LinkedListTabulatedFunction with 2 points
2025-11-23 16:27:03.657 [main] INFO  r.s.t.c.l.f.LinkedListTabulatedFunction - Creating LinkedListTabulatedFunction from arrays with length: 2
2025-11-23 16:27:03.657 [main] DEBUG r.s.t.c.l.f.LinkedListTabulatedFunction - Created first node in empty list
2025-11-23 16:27:03.657 [main] INFO  r.s.t.c.l.f.LinkedListTabulatedFunction - Successfully created LinkedListTabulatedFunction with 2 points
2025-11-23 16:27:03.658 [main] INFO  r.s.t.c.l.f.ArrayTabulatedFunction - Creating ArrayTabulatedFunction from arrays with length: 3
2025-11-23 16:27:03.658 [main] DEBUG r.s.t.c.l.f.ArrayTabulatedFunction - Successfully created ArrayTabulatedFunction with 3 points
2025-11-23 16:27:03.658 [main] INFO  r.s.t.c.l.f.ArrayTabulatedFunction - Creating ArrayTabulatedFunction from arrays with length: 3
2025-11-23 16:27:03.658 [main] DEBUG r.s.t.c.l.f.ArrayTabulatedFunction - Successfully created ArrayTabulatedFunction with 3 points
2025-11-23 16:27:03.658 [main] INFO  r.s.t.c.l.f.ArrayTabulatedFunction - Creating ArrayTabulatedFunction from arrays with length: 3
2025-11-23 16:27:03.658 [main] DEBUG r.s.t.c.l.f.ArrayTabulatedFunction - Successfully created ArrayTabulatedFunction with 3 points
2025-11-23 16:27:03.659 [main] INFO  r.s.t.c.l.f.ArrayTabulatedFunction - Creating ArrayTabulatedFunction from arrays with length: 3
2025-11-23 16:27:03.659 [main] DEBUG r.s.t.c.l.f.ArrayTabulatedFunction - Successfully created ArrayTabulatedFunction with 3 points
2025-11-23 16:27:03.659 [main] INFO  r.s.t.c.l.f.ArrayTabulatedFunction - Creating ArrayTabulatedFunction from arrays with length: 3
2025-11-23 16:27:03.659 [main] DEBUG r.s.t.c.l.f.ArrayTabulatedFunction - Successfully created ArrayTabulatedFunction with 3 points
2025-11-23 16:27:03.659 [main] INFO  r.s.t.c.l.f.ArrayTabulatedFunction - Creating ArrayTabulatedFunction from arrays with length: 3
2025-11-23 16:27:03.659 [main] DEBUG r.s.t.c.l.f.ArrayTabulatedFunction - Successfully created ArrayTabulatedFunction with 3 points
2025-11-23 16:27:03.659 [main] INFO  r.s.t.c.l.f.ArrayTabulatedFunction - Creating ArrayTabulatedFunction from arrays with length: 2
2025-11-23 16:27:03.660 [main] DEBUG r.s.t.c.l.f.ArrayTabulatedFunction - Successfully created ArrayTabulatedFunction with 2 points
2025-11-23 16:27:03.660 [main] INFO  r.s.t.c.l.f.ArrayTabulatedFunction - Creating ArrayTabulatedFunction from arrays with length: 2
2025-11-23 16:27:03.660 [main] DEBUG r.s.t.c.l.f.ArrayTabulatedFunction - Successfully created ArrayTabulatedFunction with 2 points
2025-11-23 16:27:03.661 [main] INFO  r.s.t.c.l.f.ArrayTabulatedFunction - Creating ArrayTabulatedFunction from arrays with length: 3
2025-11-23 16:27:03.661 [main] DEBUG r.s.t.c.l.f.ArrayTabulatedFunction - Successfully created ArrayTabulatedFunction with 3 points
2025-11-23 16:27:03.661 [main] INFO  r.s.t.c.l.f.LinkedListTabulatedFunction - Creating LinkedListTabulatedFunction from arrays with length: 3
2025-11-23 16:27:03.661 [main] DEBUG r.s.t.c.l.f.LinkedListTabulatedFunction - Created first node in empty list
2025-11-23 16:27:03.661 [main] INFO  r.s.t.c.l.f.LinkedListTabulatedFunction - Successfully created LinkedListTabulatedFunction with 3 points
2025-11-23 16:27:03.661 [main] INFO  r.s.t.c.l.f.LinkedListTabulatedFunction - Creating LinkedListTabulatedFunction from arrays with length: 3
2025-11-23 16:27:03.661 [main] DEBUG r.s.t.c.l.f.LinkedListTabulatedFunction - Created first node in empty list
2025-11-23 16:27:03.661 [main] INFO  r.s.t.c.l.f.LinkedListTabulatedFunction - Successfully created LinkedListTabulatedFunction with 3 points
2025-11-23 16:27:03.663 [main] INFO  r.s.t.c.l.f.ArrayTabulatedFunction - Creating ArrayTabulatedFunction from arrays with length: 3
2025-11-23 16:27:03.663 [main] DEBUG r.s.t.c.l.f.ArrayTabulatedFunction - Successfully created ArrayTabulatedFunction with 3 points
2025-11-23 16:27:03.669 [main] INFO  r.s.t.c.laba2.util.DtoTransformer - Преобразование данных функции из UI
2025-11-23 16:27:03.669 [main] DEBUG r.s.t.c.laba2.util.DtoTransformer - Создан FunctionDTO: userId=null, name=null
2025-11-23 16:27:03.671 [main] INFO  r.s.t.c.laba2.util.DtoTransformer - Массовое преобразование 1 точек из UI
2025-11-23 16:27:03.671 [main] INFO  r.s.t.c.laba2.util.DtoTransformer - Преобразование данных точки из UI
2025-11-23 16:27:03.671 [main] ERROR r.s.t.c.laba2.util.DtoTransformer - Ошибка при преобразовании данных точки: class java.lang.String cannot be cast to class java.lang.Integer (java.lang.String and java.lang.Integer are in module java.base of loader 'bootstrap')
2025-11-23 16:27:03.674 [main] INFO  r.s.t.c.laba2.util.DtoTransformer - Преобразование данных пользователя из UI
2025-11-23 16:27:03.674 [main] ERROR r.s.t.c.laba2.util.DtoTransformer - Ошибка при преобразовании данных пользователя: Cannot invoke "java.util.Map.get(Object)" because "uiData" is null
2025-11-23 16:27:03.675 [main] INFO  r.s.t.c.laba2.util.DtoTransformer - Преобразование данных функции из UI
2025-11-23 16:27:03.675 [main] ERROR r.s.t.c.laba2.util.DtoTransformer - Ошибка при преобразовании данных функции: class java.lang.String cannot be cast to class java.lang.Integer (java.lang.String and java.lang.Integer are in module java.base of loader 'bootstrap')
2025-11-23 16:27:03.676 [main] INFO  r.s.t.c.laba2.util.DtoTransformer - Преобразование данных пользователя из UI
2025-11-23 16:27:03.677 [main] DEBUG r.s.t.c.laba2.util.DtoTransformer - Создан UserDTO: login=user123, role=null
2025-11-23 16:27:03.677 [main] INFO  r.s.t.c.laba2.util.DtoTransformer - Преобразование данных функции из UI
2025-11-23 16:27:03.678 [main] DEBUG r.s.t.c.laba2.util.DtoTransformer - Создан FunctionDTO: userId=100, name=quadratic
2025-11-23 16:27:03.678 [main] INFO  r.s.t.c.laba2.util.DtoTransformer - Преобразование данных точки из UI
2025-11-23 16:27:03.678 [main] DEBUG r.s.t.c.laba2.util.DtoTransformer - Создан PointDTO: functionId=42, x=3.14, y=2.71
2025-11-23 16:27:03.680 [main] INFO  r.s.t.c.laba2.util.DtoTransformer - Преобразование данных точки из UI
2025-11-23 16:27:03.680 [main] DEBUG r.s.t.c.laba2.util.DtoTransformer - Создан PointDTO: functionId=42, x=3.14, y=null
2025-11-23 16:27:03.681 [main] INFO  r.s.t.c.laba2.util.DtoTransformer - Преобразование данных пользователя из UI
2025-11-23 16:27:03.681 [main] DEBUG r.s.t.c.laba2.util.DtoTransformer - Создан UserDTO: login=user123, role=ADMIN
2025-11-23 16:27:03.682 [main] INFO  r.s.t.c.laba2.util.DtoTransformer - Преобразование данных пользователя из UI
2025-11-23 16:27:03.682 [main] ERROR r.s.t.c.laba2.util.DtoTransformer - Ошибка при преобразовании данных пользователя: class java.lang.Integer cannot be cast to class java.lang.String (java.lang.Integer and java.lang.String are in module java.base of loader 'bootstrap')
2025-11-23 16:27:03.683 [main] INFO  r.s.t.c.laba2.util.DtoTransformer - Массовое преобразование 0 точек из UI
2025-11-23 16:27:03.684 [main] INFO  r.s.t.c.laba2.util.DtoTransformer - Успешно преобразовано 0 точек
2025-11-23 16:27:03.684 [main] INFO  r.s.t.c.laba2.util.DtoTransformer - Массовое преобразование 2 точек из UI
2025-11-23 16:27:03.685 [main] INFO  r.s.t.c.laba2.util.DtoTransformer - Преобразование данных точки из UI
2025-11-23 16:27:03.685 [main] DEBUG r.s.t.c.laba2.util.DtoTransformer - Создан PointDTO: functionId=1, x=1.0, y=1.0
2025-11-23 16:27:03.685 [main] INFO  r.s.t.c.laba2.util.DtoTransformer - Преобразование данных точки из UI
2025-11-23 16:27:03.685 [main] DEBUG r.s.t.c.laba2.util.DtoTransformer - Создан PointDTO: functionId=1, x=2.0, y=4.0
2025-11-23 16:27:03.685 [main] INFO  r.s.t.c.laba2.util.DtoTransformer - Успешно преобразовано 2 точек
2025-11-23 18:04:54.057 [main] INFO  r.s.t.c.l.f.LinkedListTabulatedFunction - Creating LinkedListTabulatedFunction from arrays with length: 3
2025-11-23 18:04:54.061 [main] DEBUG r.s.t.c.l.f.LinkedListTabulatedFunction - Created first node in empty list
2025-11-23 18:04:54.062 [main] INFO  r.s.t.c.l.f.LinkedListTabulatedFunction - Successfully created LinkedListTabulatedFunction with 3 points
2025-11-23 18:04:54.065 [main] DEBUG r.s.t.c.l.f.LinkedListTabulatedFunction - Found x=2.5 at index 2
2025-11-23 18:04:54.077 [main] INFO  r.s.t.c.l.f.ArrayTabulatedFunction - Creating ArrayTabulatedFunction from arrays with length: 2
2025-11-23 18:04:54.077 [main] DEBUG r.s.t.c.l.f.ArrayTabulatedFunction - Successfully created ArrayTabulatedFunction with 2 points
2025-11-23 18:04:54.080 [main] DEBUG r.s.t.c.l.f.ArrayTabulatedFunction - Set y[0] from 1.0 to 999.0
2025-11-23 18:04:54.080 [main] DEBUG r.s.t.c.l.f.ArrayTabulatedFunction - Set y[1] from 4.0 to 888.0
2025-11-23 18:04:54.082 [main] INFO  r.s.t.c.l.f.ArrayTabulatedFunction - Creating ArrayTabulatedFunction from arrays with length: 3
2025-11-23 18:04:54.083 [main] DEBUG r.s.t.c.l.f.ArrayTabulatedFunction - Successfully created ArrayTabulatedFunction with 3 points
2025-11-23 18:04:54.083 [main] DEBUG r.s.t.c.l.f.ArrayTabulatedFunction - Found x=0.0 at index 0
2025-11-23 18:04:54.083 [main] DEBUG r.s.t.c.l.f.ArrayTabulatedFunction - Found x=1.0 at index 1
2025-11-23 18:04:54.083 [main] DEBUG r.s.t.c.l.f.ArrayTabulatedFunction - x=1.5 not found in xValues
2025-11-23 18:04:54.084 [main] DEBUG r.s.t.c.l.f.ArrayTabulatedFunction - Floor index for x=1.5 is 1
2025-11-23 18:04:54.084 [main] DEBUG r.s.t.c.l.f.ArrayTabulatedFunction - Interpolation for x=1.5 at floorIndex=1: result=2.5
2025-11-23 18:04:54.086 [main] INFO  r.s.t.c.l.f.ArrayTabulatedFunction - Creating ArrayTabulatedFunction from arrays with length: 2
2025-11-23 18:04:54.086 [main] DEBUG r.s.t.c.l.f.ArrayTabulatedFunction - Successfully created ArrayTabulatedFunction with 2 points
2025-11-23 18:04:54.086 [main] DEBUG r.s.t.c.l.f.ArrayTabulatedFunction - Set y[0] from 10.0 to 100.0
2025-11-23 18:04:54.092 [main] INFO  r.s.t.c.l.f.ArrayTabulatedFunction - Creating ArrayTabulatedFunction from arrays with length: 3
2025-11-23 18:04:54.092 [main] DEBUG r.s.t.c.l.f.ArrayTabulatedFunction - Successfully created ArrayTabulatedFunction with 3 points
2025-11-23 18:04:54.098 [main] INFO  r.s.t.c.l.f.ArrayTabulatedFunction - Creating ArrayTabulatedFunction from arrays with length: 3
2025-11-23 18:04:54.098 [main] DEBUG r.s.t.c.l.f.ArrayTabulatedFunction - Successfully created ArrayTabulatedFunction with 3 points
2025-11-23 18:04:54.101 [main] INFO  r.s.t.c.l.f.ArrayTabulatedFunction - Creating ArrayTabulatedFunction from arrays with length: 3
2025-11-23 18:04:54.101 [main] DEBUG r.s.t.c.l.f.ArrayTabulatedFunction - Successfully created ArrayTabulatedFunction with 3 points
2025-11-23 18:04:54.105 [main] INFO  r.s.t.c.l.f.ArrayTabulatedFunction - Creating ArrayTabulatedFunction from arrays with length: 3
2025-11-23 18:04:54.105 [main] DEBUG r.s.t.c.l.f.ArrayTabulatedFunction - Successfully created ArrayTabulatedFunction with 3 points
2025-11-23 18:04:54.105 [main] DEBUG r.s.t.c.l.f.ArrayTabulatedFunction - Found y=30.0 at index 2
2025-11-23 18:04:54.107 [main] INFO  r.s.t.c.l.f.LinkedListTabulatedFunction - Creating LinkedListTabulatedFunction from arrays with length: 2
2025-11-23 18:04:54.107 [main] DEBUG r.s.t.c.l.f.LinkedListTabulatedFunction - Created first node in empty list
2025-11-23 18:04:54.108 [main] INFO  r.s.t.c.l.f.LinkedListTabulatedFunction - Successfully created LinkedListTabulatedFunction with 2 points
2025-11-23 18:04:54.112 [main] INFO  r.s.t.c.l.f.ArrayTabulatedFunction - Creating ArrayTabulatedFunction from arrays with length: 2
2025-11-23 18:04:54.113 [main] DEBUG r.s.t.c.l.f.ArrayTabulatedFunction - Successfully created ArrayTabulatedFunction with 2 points
2025-11-23 18:04:54.114 [main] DEBUG r.s.t.c.l.f.ArrayTabulatedFunction - Set y[0] from 10.0 to 20.0
2025-11-23 18:04:54.114 [main] DEBUG r.s.t.c.l.f.ArrayTabulatedFunction - Set y[1] from 20.0 to 40.0
2025-11-23 18:04:54.116 [main] INFO  r.s.t.c.l.f.ArrayTabulatedFunction - Creating ArrayTabulatedFunction from arrays with length: 2
2025-11-23 18:04:54.116 [main] DEBUG r.s.t.c.l.f.ArrayTabulatedFunction - Successfully created ArrayTabulatedFunction with 2 points
2025-11-23 18:04:54.121 [main] INFO  r.s.t.c.l.f.ArrayTabulatedFunction - Creating ArrayTabulatedFunction from arrays with length: 2
2025-11-23 18:04:54.121 [main] DEBUG r.s.t.c.l.f.ArrayTabulatedFunction - Successfully created ArrayTabulatedFunction with 2 points
2025-11-23 18:04:54.134 [main] INFO  r.s.t.c.l.f.ArrayTabulatedFunction - Creating ArrayTabulatedFunction from arrays with length: 3
2025-11-23 18:04:54.135 [main] DEBUG r.s.t.c.l.f.ArrayTabulatedFunction - Successfully created ArrayTabulatedFunction with 3 points
2025-11-23 18:04:54.137 [main] INFO  r.s.t.c.l.f.LinkedListTabulatedFunction - Creating LinkedListTabulatedFunction from arrays with length: 2
2025-11-23 18:04:54.137 [main] DEBUG r.s.t.c.l.f.LinkedListTabulatedFunction - Created first node in empty list
2025-11-23 18:04:54.137 [main] INFO  r.s.t.c.l.f.LinkedListTabulatedFunction - Successfully created LinkedListTabulatedFunction with 2 points
2025-11-23 18:04:54.159 [main] INFO  r.s.t.c.l.f.ArrayTabulatedFunction - Creating ArrayTabulatedFunction from arrays with length: 3
2025-11-23 18:04:54.159 [main] DEBUG r.s.t.c.l.f.ArrayTabulatedFunction - Successfully created ArrayTabulatedFunction with 3 points
2025-11-23 18:04:54.161 [main] INFO  r.s.t.c.l.f.ArrayTabulatedFunction - Removing point at index -1
2025-11-23 18:04:54.161 [main] ERROR r.s.t.c.l.f.ArrayTabulatedFunction - Index out of bounds: index=-1, count=3
2025-11-23 18:04:54.164 [main] INFO  r.s.t.c.l.f.ArrayTabulatedFunction - Creating ArrayTabulatedFunction from arrays with length: 2
2025-11-23 18:04:54.166 [main] DEBUG r.s.t.c.l.f.ArrayTabulatedFunction - Successfully created ArrayTabulatedFunction with 2 points
2025-11-23 18:04:54.168 [main] DEBUG r.s.t.c.l.f.ArrayTabulatedFunction - Left extrapolation for x=0.0: result=-2.0
2025-11-23 18:04:54.177 [main] INFO  r.s.t.c.l.f.ArrayTabulatedFunction - Creating ArrayTabulatedFunction from function: xFrom=0.0, xTo=1.0, count=1
2025-11-23 18:04:54.182 [main] INFO  r.s.t.c.l.f.ArrayTabulatedFunction - Creating ArrayTabulatedFunction from arrays with length: 3
2025-11-23 18:04:54.183 [main] DEBUG r.s.t.c.l.f.ArrayTabulatedFunction - Successfully created ArrayTabulatedFunction with 3 points
2025-11-23 18:04:54.185 [main] INFO  r.s.t.c.l.f.ArrayTabulatedFunction - Creating ArrayTabulatedFunction from arrays with length: 5
2025-11-23 18:04:54.185 [main] DEBUG r.s.t.c.l.f.ArrayTabulatedFunction - Successfully created ArrayTabulatedFunction with 5 points
2025-11-23 18:04:54.187 [main] ERROR r.s.t.c.l.f.ArrayTabulatedFunction - Interpolation error: x=2.5 not in interval [5.0, 6.0]
2025-11-23 18:04:54.190 [main] INFO  r.s.t.c.l.f.ArrayTabulatedFunction - Creating ArrayTabulatedFunction from function: xFrom=5.0, xTo=5.0, count=4
2025-11-23 18:04:54.190 [main] DEBUG r.s.t.c.l.f.ArrayTabulatedFunction - xFrom equals xTo, creating constant function
2025-11-23 18:04:54.190 [main] INFO  r.s.t.c.l.f.ArrayTabulatedFunction - Successfully created ArrayTabulatedFunction from source function
2025-11-23 18:04:54.193 [main] INFO  r.s.t.c.l.f.ArrayTabulatedFunction - Creating ArrayTabulatedFunction from arrays with length: 2
2025-11-23 18:04:54.193 [main] DEBUG r.s.t.c.l.f.ArrayTabulatedFunction - Successfully created ArrayTabulatedFunction with 2 points
2025-11-23 18:04:54.193 [main] INFO  r.s.t.c.l.f.ArrayTabulatedFunction - Inserting point: x=3.0, y=30.0
2025-11-23 18:04:54.193 [main] DEBUG r.s.t.c.l.f.ArrayTabulatedFunction - x=3.0 not found in xValues
2025-11-23 18:04:54.194 [main] DEBUG r.s.t.c.l.f.ArrayTabulatedFunction - Successfully inserted point at index 2. New count: 3
2025-11-23 18:04:54.195 [main] INFO  r.s.t.c.l.f.ArrayTabulatedFunction - Creating ArrayTabulatedFunction from arrays with length: 3
2025-11-23 18:04:54.195 [main] DEBUG r.s.t.c.l.f.ArrayTabulatedFunction - Successfully created ArrayTabulatedFunction with 3 points
2025-11-23 18:04:54.195 [main] DEBUG r.s.t.c.l.f.ArrayTabulatedFunction - Floor index for x=1.5 is 0
2025-11-23 18:04:54.195 [main] DEBUG r.s.t.c.l.f.ArrayTabulatedFunction - Floor index for x=2.0 is 1
2025-11-23 18:04:54.196 [main] DEBUG r.s.t.c.l.f.ArrayTabulatedFunction - Floor index for x=2.5 is 1
2025-11-23 18:04:54.196 [main] DEBUG r.s.t.c.l.f.ArrayTabulatedFunction - Floor index for x=3.0 is 2
2025-11-23 18:04:54.197 [main] INFO  r.s.t.c.l.f.ArrayTabulatedFunction - Creating ArrayTabulatedFunction from arrays with length: 3
2025-11-23 18:04:54.198 [main] DEBUG r.s.t.c.l.f.ArrayTabulatedFunction - Successfully created ArrayTabulatedFunction with 3 points
2025-11-23 18:04:54.199 [main] ERROR r.s.t.c.l.f.ArrayTabulatedFunction - Interpolation error: x=1.5 not in interval [0.0, 1.0]
2025-11-23 18:04:54.203 [main] INFO  r.s.t.c.l.f.ArrayTabulatedFunction - Creating ArrayTabulatedFunction from arrays with length: 3
2025-11-23 18:04:54.203 [main] DEBUG r.s.t.c.l.f.ArrayTabulatedFunction - Successfully created ArrayTabulatedFunction with 3 points
2025-11-23 18:04:54.203 [main] DEBUG r.s.t.c.l.f.ArrayTabulatedFunction - Interpolation at last point, returning y[2] = 4.0
2025-11-23 18:04:54.205 [main] INFO  r.s.t.c.l.f.ArrayTabulatedFunction - Creating ArrayTabulatedFunction from arrays with length: 2
2025-11-23 18:04:54.206 [main] DEBUG r.s.t.c.l.f.ArrayTabulatedFunction - Successfully created ArrayTabulatedFunction with 2 points
2025-11-23 18:04:54.206 [main] DEBUG r.s.t.c.l.f.ArrayTabulatedFunction - Right extrapolation for x=3.0: result=7.0
2025-11-23 18:04:54.208 [main] INFO  r.s.t.c.l.f.ArrayTabulatedFunction - Creating ArrayTabulatedFunction from arrays with length: 2
2025-11-23 18:04:54.208 [main] DEBUG r.s.t.c.l.f.ArrayTabulatedFunction - Successfully created ArrayTabulatedFunction with 2 points
2025-11-23 18:04:54.212 [main] INFO  r.s.t.c.l.f.ArrayTabulatedFunction - Creating ArrayTabulatedFunction from function: xFrom=0.0, xTo=2.0, count=3
2025-11-23 18:04:54.213 [main] DEBUG r.s.t.c.l.f.ArrayTabulatedFunction - Step size: 1.0
2025-11-23 18:04:54.213 [main] INFO  r.s.t.c.l.f.ArrayTabulatedFunction - Successfully created ArrayTabulatedFunction from source function
2025-11-23 18:04:54.221 [main] INFO  r.s.t.c.l.f.ArrayTabulatedFunction - Creating ArrayTabulatedFunction from arrays with length: 2
2025-11-23 18:04:54.221 [main] DEBUG r.s.t.c.l.f.ArrayTabulatedFunction - Successfully created ArrayTabulatedFunction with 2 points
2025-11-23 18:04:54.223 [main] INFO  r.s.t.c.l.f.ArrayTabulatedFunction - Creating ArrayTabulatedFunction from arrays with length: 2
2025-11-23 18:04:54.224 [main] DEBUG r.s.t.c.l.f.ArrayTabulatedFunction - Successfully created ArrayTabulatedFunction with 2 points
2025-11-23 18:04:54.226 [main] INFO  r.s.t.c.l.f.ArrayTabulatedFunction - Creating ArrayTabulatedFunction from arrays with length: 2
2025-11-23 18:04:54.226 [main] DEBUG r.s.t.c.l.f.ArrayTabulatedFunction - Successfully created ArrayTabulatedFunction with 2 points
2025-11-23 18:04:54.226 [main] DEBUG r.s.t.c.l.f.ArrayTabulatedFunction - Set y[0] from 1.0 to 5.0
2025-11-23 18:04:54.229 [main] INFO  r.s.t.c.l.f.ArrayTabulatedFunction - Creating ArrayTabulatedFunction from arrays with length: 3
2025-11-23 18:04:54.229 [main] DEBUG r.s.t.c.l.f.ArrayTabulatedFunction - Successfully created ArrayTabulatedFunction with 3 points
2025-11-23 18:04:54.229 [main] DEBUG r.s.t.c.l.f.ArrayTabulatedFunction - Found x=2.0 at index 1
2025-11-23 18:04:54.229 [main] DEBUG r.s.t.c.l.f.ArrayTabulatedFunction - x=5.0 not found in xValues
2025-11-23 18:04:54.230 [main] INFO  r.s.t.c.l.f.ArrayTabulatedFunction - Creating ArrayTabulatedFunction from arrays with length: 3
2025-11-23 18:04:54.231 [main] DEBUG r.s.t.c.l.f.ArrayTabulatedFunction - Successfully created ArrayTabulatedFunction with 3 points
2025-11-23 18:04:54.232 [main] DEBUG r.s.t.c.l.f.ArrayTabulatedFunction - Found y=4.0 at index 1
2025-11-23 18:04:54.232 [main] DEBUG r.s.t.c.l.f.ArrayTabulatedFunction - y=5.0 not found in yValues
2025-11-23 18:04:54.234 [main] INFO  r.s.t.c.l.f.ArrayTabulatedFunction - Creating ArrayTabulatedFunction from arrays with length: 2
2025-11-23 18:04:54.235 [main] DEBUG r.s.t.c.l.f.ArrayTabulatedFunction - Successfully created ArrayTabulatedFunction with 2 points
2025-11-23 18:04:54.236 [main] ERROR r.s.t.c.l.f.ArrayTabulatedFunction - Index out of bounds: index=-1, count=2
2025-11-23 18:04:54.236 [main] ERROR r.s.t.c.l.f.ArrayTabulatedFunction - Index out of bounds: index=2, count=2
2025-11-23 18:04:54.239 [main] INFO  r.s.t.c.l.f.ArrayTabulatedFunction - Creating ArrayTabulatedFunction from arrays with length: 2
2025-11-23 18:04:54.240 [main] DEBUG r.s.t.c.l.f.ArrayTabulatedFunction - Successfully created ArrayTabulatedFunction with 2 points
2025-11-23 18:04:54.240 [main] DEBUG r.s.t.c.l.f.ArrayTabulatedFunction - x=1.0 not found in xValues
2025-11-23 18:04:54.240 [main] DEBUG r.s.t.c.l.f.ArrayTabulatedFunction - Floor index for x=1.0 is 0
2025-11-23 18:04:54.240 [main] DEBUG r.s.t.c.l.f.ArrayTabulatedFunction - Interpolation for x=1.0 at floorIndex=0: result=2.0
2025-11-23 18:04:54.241 [main] INFO  r.s.t.c.l.f.ArrayTabulatedFunction - Creating ArrayTabulatedFunction from arrays with length: 3
2025-11-23 18:04:54.242 [main] DEBUG r.s.t.c.l.f.ArrayTabulatedFunction - Successfully created ArrayTabulatedFunction with 3 points
2025-11-23 18:04:54.242 [main] ERROR r.s.t.c.l.f.ArrayTabulatedFunction - X value 0.5 is less than left bound 1.0
2025-11-23 18:04:54.246 [main] INFO  r.s.t.c.l.f.ArrayTabulatedFunction - Creating ArrayTabulatedFunction from arrays with length: 3
2025-11-23 18:04:54.246 [main] DEBUG r.s.t.c.l.f.ArrayTabulatedFunction - Successfully created ArrayTabulatedFunction with 3 points
2025-11-23 18:04:54.246 [main] INFO  r.s.t.c.l.f.ArrayTabulatedFunction - Inserting point: x=2.0, y=25.0
2025-11-23 18:04:54.246 [main] DEBUG r.s.t.c.l.f.ArrayTabulatedFunction - Found x=2.0 at index 1
2025-11-23 18:04:54.246 [main] DEBUG r.s.t.c.l.f.ArrayTabulatedFunction - Point with x=2.0 already exists at index 1, updating y value
2025-11-23 18:04:54.248 [main] INFO  r.s.t.c.l.f.ArrayTabulatedFunction - Creating ArrayTabulatedFunction from arrays with length: 2
2025-11-23 18:04:54.248 [main] DEBUG r.s.t.c.l.f.ArrayTabulatedFunction - Successfully created ArrayTabulatedFunction with 2 points
2025-11-23 18:04:54.249 [main] ERROR r.s.t.c.l.f.ArrayTabulatedFunction - Index out of bounds: index=-1, count=2
2025-11-23 18:04:54.250 [main] ERROR r.s.t.c.l.f.ArrayTabulatedFunction - Index out of bounds: index=2, count=2
2025-11-23 18:04:54.252 [main] INFO  r.s.t.c.l.f.ArrayTabulatedFunction - Creating ArrayTabulatedFunction from arrays with length: 2
2025-11-23 18:04:54.252 [main] DEBUG r.s.t.c.l.f.ArrayTabulatedFunction - Successfully created ArrayTabulatedFunction with 2 points
2025-11-23 18:04:54.253 [main] ERROR r.s.t.c.l.f.ArrayTabulatedFunction - Index out of bounds: index=-1, count=2
2025-11-23 18:04:54.253 [main] ERROR r.s.t.c.l.f.ArrayTabulatedFunction - Index out of bounds: index=2, count=2
2025-11-23 18:04:54.254 [main] ERROR r.s.t.c.l.f.ArrayTabulatedFunction - Index out of bounds: index=5, count=2
2025-11-23 18:04:54.257 [main] INFO  r.s.t.c.l.f.ArrayTabulatedFunction - Creating ArrayTabulatedFunction from arrays with length: 3
2025-11-23 18:04:54.257 [main] DEBUG r.s.t.c.l.f.ArrayTabulatedFunction - Successfully created ArrayTabulatedFunction with 3 points
2025-11-23 18:04:54.257 [main] INFO  r.s.t.c.l.f.ArrayTabulatedFunction - Removing point at index 1
2025-11-23 18:04:54.257 [main] DEBUG r.s.t.c.l.f.ArrayTabulatedFunction - Successfully removed point at index 1. New count: 2
2025-11-23 18:04:54.259 [main] INFO  r.s.t.c.l.f.ArrayTabulatedFunction - Creating ArrayTabulatedFunction from function: xFrom=2.0, xTo=0.0, count=3
2025-11-23 18:04:54.260 [main] WARN  r.s.t.c.l.f.ArrayTabulatedFunction - xFrom (2.0) > xTo (0.0), swapping values
2025-11-23 18:04:54.260 [main] DEBUG r.s.t.c.l.f.ArrayTabulatedFunction - Step size: 1.0
2025-11-23 18:04:54.260 [main] INFO  r.s.t.c.l.f.ArrayTabulatedFunction - Successfully created ArrayTabulatedFunction from source function
2025-11-23 18:04:54.261 [main] INFO  r.s.t.c.l.f.ArrayTabulatedFunction - Creating ArrayTabulatedFunction from arrays with length: 3
2025-11-23 18:04:54.262 [main] DEBUG r.s.t.c.l.f.ArrayTabulatedFunction - Successfully created ArrayTabulatedFunction with 3 points
2025-11-23 18:04:54.262 [main] INFO  r.s.t.c.l.f.ArrayTabulatedFunction - Inserting point: x=3.0, y=30.0
2025-11-23 18:04:54.262 [main] DEBUG r.s.t.c.l.f.ArrayTabulatedFunction - x=3.0 not found in xValues
2025-11-23 18:04:54.262 [main] DEBUG r.s.t.c.l.f.ArrayTabulatedFunction - Successfully inserted point at index 2. New count: 4
2025-11-23 18:04:54.264 [main] INFO  r.s.t.c.l.f.ArrayTabulatedFunction - Creating ArrayTabulatedFunction from arrays with length: 4
2025-11-23 18:04:54.264 [main] DEBUG r.s.t.c.l.f.ArrayTabulatedFunction - Successfully created ArrayTabulatedFunction with 4 points
2025-11-23 18:04:54.267 [main] INFO  r.s.t.c.l.f.ArrayTabulatedFunction - Creating ArrayTabulatedFunction from arrays with length: 2
2025-11-23 18:04:54.268 [main] DEBUG r.s.t.c.l.f.ArrayTabulatedFunction - Successfully created ArrayTabulatedFunction with 2 points
2025-11-23 18:04:54.268 [main] INFO  r.s.t.c.l.f.ArrayTabulatedFunction - Inserting point: x=1.0, y=10.0
2025-11-23 18:04:54.268 [main] DEBUG r.s.t.c.l.f.ArrayTabulatedFunction - x=1.0 not found in xValues
2025-11-23 18:04:54.268 [main] DEBUG r.s.t.c.l.f.ArrayTabulatedFunction - Successfully inserted point at index 0. New count: 3
2025-11-23 18:04:54.270 [main] INFO  r.s.t.c.l.f.ArrayTabulatedFunction - Creating ArrayTabulatedFunction from arrays with length: 3
2025-11-23 18:04:54.270 [main] DEBUG r.s.t.c.l.f.ArrayTabulatedFunction - Successfully created ArrayTabulatedFunction with 3 points
2025-11-23 18:04:54.273 [main] INFO  r.s.t.c.l.f.ArrayTabulatedFunction - Creating ArrayTabulatedFunction from arrays with length: 2
2025-11-23 18:04:54.273 [main] DEBUG r.s.t.c.l.f.ArrayTabulatedFunction - Successfully created ArrayTabulatedFunction with 2 points
2025-11-23 18:04:54.274 [main] INFO  r.s.t.c.l.f.ArrayTabulatedFunction - Removing point at index 0
2025-11-23 18:04:54.274 [main] ERROR r.s.t.c.l.f.ArrayTabulatedFunction - Cannot remove point - minimum points count reached (current: 2)
2025-11-23 18:04:54.275 [main] INFO  r.s.t.c.l.f.ArrayTabulatedFunction - Removing point at index 1
2025-11-23 18:04:54.276 [main] ERROR r.s.t.c.l.f.ArrayTabulatedFunction - Cannot remove point - minimum points count reached (current: 2)
2025-11-23 18:04:54.278 [main] INFO  r.s.t.c.l.f.ArrayTabulatedFunction - Creating ArrayTabulatedFunction from arrays with length: 4
2025-11-23 18:04:54.279 [main] DEBUG r.s.t.c.l.f.ArrayTabulatedFunction - Successfully created ArrayTabulatedFunction with 4 points
2025-11-23 18:04:54.280 [main] ERROR r.s.t.c.l.f.ArrayTabulatedFunction - Iterator has no more elements
2025-11-23 18:04:54.282 [main] INFO  r.s.t.c.l.f.ArrayTabulatedFunction - Creating ArrayTabulatedFunction from arrays with length: 4
2025-11-23 18:04:54.282 [main] DEBUG r.s.t.c.l.f.ArrayTabulatedFunction - Successfully created ArrayTabulatedFunction with 4 points
2025-11-23 18:04:54.284 [main] INFO  r.s.t.c.l.f.ArrayTabulatedFunction - Creating ArrayTabulatedFunction from arrays with length: 2
2025-11-23 18:04:54.284 [main] DEBUG r.s.t.c.l.f.ArrayTabulatedFunction - Successfully created ArrayTabulatedFunction with 2 points
2025-11-23 18:04:54.321 [main] INFO  r.s.t.c.l.f.LinkedListTabulatedFunction - Creating LinkedListTabulatedFunction from arrays with length: 3
2025-11-23 18:04:54.321 [main] DEBUG r.s.t.c.l.f.LinkedListTabulatedFunction - Created first node in empty list
2025-11-23 18:04:54.321 [main] INFO  r.s.t.c.l.f.LinkedListTabulatedFunction - Successfully created LinkedListTabulatedFunction with 3 points
2025-11-23 18:04:54.321 [main] DEBUG r.s.t.c.l.f.LinkedListTabulatedFunction - Found x=2.0 at index 1
2025-11-23 18:04:54.322 [main] DEBUG r.s.t.c.l.f.LinkedListTabulatedFunction - x=1.5 not found in list
2025-11-23 18:04:54.322 [main] DEBUG r.s.t.c.l.f.LinkedListTabulatedFunction - Floor index for x=1.5 is 0
2025-11-23 18:04:54.322 [main] DEBUG r.s.t.c.l.f.LinkedListTabulatedFunction - Interpolation for x=1.5 at floorIndex=0: result=15.0
2025-11-23 18:04:54.323 [main] INFO  r.s.t.c.l.f.ArrayTabulatedFunction - Creating ArrayTabulatedFunction from function: xFrom=0.0, xTo=2.0, count=3
2025-11-23 18:04:54.323 [main] DEBUG r.s.t.c.l.f.ArrayTabulatedFunction - Step size: 1.0
2025-11-23 18:04:54.324 [main] INFO  r.s.t.c.l.f.ArrayTabulatedFunction - Successfully created ArrayTabulatedFunction from source function
2025-11-23 18:04:54.324 [main] DEBUG r.s.t.c.l.f.ArrayTabulatedFunction - Found x=1.0 at index 1
2025-11-23 18:04:54.324 [main] DEBUG r.s.t.c.l.f.ArrayTabulatedFunction - Found x=2.0 at index 2
2025-11-23 18:04:54.324 [main] DEBUG r.s.t.c.l.f.ArrayTabulatedFunction - x=1.5 not found in xValues
2025-11-23 18:04:54.324 [main] DEBUG r.s.t.c.l.f.ArrayTabulatedFunction - Floor index for x=1.5 is 1
2025-11-23 18:04:54.324 [main] DEBUG r.s.t.c.l.f.ArrayTabulatedFunction - Interpolation for x=1.5 at floorIndex=1: result=2.5
2025-11-23 18:04:54.325 [main] INFO  r.s.t.c.l.f.ArrayTabulatedFunction - Creating ArrayTabulatedFunction from function: xFrom=0.0, xTo=2.0, count=3
2025-11-23 18:04:54.326 [main] DEBUG r.s.t.c.l.f.ArrayTabulatedFunction - Step size: 1.0
2025-11-23 18:04:54.326 [main] INFO  r.s.t.c.l.f.ArrayTabulatedFunction - Successfully created ArrayTabulatedFunction from source function
2025-11-23 18:04:54.327 [main] INFO  r.s.t.c.l.f.LinkedListTabulatedFunction - Creating LinkedListTabulatedFunction from function: xFrom=0.0, xTo=4.0, count=3
2025-11-23 18:04:54.328 [main] DEBUG r.s.t.c.l.f.LinkedListTabulatedFunction - Step size: 2.0
2025-11-23 18:04:54.328 [main] DEBUG r.s.t.c.l.f.LinkedListTabulatedFunction - Created first node in empty list
2025-11-23 18:04:54.328 [main] INFO  r.s.t.c.l.f.LinkedListTabulatedFunction - Successfully created LinkedListTabulatedFunction from source function
2025-11-23 18:04:54.328 [main] DEBUG r.s.t.c.l.f.ArrayTabulatedFunction - Found x=0.0 at index 0
2025-11-23 18:04:54.328 [main] DEBUG r.s.t.c.l.f.LinkedListTabulatedFunction - Found x=0.0 at index 0
2025-11-23 18:04:54.328 [main] DEBUG r.s.t.c.l.f.ArrayTabulatedFunction - Found x=1.0 at index 1
2025-11-23 18:04:54.328 [main] DEBUG r.s.t.c.l.f.LinkedListTabulatedFunction - x=1.0 not found in list
2025-11-23 18:04:54.329 [main] DEBUG r.s.t.c.l.f.LinkedListTabulatedFunction - Floor index for x=1.0 is 0
2025-11-23 18:04:54.329 [main] DEBUG r.s.t.c.l.f.LinkedListTabulatedFunction - Interpolation for x=1.0 at floorIndex=0: result=2.0
2025-11-23 18:04:54.329 [main] DEBUG r.s.t.c.l.f.ArrayTabulatedFunction - Found x=2.0 at index 2
2025-11-23 18:04:54.329 [main] DEBUG r.s.t.c.l.f.LinkedListTabulatedFunction - Found x=4.0 at index 2
2025-11-23 18:04:54.329 [main] DEBUG r.s.t.c.l.f.ArrayTabulatedFunction - x=1.5 not found in xValues
2025-11-23 18:04:54.329 [main] DEBUG r.s.t.c.l.f.ArrayTabulatedFunction - Floor index for x=1.5 is 1
2025-11-23 18:04:54.329 [main] DEBUG r.s.t.c.l.f.ArrayTabulatedFunction - Interpolation for x=1.5 at floorIndex=1: result=2.5
2025-11-23 18:04:54.329 [main] DEBUG r.s.t.c.l.f.LinkedListTabulatedFunction - x=2.5 not found in list
2025-11-23 18:04:54.329 [main] DEBUG r.s.t.c.l.f.LinkedListTabulatedFunction - Floor index for x=2.5 is 1
2025-11-23 18:04:54.329 [main] DEBUG r.s.t.c.l.f.LinkedListTabulatedFunction - Interpolation for x=2.5 at floorIndex=1: result=5.0
2025-11-23 18:04:54.340 [main] INFO  r.s.t.c.l.f.LinkedListTabulatedFunction - Creating LinkedListTabulatedFunction from arrays with length: 4
2025-11-23 18:04:54.341 [main] DEBUG r.s.t.c.l.f.LinkedListTabulatedFunction - Created first node in empty list
2025-11-23 18:04:54.341 [main] INFO  r.s.t.c.l.f.LinkedListTabulatedFunction - Successfully created LinkedListTabulatedFunction with 4 points
2025-11-23 18:04:54.344 [main] INFO  r.s.t.c.l.f.ArrayTabulatedFunction - Creating ArrayTabulatedFunction from arrays with length: 2
2025-11-23 18:04:54.345 [main] DEBUG r.s.t.c.l.f.ArrayTabulatedFunction - Successfully created ArrayTabulatedFunction with 2 points
2025-11-23 18:04:54.345 [main] INFO  r.s.t.c.l.f.ArrayTabulatedFunction - Creating ArrayTabulatedFunction from arrays with length: 5
2025-11-23 18:04:54.345 [main] DEBUG r.s.t.c.l.f.ArrayTabulatedFunction - Successfully created ArrayTabulatedFunction with 5 points
2025-11-23 18:04:54.346 [main] INFO  r.s.t.c.l.f.ArrayTabulatedFunction - Creating ArrayTabulatedFunction from arrays with length: 3
2025-11-23 18:04:54.346 [main] DEBUG r.s.t.c.l.f.ArrayTabulatedFunction - Successfully created ArrayTabulatedFunction with 3 points
2025-11-23 18:04:54.349 [main] INFO  r.s.t.c.l.f.ArrayTabulatedFunction - Creating ArrayTabulatedFunction from arrays with length: 1
2025-11-23 18:04:54.349 [main] INFO  r.s.t.c.l.f.LinkedListTabulatedFunction - Creating LinkedListTabulatedFunction from arrays with length: 1
2025-11-23 18:04:54.350 [main] ERROR r.s.t.c.l.f.LinkedListTabulatedFunction - Array length 1 is less than minimum required (2)
2025-11-23 18:04:54.350 [main] INFO  r.s.t.c.l.f.ArrayTabulatedFunction - Creating ArrayTabulatedFunction from arrays with length: 0
2025-11-23 18:04:54.351 [main] INFO  r.s.t.c.l.f.LinkedListTabulatedFunction - Creating LinkedListTabulatedFunction from arrays with length: 0
2025-11-23 18:04:54.351 [main] ERROR r.s.t.c.l.f.LinkedListTabulatedFunction - Array length 0 is less than minimum required (2)
2025-11-23 18:04:54.352 [main] INFO  r.s.t.c.l.f.ArrayTabulatedFunction - Creating ArrayTabulatedFunction from arrays with length: 2
2025-11-23 18:04:54.353 [main] INFO  r.s.t.c.l.f.LinkedListTabulatedFunction - Creating LinkedListTabulatedFunction from arrays with length: 2
2025-11-23 18:04:54.353 [main] ERROR r.s.t.c.l.f.LinkedListTabulatedFunction - Arrays length mismatch: x.length=2, y.length=1
2025-11-23 18:04:54.354 [main] INFO  r.s.t.c.l.f.ArrayTabulatedFunction - Creating ArrayTabulatedFunction from arrays with length: 2
2025-11-23 18:04:54.355 [main] DEBUG r.s.t.c.l.f.ArrayTabulatedFunction - Successfully created ArrayTabulatedFunction with 2 points
2025-11-23 18:04:54.355 [main] INFO  r.s.t.c.l.f.ArrayTabulatedFunction - Creating ArrayTabulatedFunction from arrays with length: 2
2025-11-23 18:04:54.355 [main] DEBUG r.s.t.c.l.f.ArrayTabulatedFunction - Successfully created ArrayTabulatedFunction with 2 points
2025-11-23 18:04:54.355 [main] DEBUG r.s.t.c.l.f.ArrayTabulatedFunction - Set y[0] from 1.0 to 100.0
2025-11-23 18:04:54.357 [main] INFO  r.s.t.c.l.f.ArrayTabulatedFunction - Creating ArrayTabulatedFunction from arrays with length: 3
2025-11-23 18:04:54.357 [main] DEBUG r.s.t.c.l.f.ArrayTabulatedFunction - Successfully created ArrayTabulatedFunction with 3 points
2025-11-23 18:04:54.357 [main] INFO  r.s.t.c.l.f.LinkedListTabulatedFunction - Creating LinkedListTabulatedFunction from arrays with length: 3
2025-11-23 18:04:54.357 [main] DEBUG r.s.t.c.l.f.LinkedListTabulatedFunction - Created first node in empty list
2025-11-23 18:04:54.357 [main] INFO  r.s.t.c.l.f.LinkedListTabulatedFunction - Successfully created LinkedListTabulatedFunction with 3 points
2025-11-23 18:04:54.359 [main] INFO  r.s.t.c.l.f.LinkedListTabulatedFunction - Creating LinkedListTabulatedFunction from arrays with length: 2
2025-11-23 18:04:54.359 [main] DEBUG r.s.t.c.l.f.LinkedListTabulatedFunction - Created first node in empty list
2025-11-23 18:04:54.359 [main] INFO  r.s.t.c.l.f.LinkedListTabulatedFunction - Successfully created LinkedListTabulatedFunction with 2 points
2025-11-23 18:04:54.360 [main] INFO  r.s.t.c.l.f.LinkedListTabulatedFunction - Creating LinkedListTabulatedFunction from arrays with length: 5
2025-11-23 18:04:54.360 [main] DEBUG r.s.t.c.l.f.LinkedListTabulatedFunction - Created first node in empty list
2025-11-23 18:04:54.360 [main] INFO  r.s.t.c.l.f.LinkedListTabulatedFunction - Successfully created LinkedListTabulatedFunction with 5 points
2025-11-23 18:04:54.368 [main] INFO  r.s.t.c.l.f.LinkedListTabulatedFunction - Creating LinkedListTabulatedFunction from arrays with length: 3
2025-11-23 18:04:54.368 [main] DEBUG r.s.t.c.l.f.LinkedListTabulatedFunction - Created first node in empty list
2025-11-23 18:04:54.368 [main] INFO  r.s.t.c.l.f.LinkedListTabulatedFunction - Successfully created LinkedListTabulatedFunction with 3 points
2025-11-23 18:04:54.370 [main] INFO  r.s.t.c.l.f.LinkedListTabulatedFunction - Creating LinkedListTabulatedFunction from arrays with length: 3
2025-11-23 18:04:54.370 [main] DEBUG r.s.t.c.l.f.LinkedListTabulatedFunction - Created first node in empty list
2025-11-23 18:04:54.370 [main] INFO  r.s.t.c.l.f.LinkedListTabulatedFunction - Successfully created LinkedListTabulatedFunction with 3 points
2025-11-23 18:04:54.370 [main] INFO  r.s.t.c.l.f.LinkedListTabulatedFunction - Removing point at index 0
2025-11-23 18:04:54.370 [main] DEBUG r.s.t.c.l.f.LinkedListTabulatedFunction - Removed head node, new head set
2025-11-23 18:04:54.370 [main] DEBUG r.s.t.c.l.f.LinkedListTabulatedFunction - Successfully removed point at index 0. New count: 2
2025-11-23 18:04:54.371 [main] INFO  r.s.t.c.l.f.LinkedListTabulatedFunction - Removing point at index 0
2025-11-23 18:04:54.371 [main] ERROR r.s.t.c.l.f.LinkedListTabulatedFunction - Cannot remove point - minimum points count reached (current: 2)
2025-11-23 18:04:54.373 [main] INFO  r.s.t.c.l.f.LinkedListTabulatedFunction - Creating LinkedListTabulatedFunction from function: xFrom=2.0, xTo=0.0, count=3
2025-11-23 18:04:54.373 [main] WARN  r.s.t.c.l.f.LinkedListTabulatedFunction - xFrom (2.0) > xTo (0.0), swapping values
2025-11-23 18:04:54.373 [main] DEBUG r.s.t.c.l.f.LinkedListTabulatedFunction - Step size: 1.0
2025-11-23 18:04:54.373 [main] DEBUG r.s.t.c.l.f.LinkedListTabulatedFunction - Created first node in empty list
2025-11-23 18:04:54.373 [main] INFO  r.s.t.c.l.f.LinkedListTabulatedFunction - Successfully created LinkedListTabulatedFunction from source function
2025-11-23 18:04:54.375 [main] INFO  r.s.t.c.l.f.LinkedListTabulatedFunction - Creating LinkedListTabulatedFunction from arrays with length: 2
2025-11-23 18:04:54.375 [main] DEBUG r.s.t.c.l.f.LinkedListTabulatedFunction - Created first node in empty list
2025-11-23 18:04:54.375 [main] INFO  r.s.t.c.l.f.LinkedListTabulatedFunction - Successfully created LinkedListTabulatedFunction with 2 points
2025-11-23 18:04:54.375 [main] DEBUG r.s.t.c.l.f.LinkedListTabulatedFunction - x=1.0 not found in list
2025-11-23 18:04:54.375 [main] DEBUG r.s.t.c.l.f.LinkedListTabulatedFunction - Floor index for x=1.0 is 0
2025-11-23 18:04:54.375 [main] DEBUG r.s.t.c.l.f.LinkedListTabulatedFunction - Interpolation for x=1.0 at floorIndex=0: result=2.0
2025-11-23 18:04:54.377 [main] INFO  r.s.t.c.l.f.LinkedListTabulatedFunction - Creating LinkedListTabulatedFunction from function: xFrom=3.0, xTo=3.0, count=4
2025-11-23 18:04:54.377 [main] DEBUG r.s.t.c.l.f.LinkedListTabulatedFunction - xFrom equals xTo, creating constant function
2025-11-23 18:04:54.377 [main] DEBUG r.s.t.c.l.f.LinkedListTabulatedFunction - Created first node in empty list
2025-11-23 18:04:54.377 [main] INFO  r.s.t.c.l.f.LinkedListTabulatedFunction - Successfully created LinkedListTabulatedFunction from source function
2025-11-23 18:04:54.379 [main] INFO  r.s.t.c.l.f.LinkedListTabulatedFunction - Creating LinkedListTabulatedFunction from arrays with length: 2
2025-11-23 18:04:54.379 [main] DEBUG r.s.t.c.l.f.LinkedListTabulatedFunction - Created first node in empty list
2025-11-23 18:04:54.379 [main] INFO  r.s.t.c.l.f.LinkedListTabulatedFunction - Successfully created LinkedListTabulatedFunction with 2 points
2025-11-23 18:04:54.379 [main] DEBUG r.s.t.c.l.f.LinkedListTabulatedFunction - Set y[1] from 1.0 to 10.0
2025-11-23 18:04:54.380 [main] INFO  r.s.t.c.l.f.LinkedListTabulatedFunction - Creating LinkedListTabulatedFunction from arrays with length: 7
2025-11-23 18:04:54.381 [main] DEBUG r.s.t.c.l.f.LinkedListTabulatedFunction - Created first node in empty list
2025-11-23 18:04:54.381 [main] INFO  r.s.t.c.l.f.LinkedListTabulatedFunction - Successfully created LinkedListTabulatedFunction with 7 points
2025-11-23 18:04:54.381 [main] ERROR r.s.t.c.l.f.LinkedListTabulatedFunction - Interpolation error: x=2.5 not in interval [3.0, 4.0]
2025-11-23 18:04:54.383 [main] INFO  r.s.t.c.l.f.LinkedListTabulatedFunction - Creating LinkedListTabulatedFunction from function: xFrom=0.0, xTo=2.0, count=1
2025-11-23 18:04:54.384 [main] ERROR r.s.t.c.l.f.LinkedListTabulatedFunction - Count 1 is less than minimum required (2)
2025-11-23 18:04:54.385 [main] INFO  r.s.t.c.l.f.LinkedListTabulatedFunction - Creating LinkedListTabulatedFunction from arrays with length: 3
2025-11-23 18:04:54.385 [main] DEBUG r.s.t.c.l.f.LinkedListTabulatedFunction - Created first node in empty list
2025-11-23 18:04:54.386 [main] INFO  r.s.t.c.l.f.LinkedListTabulatedFunction - Successfully created LinkedListTabulatedFunction with 3 points
2025-11-23 18:04:54.386 [main] INFO  r.s.t.c.l.f.LinkedListTabulatedFunction - Removing point at index 0
2025-11-23 18:04:54.386 [main] DEBUG r.s.t.c.l.f.LinkedListTabulatedFunction - Removed head node, new head set
2025-11-23 18:04:54.386 [main] DEBUG r.s.t.c.l.f.LinkedListTabulatedFunction - Successfully removed point at index 0. New count: 2
2025-11-23 18:04:54.387 [main] INFO  r.s.t.c.l.f.LinkedListTabulatedFunction - Creating LinkedListTabulatedFunction from arrays with length: 2
2025-11-23 18:04:54.388 [main] DEBUG r.s.t.c.l.f.LinkedListTabulatedFunction - Created first node in empty list
2025-11-23 18:04:54.388 [main] INFO  r.s.t.c.l.f.LinkedListTabulatedFunction - Successfully created LinkedListTabulatedFunction with 2 points
2025-11-23 18:04:54.388 [main] INFO  r.s.t.c.l.f.LinkedListTabulatedFunction - Inserting point: x=3.0, y=9.0
2025-11-23 18:04:54.388 [main] DEBUG r.s.t.c.l.f.LinkedListTabulatedFunction - Inserted node at end of list
2025-11-23 18:04:54.389 [main] INFO  r.s.t.c.l.f.LinkedListTabulatedFunction - Creating LinkedListTabulatedFunction from function: xFrom=0.0, xTo=2.0, count=3
2025-11-23 18:04:54.389 [main] DEBUG r.s.t.c.l.f.LinkedListTabulatedFunction - Step size: 1.0
2025-11-23 18:04:54.389 [main] DEBUG r.s.t.c.l.f.LinkedListTabulatedFunction - Created first node in empty list
2025-11-23 18:04:54.390 [main] INFO  r.s.t.c.l.f.LinkedListTabulatedFunction - Successfully created LinkedListTabulatedFunction from source function
2025-11-23 18:04:54.392 [main] INFO  r.s.t.c.l.f.LinkedListTabulatedFunction - Creating LinkedListTabulatedFunction from arrays with length: 3
2025-11-23 18:04:54.392 [main] DEBUG r.s.t.c.l.f.LinkedListTabulatedFunction - Created first node in empty list
2025-11-23 18:04:54.392 [main] INFO  r.s.t.c.l.f.LinkedListTabulatedFunction - Successfully created LinkedListTabulatedFunction with 3 points
2025-11-23 18:04:54.392 [main] DEBUG r.s.t.c.l.f.LinkedListTabulatedFunction - Found x=2.0 at index 1
2025-11-23 18:04:54.392 [main] DEBUG r.s.t.c.l.f.LinkedListTabulatedFunction - x=5.0 not found in list
2025-11-23 18:04:54.394 [main] INFO  r.s.t.c.l.f.LinkedListTabulatedFunction - Creating LinkedListTabulatedFunction from arrays with length: 3
2025-11-23 18:04:54.394 [main] DEBUG r.s.t.c.l.f.LinkedListTabulatedFunction - Created first node in empty list
2025-11-23 18:04:54.394 [main] INFO  r.s.t.c.l.f.LinkedListTabulatedFunction - Successfully created LinkedListTabulatedFunction with 3 points
2025-11-23 18:04:54.394 [main] INFO  r.s.t.c.l.f.LinkedListTabulatedFunction - Removing point at index 2
2025-11-23 18:04:54.394 [main] DEBUG r.s.t.c.l.f.LinkedListTabulatedFunction - Successfully removed point at index 2. New count: 2
2025-11-23 18:04:54.396 [main] INFO  r.s.t.c.l.f.LinkedListTabulatedFunction - Creating LinkedListTabulatedFunction from arrays with length: 0
2025-11-23 18:04:54.397 [main] ERROR r.s.t.c.l.f.LinkedListTabulatedFunction - Array length 0 is less than minimum required (2)
2025-11-23 18:04:54.399 [main] INFO  r.s.t.c.l.f.LinkedListTabulatedFunction - Creating LinkedListTabulatedFunction from arrays with length: 2
2025-11-23 18:04:54.399 [main] DEBUG r.s.t.c.l.f.LinkedListTabulatedFunction - Created first node in empty list
2025-11-23 18:04:54.399 [main] INFO  r.s.t.c.l.f.LinkedListTabulatedFunction - Successfully created LinkedListTabulatedFunction with 2 points
2025-11-23 18:04:54.400 [main] ERROR r.s.t.c.l.f.LinkedListTabulatedFunction - Node index out of bounds: index=-1, count=2
2025-11-23 18:04:54.405 [main] ERROR r.s.t.c.l.f.LinkedListTabulatedFunction - Node index out of bounds: index=2, count=2
2025-11-23 18:04:54.406 [main] INFO  r.s.t.c.l.f.LinkedListTabulatedFunction - Creating LinkedListTabulatedFunction from arrays with length: 2
2025-11-23 18:04:54.406 [main] DEBUG r.s.t.c.l.f.LinkedListTabulatedFunction - Created first node in empty list
2025-11-23 18:04:54.406 [main] INFO  r.s.t.c.l.f.LinkedListTabulatedFunction - Successfully created LinkedListTabulatedFunction with 2 points
2025-11-23 18:04:54.407 [main] ERROR r.s.t.c.l.f.LinkedListTabulatedFunction - Node index out of bounds: index=-1, count=2
2025-11-23 18:04:54.408 [main] ERROR r.s.t.c.l.f.LinkedListTabulatedFunction - Node index out of bounds: index=2, count=2
2025-11-23 18:04:54.410 [main] INFO  r.s.t.c.l.f.LinkedListTabulatedFunction - Creating LinkedListTabulatedFunction from arrays with length: 3
2025-11-23 18:04:54.410 [main] DEBUG r.s.t.c.l.f.LinkedListTabulatedFunction - Created first node in empty list
2025-11-23 18:04:54.410 [main] INFO  r.s.t.c.l.f.LinkedListTabulatedFunction - Successfully created LinkedListTabulatedFunction with 3 points
2025-11-23 18:04:54.410 [main] INFO  r.s.t.c.l.f.LinkedListTabulatedFunction - Inserting point: x=2.0, y=5.0
2025-11-23 18:04:54.410 [main] DEBUG r.s.t.c.l.f.LinkedListTabulatedFunction - Point with x=2.0 already exists, updating y value
2025-11-23 18:04:54.411 [main] INFO  r.s.t.c.l.f.LinkedListTabulatedFunction - Creating LinkedListTabulatedFunction from arrays with length: 3
2025-11-23 18:04:54.412 [main] DEBUG r.s.t.c.l.f.LinkedListTabulatedFunction - Created first node in empty list
2025-11-23 18:04:54.412 [main] INFO  r.s.t.c.l.f.LinkedListTabulatedFunction - Successfully created LinkedListTabulatedFunction with 3 points
2025-11-23 18:04:54.412 [main] DEBUG r.s.t.c.l.f.LinkedListTabulatedFunction - Found y=20.0 at index 1
2025-11-23 18:04:54.413 [main] INFO  r.s.t.c.l.f.LinkedListTabulatedFunction - Creating LinkedListTabulatedFunction from arrays with length: 2
2025-11-23 18:04:54.413 [main] DEBUG r.s.t.c.l.f.LinkedListTabulatedFunction - Created first node in empty list
2025-11-23 18:04:54.413 [main] INFO  r.s.t.c.l.f.LinkedListTabulatedFunction - Successfully created LinkedListTabulatedFunction with 2 points
2025-11-23 18:04:54.414 [main] ERROR r.s.t.c.l.f.LinkedListTabulatedFunction - Node index out of bounds: index=-1, count=2
2025-11-23 18:04:54.416 [main] ERROR r.s.t.c.l.f.LinkedListTabulatedFunction - Node index out of bounds: index=2, count=2
2025-11-23 18:04:54.418 [main] INFO  r.s.t.c.l.f.LinkedListTabulatedFunction - Creating LinkedListTabulatedFunction from arrays with length: 2
2025-11-23 18:04:54.418 [main] DEBUG r.s.t.c.l.f.LinkedListTabulatedFunction - Created first node in empty list
2025-11-23 18:04:54.418 [main] INFO  r.s.t.c.l.f.LinkedListTabulatedFunction - Successfully created LinkedListTabulatedFunction with 2 points
2025-11-23 18:04:54.419 [main] INFO  r.s.t.c.l.f.LinkedListTabulatedFunction - Removing point at index -1
2025-11-23 18:04:54.419 [main] ERROR r.s.t.c.l.f.LinkedListTabulatedFunction - Index out of bounds: index=-1, count=2
2025-11-23 18:04:54.420 [main] INFO  r.s.t.c.l.f.LinkedListTabulatedFunction - Removing point at index 2
2025-11-23 18:04:54.420 [main] ERROR r.s.t.c.l.f.LinkedListTabulatedFunction - Index out of bounds: index=2, count=2
2025-11-23 18:04:54.421 [main] INFO  r.s.t.c.l.f.LinkedListTabulatedFunction - Removing point at index 5
2025-11-23 18:04:54.421 [main] ERROR r.s.t.c.l.f.LinkedListTabulatedFunction - Index out of bounds: index=5, count=2
2025-11-23 18:04:54.422 [main] INFO  r.s.t.c.l.f.LinkedListTabulatedFunction - Creating LinkedListTabulatedFunction from arrays with length: 3
2025-11-23 18:04:54.422 [main] DEBUG r.s.t.c.l.f.LinkedListTabulatedFunction - Created first node in empty list
2025-11-23 18:04:54.422 [main] INFO  r.s.t.c.l.f.LinkedListTabulatedFunction - Successfully created LinkedListTabulatedFunction with 3 points
2025-11-23 18:04:54.424 [main] INFO  r.s.t.c.l.f.LinkedListTabulatedFunction - Creating LinkedListTabulatedFunction from arrays with length: 4
2025-11-23 18:04:54.424 [main] DEBUG r.s.t.c.l.f.LinkedListTabulatedFunction - Created first node in empty list
2025-11-23 18:04:54.424 [main] INFO  r.s.t.c.l.f.LinkedListTabulatedFunction - Successfully created LinkedListTabulatedFunction with 4 points
2025-11-23 18:04:54.424 [main] DEBUG r.s.t.c.l.f.LinkedListTabulatedFunction - Floor index for x=0.5 is 0
2025-11-23 18:04:54.424 [main] DEBUG r.s.t.c.l.f.LinkedListTabulatedFunction - Floor index for x=1.9 is 1
2025-11-23 18:04:54.424 [main] DEBUG r.s.t.c.l.f.LinkedListTabulatedFunction - X value 3.0 is greater than or equal to right bound, returning count-1=3
2025-11-23 18:04:54.425 [main] DEBUG r.s.t.c.l.f.LinkedListTabulatedFunction - X value 10.0 is greater than or equal to right bound, returning count-1=3
2025-11-23 18:04:54.426 [main] INFO  r.s.t.c.l.f.LinkedListTabulatedFunction - Creating LinkedListTabulatedFunction from arrays with length: 4
2025-11-23 18:04:54.427 [main] DEBUG r.s.t.c.l.f.LinkedListTabulatedFunction - Created first node in empty list
2025-11-23 18:04:54.427 [main] INFO  r.s.t.c.l.f.LinkedListTabulatedFunction - Successfully created LinkedListTabulatedFunction with 4 points
2025-11-23 18:04:54.427 [main] INFO  r.s.t.c.l.f.LinkedListTabulatedFunction - Removing point at index 0
2025-11-23 18:04:54.427 [main] DEBUG r.s.t.c.l.f.LinkedListTabulatedFunction - Removed head node, new head set
2025-11-23 18:04:54.427 [main] DEBUG r.s.t.c.l.f.LinkedListTabulatedFunction - Successfully removed point at index 0. New count: 3
2025-11-23 18:04:54.427 [main] INFO  r.s.t.c.l.f.LinkedListTabulatedFunction - Removing point at index 2
2025-11-23 18:04:54.427 [main] DEBUG r.s.t.c.l.f.LinkedListTabulatedFunction - Successfully removed point at index 2. New count: 2
2025-11-23 18:04:54.429 [main] INFO  r.s.t.c.l.f.LinkedListTabulatedFunction - Creating LinkedListTabulatedFunction from arrays with length: 2
2025-11-23 18:04:54.429 [main] DEBUG r.s.t.c.l.f.LinkedListTabulatedFunction - Created first node in empty list
2025-11-23 18:04:54.429 [main] INFO  r.s.t.c.l.f.LinkedListTabulatedFunction - Successfully created LinkedListTabulatedFunction with 2 points
2025-11-23 18:04:54.429 [main] DEBUG r.s.t.c.l.f.LinkedListTabulatedFunction - Right extrapolation for x=3.0: result=7.0
2025-11-23 18:04:54.431 [main] INFO  r.s.t.c.l.f.LinkedListTabulatedFunction - Creating LinkedListTabulatedFunction from arrays with length: 3
2025-11-23 18:04:54.431 [main] DEBUG r.s.t.c.l.f.LinkedListTabulatedFunction - Created first node in empty list
2025-11-23 18:04:54.431 [main] INFO  r.s.t.c.l.f.LinkedListTabulatedFunction - Successfully created LinkedListTabulatedFunction with 3 points
2025-11-23 18:04:54.431 [main] INFO  r.s.t.c.l.f.LinkedListTabulatedFunction - Inserting point: x=0.5, y=0.25
2025-11-23 18:04:54.431 [main] DEBUG r.s.t.c.l.f.LinkedListTabulatedFunction - Inserted node at beginning of list
2025-11-23 18:04:54.433 [main] INFO  r.s.t.c.l.f.LinkedListTabulatedFunction - Creating LinkedListTabulatedFunction from arrays with length: 2
2025-11-23 18:04:54.433 [main] DEBUG r.s.t.c.l.f.LinkedListTabulatedFunction - Created first node in empty list
2025-11-23 18:04:54.433 [main] INFO  r.s.t.c.l.f.LinkedListTabulatedFunction - Successfully created LinkedListTabulatedFunction with 2 points
2025-11-23 18:04:54.433 [main] DEBUG r.s.t.c.l.f.LinkedListTabulatedFunction - Left extrapolation for x=0.0: result=-2.0
2025-11-23 18:04:54.435 [main] INFO  r.s.t.c.l.f.LinkedListTabulatedFunction - Creating LinkedListTabulatedFunction from arrays with length: 3
2025-11-23 18:04:54.435 [main] DEBUG r.s.t.c.l.f.LinkedListTabulatedFunction - Created first node in empty list
2025-11-23 18:04:54.435 [main] INFO  r.s.t.c.l.f.LinkedListTabulatedFunction - Successfully created LinkedListTabulatedFunction with 3 points
2025-11-23 18:04:54.435 [main] DEBUG r.s.t.c.l.f.LinkedListTabulatedFunction - y=1337.0 not found in list
2025-11-23 18:04:54.438 [main] INFO  r.s.t.c.l.f.LinkedListTabulatedFunction - Creating LinkedListTabulatedFunction from arrays with length: 3
2025-11-23 18:04:54.439 [main] DEBUG r.s.t.c.l.f.LinkedListTabulatedFunction - Created first node in empty list
2025-11-23 18:04:54.439 [main] INFO  r.s.t.c.l.f.LinkedListTabulatedFunction - Successfully created LinkedListTabulatedFunction with 3 points
2025-11-23 18:04:54.439 [main] ERROR r.s.t.c.l.f.LinkedListTabulatedFunction - X value 0.5 is less than left bound 1.0
2025-11-23 18:04:54.442 [main] INFO  r.s.t.c.l.f.LinkedListTabulatedFunction - Creating LinkedListTabulatedFunction from arrays with length: 4
2025-11-23 18:04:54.442 [main] DEBUG r.s.t.c.l.f.LinkedListTabulatedFunction - Created first node in empty list
2025-11-23 18:04:54.442 [main] INFO  r.s.t.c.l.f.LinkedListTabulatedFunction - Successfully created LinkedListTabulatedFunction with 4 points
2025-11-23 18:04:54.442 [main] INFO  r.s.t.c.l.f.LinkedListTabulatedFunction - Removing point at index 1
2025-11-23 18:04:54.442 [main] DEBUG r.s.t.c.l.f.LinkedListTabulatedFunction - Successfully removed point at index 1. New count: 3
2025-11-23 18:04:54.445 [main] INFO  r.s.t.c.l.f.LinkedListTabulatedFunction - Creating LinkedListTabulatedFunction from arrays with length: 1
2025-11-23 18:04:54.445 [main] ERROR r.s.t.c.l.f.LinkedListTabulatedFunction - Array length 1 is less than minimum required (2)
2025-11-23 18:04:54.523 [main] INFO  r.s.t.c.laba2.jdbc.FunctionDAOTest - Инициализация тестового окружения FunctionDAO
2025-11-23 18:04:54.655 [main] DEBUG r.s.t.c.laba2.jdbc.FunctionDAOTest - Создана тестовая функция: Function{id=null, userId=1, name='test_func_minima_1763906694654', signature='x1'}
2025-11-23 18:04:54.657 [main] INFO  r.s.t.c.laba2.jdbc.FunctionDAOTest - Запуск теста: создание функции
2025-11-23 18:04:54.657 [main] INFO  r.s.t.c.laba2.jdbc.FunctionDAO - Создание новой функции: Function{id=null, userId=1, name='test_func_minima_1763906694654', signature='x1'}
2025-11-23 18:04:54.835 [main] DEBUG r.s.t.c.laba2.jdbc.FunctionDAO - Выполнение SQL: INSERT INTO functions (u_id, name, signature) VALUES (?, ?, ?) с параметрами u_id=1, name=test_func_minima_1763906694654, signature=***
2025-11-23 18:04:54.845 [main] DEBUG r.s.t.c.laba2.jdbc.FunctionDAO - Количество затронутых строк: 1
2025-11-23 18:04:54.846 [main] INFO  r.s.t.c.laba2.jdbc.FunctionDAO - Функция успешно создана с ID: 40256
2025-11-23 18:04:54.847 [main] INFO  r.s.t.c.laba2.jdbc.FunctionDAOTest - Успешно создана функция с ID: 40256
2025-11-23 18:04:54.849 [main] INFO  r.s.t.c.laba2.jdbc.FunctionDAOTest - Запуск теста: поиск функции по ID
2025-11-23 18:04:54.849 [main] DEBUG r.s.t.c.laba2.jdbc.FunctionDAO - Поиск функции по ID: 40256
2025-11-23 18:04:54.877 [main] DEBUG r.s.t.c.laba2.jdbc.FunctionDAO - Выполнение SQL: SELECT id, u_id, name, signature FROM functions WHERE id = ? с параметром id=40256
2025-11-23 18:04:54.880 [main] DEBUG r.s.t.c.laba2.jdbc.FunctionDAO - Найдена функция: Function{id=40256, userId=1, name='test_func_minima_1763906694654', signature='x1'}
2025-11-23 18:04:54.881 [main] DEBUG r.s.t.c.laba2.jdbc.FunctionDAOTest - Найдена функция: Function{id=40256, userId=1, name='test_func_minima_1763906694654', signature='x1'}
2025-11-23 18:04:54.882 [main] INFO  r.s.t.c.laba2.jdbc.FunctionDAOTest - Запуск теста: поиск функций по ID пользователя
2025-11-23 18:04:54.882 [main] DEBUG r.s.t.c.laba2.jdbc.FunctionDAO - Поиск функций по ID пользователя: 1
2025-11-23 18:04:55.008 [main] DEBUG r.s.t.c.laba2.jdbc.FunctionDAO - Выполнение SQL: SELECT id, u_id, name, signature FROM functions WHERE u_id = ? с параметром userId=1
2025-11-23 18:04:55.011 [main] DEBUG r.s.t.c.laba2.jdbc.FunctionDAO - Найдено 62 функций для пользователя 1
2025-11-23 18:04:55.012 [main] INFO  r.s.t.c.laba2.jdbc.FunctionDAOTest - Найдено 62 функций для пользователя с ID: 1
2025-11-23 18:04:55.013 [main] INFO  r.s.t.c.laba2.jdbc.FunctionDAOTest - Запуск теста: поиск функций по имени (частичное совпадение)
2025-11-23 18:04:55.013 [main] DEBUG r.s.t.c.laba2.jdbc.FunctionDAO - Поиск функций по имени: test_fun
2025-11-23 18:04:55.174 [main] DEBUG r.s.t.c.laba2.jdbc.FunctionDAO - Выполнение SQL: SELECT id, u_id, name, signature FROM functions WHERE name LIKE ? с параметром name=%test_fun%
2025-11-23 18:04:55.181 [main] DEBUG r.s.t.c.laba2.jdbc.FunctionDAO - Найдено 62 функций по шаблону имени: test_fun
2025-11-23 18:04:55.183 [main] INFO  r.s.t.c.laba2.jdbc.FunctionDAOTest - Найдено 62 функций по частичному имени 'test_fun'
2025-11-23 18:04:55.187 [main] INFO  r.s.t.c.laba2.jdbc.FunctionDAOTest - Запуск теста: поиск функций по имени и ID пользователя
2025-11-23 18:04:55.187 [main] DEBUG r.s.t.c.laba2.jdbc.FunctionDAO - Поиск функций по имени test_func_minima_1763906694654 и ID пользователя 1
2025-11-23 18:04:55.239 [main] DEBUG r.s.t.c.laba2.jdbc.FunctionDAO - Выполнение SQL: SELECT id, u_id, name, signature FROM functions WHERE name = ? AND u_id = ? с параметрами name=test_func_minima_1763906694654, userId=1
2025-11-23 18:04:55.242 [main] DEBUG r.s.t.c.laba2.jdbc.FunctionDAO - Найдено 1 функций по имени и ID пользователя
2025-11-23 18:04:55.242 [main] DEBUG r.s.t.c.laba2.jdbc.FunctionDAOTest - Найдена функция по имени и пользователю: Function{id=40256, userId=1, name='test_func_minima_1763906694654', signature='x1'}
2025-11-23 18:04:55.244 [main] INFO  r.s.t.c.laba2.jdbc.FunctionDAOTest - Запуск теста: проверка существования функции по имени и пользователю
2025-11-23 18:04:55.244 [main] DEBUG r.s.t.c.laba2.jdbc.FunctionDAO - Проверка существования функции с именем test_func_minima_1763906694654 для пользователя 1
2025-11-23 18:04:55.268 [main] DEBUG r.s.t.c.laba2.jdbc.FunctionDAO - Выполнение SQL: SELECT 1 FROM functions WHERE name = ? AND u_id = ? LIMIT 1 с параметрами name=test_func_minima_1763906694654, userId=1
2025-11-23 18:04:55.272 [main] DEBUG r.s.t.c.laba2.jdbc.FunctionDAO - Функция с именем test_func_minima_1763906694654 для пользователя 1 существует
2025-11-23 18:04:55.272 [main] DEBUG r.s.t.c.laba2.jdbc.FunctionDAO - Проверка существования функции с именем non_existent_function_name для пользователя 1
2025-11-23 18:04:55.452 [main] DEBUG r.s.t.c.laba2.jdbc.FunctionDAO - Выполнение SQL: SELECT 1 FROM functions WHERE name = ? AND u_id = ? LIMIT 1 с параметрами name=non_existent_function_name, userId=1
2025-11-23 18:04:55.458 [main] DEBUG r.s.t.c.laba2.jdbc.FunctionDAO - Функция с именем non_existent_function_name для пользователя 1 не существует
2025-11-23 18:04:55.459 [main] INFO  r.s.t.c.laba2.jdbc.FunctionDAOTest - Проверка существования функции завершена успешно
2025-11-23 18:04:55.461 [main] INFO  r.s.t.c.laba2.jdbc.FunctionDAOTest - Запуск теста: обновление функции
2025-11-23 18:04:55.461 [main] INFO  r.s.t.c.laba2.jdbc.FunctionDAO - Обновление функции с ID: 40256
2025-11-23 18:04:55.496 [main] DEBUG r.s.t.c.laba2.jdbc.FunctionDAO - Выполнение SQL: UPDATE functions SET u_id = ?, name = ?, signature = ? WHERE id = ? с параметрами u_id=2, name=updated_func_1763906695461, signature=***, id=40256
2025-11-23 18:04:55.499 [main] INFO  r.s.t.c.laba2.jdbc.FunctionDAO - Функция с ID 40256 успешно обновлена
2025-11-23 18:04:55.499 [main] DEBUG r.s.t.c.laba2.jdbc.FunctionDAO - Поиск функции по ID: 40256
2025-11-23 18:04:55.521 [main] DEBUG r.s.t.c.laba2.jdbc.FunctionDAO - Выполнение SQL: SELECT id, u_id, name, signature FROM functions WHERE id = ? с параметром id=40256
2025-11-23 18:04:55.523 [main] DEBUG r.s.t.c.laba2.jdbc.FunctionDAO - Найдена функция: Function{id=40256, userId=2, name='updated_func_1763906695461', signature='x^2'}
2025-11-23 18:04:55.523 [main] INFO  r.s.t.c.laba2.jdbc.FunctionDAOTest - Функция успешно обновлена: Function{id=40256, userId=2, name='updated_func_1763906695461', signature='x^2'}
2025-11-23 18:04:55.524 [main] INFO  r.s.t.c.laba2.jdbc.FunctionDAOTest - Запуск теста: обновление только сигнатуры функции
2025-11-23 18:04:55.524 [main] INFO  r.s.t.c.laba2.jdbc.FunctionDAO - Обновление сигнатуры функции с ID: 40256
2025-11-23 18:04:55.546 [main] DEBUG r.s.t.c.laba2.jdbc.FunctionDAO - Выполнение SQL: UPDATE functions SET signature = ? WHERE id = ? с параметрами signature=***, id=40256
2025-11-23 18:04:55.548 [main] INFO  r.s.t.c.laba2.jdbc.FunctionDAO - Сигнатура функции с ID 40256 успешно обновлена
2025-11-23 18:04:55.548 [main] DEBUG r.s.t.c.laba2.jdbc.FunctionDAO - Поиск функции по ID: 40256
2025-11-23 18:04:55.572 [main] DEBUG r.s.t.c.laba2.jdbc.FunctionDAO - Выполнение SQL: SELECT id, u_id, name, signature FROM functions WHERE id = ? с параметром id=40256
2025-11-23 18:04:55.574 [main] DEBUG r.s.t.c.laba2.jdbc.FunctionDAO - Найдена функция: Function{id=40256, userId=2, name='updated_func_1763906695461', signature='String processData(int input, String config)'}
2025-11-23 18:04:55.575 [main] INFO  r.s.t.c.laba2.jdbc.FunctionDAOTest - Сигнатура функции успешно обновлена
2025-11-23 18:04:55.576 [main] INFO  r.s.t.c.laba2.jdbc.FunctionDAOTest - Запуск теста: подсчет количества функций пользователя
2025-11-23 18:04:55.576 [main] DEBUG r.s.t.c.laba2.jdbc.FunctionDAO - Подсчет количества функций пользователя с ID: 2
2025-11-23 18:04:55.600 [main] DEBUG r.s.t.c.laba2.jdbc.FunctionDAO - Выполнение SQL: SELECT COUNT(*) FROM functions WHERE u_id = ? с параметром userId=2
2025-11-23 18:04:55.602 [main] DEBUG r.s.t.c.laba2.jdbc.FunctionDAO - Найдено 16 функций пользователя с ID 2
2025-11-23 18:04:55.603 [main] INFO  r.s.t.c.laba2.jdbc.FunctionDAO - Создание новой функции: Function{id=null, userId=2, name='test_func_corrupti_1763906695603', signature='x'}
2025-11-23 18:04:55.733 [main] DEBUG r.s.t.c.laba2.jdbc.FunctionDAO - Выполнение SQL: INSERT INTO functions (u_id, name, signature) VALUES (?, ?, ?) с параметрами u_id=2, name=test_func_corrupti_1763906695603, signature=***
2025-11-23 18:04:55.735 [main] DEBUG r.s.t.c.laba2.jdbc.FunctionDAO - Количество затронутых строк: 1
2025-11-23 18:04:55.735 [main] INFO  r.s.t.c.laba2.jdbc.FunctionDAO - Функция успешно создана с ID: 40257
2025-11-23 18:04:55.735 [main] DEBUG r.s.t.c.laba2.jdbc.FunctionDAO - Подсчет количества функций пользователя с ID: 2
2025-11-23 18:04:55.758 [main] DEBUG r.s.t.c.laba2.jdbc.FunctionDAO - Выполнение SQL: SELECT COUNT(*) FROM functions WHERE u_id = ? с параметром userId=2
2025-11-23 18:04:55.760 [main] DEBUG r.s.t.c.laba2.jdbc.FunctionDAO - Найдено 17 функций пользователя с ID 2
2025-11-23 18:04:55.761 [main] INFO  r.s.t.c.laba2.jdbc.FunctionDAO - Удаление функции с ID: 40257
2025-11-23 18:04:55.887 [main] DEBUG r.s.t.c.laba2.jdbc.FunctionDAO - Выполнение SQL: DELETE FROM functions WHERE id = ? с параметром id=40257
2025-11-23 18:04:55.889 [main] INFO  r.s.t.c.laba2.jdbc.FunctionDAO - Функция с ID 40257 успешно удалена
2025-11-23 18:04:55.889 [main] INFO  r.s.t.c.laba2.jdbc.FunctionDAOTest - Подсчет функций: до=16, после=17
2025-11-23 18:04:55.890 [main] INFO  r.s.t.c.laba2.jdbc.FunctionDAOTest - Запуск теста: создание нескольких функций с Faker
2025-11-23 18:04:55.891 [main] INFO  r.s.t.c.laba2.jdbc.FunctionDAO - Создание новой функции: Function{id=null, userId=1, name='test_func_voluptatem_1763906695891', signature='4'}
2025-11-23 18:04:55.919 [main] DEBUG r.s.t.c.laba2.jdbc.FunctionDAO - Выполнение SQL: INSERT INTO functions (u_id, name, signature) VALUES (?, ?, ?) с параметрами u_id=1, name=test_func_voluptatem_1763906695891, signature=***
2025-11-23 18:04:55.921 [main] DEBUG r.s.t.c.laba2.jdbc.FunctionDAO - Количество затронутых строк: 1
2025-11-23 18:04:55.921 [main] INFO  r.s.t.c.laba2.jdbc.FunctionDAO - Функция успешно создана с ID: 40258
2025-11-23 18:04:55.922 [main] DEBUG r.s.t.c.laba2.jdbc.FunctionDAOTest - Создана случайная функция #1/5: Function{id=40258, userId=1, name='test_func_voluptatem_1763906695891', signature='4'}
2025-11-23 18:04:55.922 [main] INFO  r.s.t.c.laba2.jdbc.FunctionDAO - Создание новой функции: Function{id=null, userId=1, name='test_func_iusto_1763906695922', signature='x^2'}
2025-11-23 18:04:55.950 [main] DEBUG r.s.t.c.laba2.jdbc.FunctionDAO - Выполнение SQL: INSERT INTO functions (u_id, name, signature) VALUES (?, ?, ?) с параметрами u_id=1, name=test_func_iusto_1763906695922, signature=***
2025-11-23 18:04:55.952 [main] DEBUG r.s.t.c.laba2.jdbc.FunctionDAO - Количество затронутых строк: 1
2025-11-23 18:04:55.952 [main] INFO  r.s.t.c.laba2.jdbc.FunctionDAO - Функция успешно создана с ID: 40259
2025-11-23 18:04:55.953 [main] DEBUG r.s.t.c.laba2.jdbc.FunctionDAOTest - Создана случайная функция #2/5: Function{id=40259, userId=1, name='test_func_iusto_1763906695922', signature='x^2'}
2025-11-23 18:04:55.953 [main] INFO  r.s.t.c.laba2.jdbc.FunctionDAO - Создание новой функции: Function{id=null, userId=1, name='test_func_odio_1763906695953', signature='x^2'}
2025-11-23 18:04:55.979 [main] DEBUG r.s.t.c.laba2.jdbc.FunctionDAO - Выполнение SQL: INSERT INTO functions (u_id, name, signature) VALUES (?, ?, ?) с параметрами u_id=1, name=test_func_odio_1763906695953, signature=***
2025-11-23 18:04:55.981 [main] DEBUG r.s.t.c.laba2.jdbc.FunctionDAO - Количество затронутых строк: 1
2025-11-23 18:04:55.981 [main] INFO  r.s.t.c.laba2.jdbc.FunctionDAO - Функция успешно создана с ID: 40260
2025-11-23 18:04:55.981 [main] DEBUG r.s.t.c.laba2.jdbc.FunctionDAOTest - Создана случайная функция #3/5: Function{id=40260, userId=1, name='test_func_odio_1763906695953', signature='x^2'}
2025-11-23 18:04:55.981 [main] INFO  r.s.t.c.laba2.jdbc.FunctionDAO - Создание новой функции: Function{id=null, userId=1, name='test_func_voluptas_1763906695981', signature='4'}
2025-11-23 18:04:56.117 [main] DEBUG r.s.t.c.laba2.jdbc.FunctionDAO - Выполнение SQL: INSERT INTO functions (u_id, name, signature) VALUES (?, ?, ?) с параметрами u_id=1, name=test_func_voluptas_1763906695981, signature=***
2025-11-23 18:04:56.119 [main] DEBUG r.s.t.c.laba2.jdbc.FunctionDAO - Количество затронутых строк: 1
2025-11-23 18:04:56.119 [main] INFO  r.s.t.c.laba2.jdbc.FunctionDAO - Функция успешно создана с ID: 40261
2025-11-23 18:04:56.119 [main] DEBUG r.s.t.c.laba2.jdbc.FunctionDAOTest - Создана случайная функция #4/5: Function{id=40261, userId=1, name='test_func_voluptas_1763906695981', signature='4'}
2025-11-23 18:04:56.119 [main] INFO  r.s.t.c.laba2.jdbc.FunctionDAO - Создание новой функции: Function{id=null, userId=1, name='test_func_est_1763906696119', signature='2'}
2025-11-23 18:04:56.143 [main] DEBUG r.s.t.c.laba2.jdbc.FunctionDAO - Выполнение SQL: INSERT INTO functions (u_id, name, signature) VALUES (?, ?, ?) с параметрами u_id=1, name=test_func_est_1763906696119, signature=***
2025-11-23 18:04:56.144 [main] DEBUG r.s.t.c.laba2.jdbc.FunctionDAO - Количество затронутых строк: 1
2025-11-23 18:04:56.144 [main] INFO  r.s.t.c.laba2.jdbc.FunctionDAO - Функция успешно создана с ID: 40262
2025-11-23 18:04:56.145 [main] DEBUG r.s.t.c.laba2.jdbc.FunctionDAOTest - Создана случайная функция #5/5: Function{id=40262, userId=1, name='test_func_est_1763906696119', signature='2'}
2025-11-23 18:04:56.145 [main] INFO  r.s.t.c.laba2.jdbc.FunctionDAOTest - Успешно создано 5 случайных функций
2025-11-23 18:04:56.146 [main] INFO  r.s.t.c.laba2.jdbc.FunctionDAOTest - Запуск теста: получение всех функций
2025-11-23 18:04:56.146 [main] INFO  r.s.t.c.laba2.jdbc.FunctionDAO - Начало получения всех функций
2025-11-23 18:04:56.172 [main] DEBUG r.s.t.c.laba2.jdbc.FunctionDAO - Выполнение SQL: SELECT id, u_id, name, signature FROM functions
2025-11-23 18:04:56.172 [main] INFO  r.s.t.c.laba2.jdbc.FunctionDAO - Успешно получено 84 функций
2025-11-23 18:04:56.173 [main] INFO  r.s.t.c.laba2.jdbc.FunctionDAOTest - Найдено 84 функций в базе данных
2025-11-23 18:04:56.174 [main] DEBUG r.s.t.c.laba2.jdbc.FunctionDAOTest - Функция из общего списка: Function{id=40073, userId=2, name='updated_func_1762755229170', signature='String processData(int input, String config)'}
2025-11-23 18:04:56.175 [main] DEBUG r.s.t.c.laba2.jdbc.FunctionDAOTest - Функция из общего списка: Function{id=40172, userId=2, name='updated_func_1762804916109', signature='String processData(int input, String config)'}
2025-11-23 18:04:56.175 [main] DEBUG r.s.t.c.laba2.jdbc.FunctionDAOTest - Функция из общего списка: Function{id=40076, userId=1, name='test_func_et_1762755229845', signature='4'}
2025-11-23 18:04:56.176 [main] INFO  r.s.t.c.laba2.jdbc.FunctionDAOTest - Запуск теста: проверка граничных случаев
2025-11-23 18:04:56.176 [main] DEBUG r.s.t.c.laba2.jdbc.FunctionDAO - Поиск функции по ID: -1
2025-11-23 18:04:56.201 [main] DEBUG r.s.t.c.laba2.jdbc.FunctionDAO - Выполнение SQL: SELECT id, u_id, name, signature FROM functions WHERE id = ? с параметром id=-1
2025-11-23 18:04:56.203 [main] DEBUG r.s.t.c.laba2.jdbc.FunctionDAO - Функция с ID -1 не найдена
2025-11-23 18:04:56.203 [main] DEBUG r.s.t.c.laba2.jdbc.FunctionDAO - Поиск функций по ID пользователя: -1
2025-11-23 18:04:56.226 [main] DEBUG r.s.t.c.laba2.jdbc.FunctionDAO - Выполнение SQL: SELECT id, u_id, name, signature FROM functions WHERE u_id = ? с параметром userId=-1
2025-11-23 18:04:56.228 [main] DEBUG r.s.t.c.laba2.jdbc.FunctionDAO - Найдено 0 функций для пользователя -1
2025-11-23 18:04:56.228 [main] DEBUG r.s.t.c.laba2.jdbc.FunctionDAO - Поиск функций по имени: non_existent_function_name_12345
2025-11-23 18:04:56.369 [main] DEBUG r.s.t.c.laba2.jdbc.FunctionDAO - Выполнение SQL: SELECT id, u_id, name, signature FROM functions WHERE name LIKE ? с параметром name=%non_existent_function_name_12345%
2025-11-23 18:04:56.372 [main] DEBUG r.s.t.c.laba2.jdbc.FunctionDAO - Найдено 0 функций по шаблону имени: non_existent_function_name_12345
2025-11-23 18:04:56.372 [main] INFO  r.s.t.c.laba2.jdbc.FunctionDAO - Обновление функции с ID: -1
2025-11-23 18:04:56.402 [main] DEBUG r.s.t.c.laba2.jdbc.FunctionDAO - Выполнение SQL: UPDATE functions SET u_id = ?, name = ?, signature = ? WHERE id = ? с параметрами u_id=1, name=test, signature=***, id=-1
2025-11-23 18:04:56.403 [main] WARN  r.s.t.c.laba2.jdbc.FunctionDAO - Функция с ID -1 не найдена для обновления
2025-11-23 18:04:56.404 [main] INFO  r.s.t.c.laba2.jdbc.FunctionDAO - Обновление сигнатуры функции с ID: -1
2025-11-23 18:04:56.536 [main] DEBUG r.s.t.c.laba2.jdbc.FunctionDAO - Выполнение SQL: UPDATE functions SET signature = ? WHERE id = ? с параметрами signature=***, id=-1
2025-11-23 18:04:56.538 [main] WARN  r.s.t.c.laba2.jdbc.FunctionDAO - Функция с ID -1 не найдена для обновления сигнатуры
2025-11-23 18:04:56.539 [main] INFO  r.s.t.c.laba2.jdbc.FunctionDAOTest - Все граничные случаи обработаны корректно
2025-11-23 18:04:56.540 [main] INFO  r.s.t.c.laba2.jdbc.FunctionDAOTest - Запуск теста: создание функции со специальными символами
2025-11-23 18:04:56.540 [main] INFO  r.s.t.c.laba2.jdbc.FunctionDAO - Создание новой функции: Function{id=null, userId=1, name='function_with_special_测试_тест_1763906696540', signature='List<String> processData(Map<String, Object> input, int maxSize) throws IOException'}
2025-11-23 18:04:56.564 [main] DEBUG r.s.t.c.laba2.jdbc.FunctionDAO - Выполнение SQL: INSERT INTO functions (u_id, name, signature) VALUES (?, ?, ?) с параметрами u_id=1, name=function_with_special_测试_тест_1763906696540, signature=***
2025-11-23 18:04:56.566 [main] DEBUG r.s.t.c.laba2.jdbc.FunctionDAO - Количество затронутых строк: 1
2025-11-23 18:04:56.566 [main] INFO  r.s.t.c.laba2.jdbc.FunctionDAO - Функция успешно создана с ID: 40263
2025-11-23 18:04:56.566 [main] DEBUG r.s.t.c.laba2.jdbc.FunctionDAO - Поиск функции по ID: 40263
2025-11-23 18:04:56.588 [main] DEBUG r.s.t.c.laba2.jdbc.FunctionDAO - Выполнение SQL: SELECT id, u_id, name, signature FROM functions WHERE id = ? с параметром id=40263
2025-11-23 18:04:56.590 [main] DEBUG r.s.t.c.laba2.jdbc.FunctionDAO - Найдена функция: Function{id=40263, userId=1, name='function_with_special_测试_тест_1763906696540', signature='List<String> processData(Map<String, Object> input, int maxSize) throws IOException'}
2025-11-23 18:04:56.590 [main] INFO  r.s.t.c.laba2.jdbc.FunctionDAO - Удаление функции с ID: 40263
2025-11-23 18:04:56.613 [main] DEBUG r.s.t.c.laba2.jdbc.FunctionDAO - Выполнение SQL: DELETE FROM functions WHERE id = ? с параметром id=40263
2025-11-23 18:04:56.614 [main] INFO  r.s.t.c.laba2.jdbc.FunctionDAO - Функция с ID 40263 успешно удалена
2025-11-23 18:04:56.615 [main] INFO  r.s.t.c.laba2.jdbc.FunctionDAOTest - Тест со специальными символами завершен успешно
2025-11-23 18:04:56.616 [main] INFO  r.s.t.c.laba2.jdbc.FunctionDAOTest - Запуск теста: удаление всех функций пользователя
2025-11-23 18:04:56.616 [main] INFO  r.s.t.c.laba2.jdbc.FunctionDAO - Создание новой функции: Function{id=null, userId=999, name='test_func_laboriosam_1763906696616', signature='1'}
2025-11-23 18:04:56.638 [main] DEBUG r.s.t.c.laba2.jdbc.FunctionDAO - Выполнение SQL: INSERT INTO functions (u_id, name, signature) VALUES (?, ?, ?) с параметрами u_id=999, name=test_func_laboriosam_1763906696616, signature=***
2025-11-23 18:04:56.640 [main] DEBUG r.s.t.c.laba2.jdbc.FunctionDAO - Количество затронутых строк: 1
2025-11-23 18:04:56.640 [main] INFO  r.s.t.c.laba2.jdbc.FunctionDAO - Функция успешно создана с ID: 40264
2025-11-23 18:04:56.640 [main] INFO  r.s.t.c.laba2.jdbc.FunctionDAO - Создание новой функции: Function{id=null, userId=999, name='test_func_minima_1763906696640', signature='x1'}
2025-11-23 18:04:56.660 [main] DEBUG r.s.t.c.laba2.jdbc.FunctionDAO - Выполнение SQL: INSERT INTO functions (u_id, name, signature) VALUES (?, ?, ?) с параметрами u_id=999, name=test_func_minima_1763906696640, signature=***
2025-11-23 18:04:56.662 [main] DEBUG r.s.t.c.laba2.jdbc.FunctionDAO - Количество затронутых строк: 1
2025-11-23 18:04:56.662 [main] INFO  r.s.t.c.laba2.jdbc.FunctionDAO - Функция успешно создана с ID: 40265
2025-11-23 18:04:56.662 [main] INFO  r.s.t.c.laba2.jdbc.FunctionDAO - Создание новой функции: Function{id=null, userId=999, name='test_func_vel_1763906696662', signature='4'}
2025-11-23 18:04:56.684 [main] DEBUG r.s.t.c.laba2.jdbc.FunctionDAO - Выполнение SQL: INSERT INTO functions (u_id, name, signature) VALUES (?, ?, ?) с параметрами u_id=999, name=test_func_vel_1763906696662, signature=***
2025-11-23 18:04:56.686 [main] DEBUG r.s.t.c.laba2.jdbc.FunctionDAO - Количество затронутых строк: 1
2025-11-23 18:04:56.686 [main] INFO  r.s.t.c.laba2.jdbc.FunctionDAO - Функция успешно создана с ID: 40266
2025-11-23 18:04:56.686 [main] DEBUG r.s.t.c.laba2.jdbc.FunctionDAO - Подсчет количества функций пользователя с ID: 999
2025-11-23 18:04:56.708 [main] DEBUG r.s.t.c.laba2.jdbc.FunctionDAO - Выполнение SQL: SELECT COUNT(*) FROM functions WHERE u_id = ? с параметром userId=999
2025-11-23 18:04:56.710 [main] DEBUG r.s.t.c.laba2.jdbc.FunctionDAO - Найдено 3 функций пользователя с ID 999
2025-11-23 18:04:56.710 [main] INFO  r.s.t.c.laba2.jdbc.FunctionDAO - Удаление всех функций пользователя с ID: 999
2025-11-23 18:04:56.841 [main] DEBUG r.s.t.c.laba2.jdbc.FunctionDAO - Выполнение SQL: DELETE FROM functions WHERE u_id = ? с параметром userId=999
2025-11-23 18:04:56.843 [main] INFO  r.s.t.c.laba2.jdbc.FunctionDAO - Удалено 3 функций пользователя с ID 999
2025-11-23 18:04:56.843 [main] DEBUG r.s.t.c.laba2.jdbc.FunctionDAO - Подсчет количества функций пользователя с ID: 999
2025-11-23 18:04:56.866 [main] DEBUG r.s.t.c.laba2.jdbc.FunctionDAO - Выполнение SQL: SELECT COUNT(*) FROM functions WHERE u_id = ? с параметром userId=999
2025-11-23 18:04:56.868 [main] DEBUG r.s.t.c.laba2.jdbc.FunctionDAO - Найдено 0 функций пользователя с ID 999
2025-11-23 18:04:56.868 [main] INFO  r.s.t.c.laba2.jdbc.FunctionDAOTest - Успешно удалено 3 функций пользователя с ID: 999
2025-11-23 18:04:56.869 [main] INFO  r.s.t.c.laba2.jdbc.FunctionDAOTest - Запуск теста: удаление основной тестовой функции по ID
2025-11-23 18:04:56.869 [main] INFO  r.s.t.c.laba2.jdbc.FunctionDAO - Удаление функции с ID: 40258
2025-11-23 18:04:56.995 [main] DEBUG r.s.t.c.laba2.jdbc.FunctionDAO - Выполнение SQL: DELETE FROM functions WHERE id = ? с параметром id=40258
2025-11-23 18:04:56.996 [main] INFO  r.s.t.c.laba2.jdbc.FunctionDAO - Функция с ID 40258 успешно удалена
2025-11-23 18:04:56.996 [main] DEBUG r.s.t.c.laba2.jdbc.FunctionDAO - Поиск функции по ID: 40258
2025-11-23 18:04:57.018 [main] DEBUG r.s.t.c.laba2.jdbc.FunctionDAO - Выполнение SQL: SELECT id, u_id, name, signature FROM functions WHERE id = ? с параметром id=40258
2025-11-23 18:04:57.020 [main] DEBUG r.s.t.c.laba2.jdbc.FunctionDAO - Функция с ID 40258 не найдена
2025-11-23 18:04:57.020 [main] INFO  r.s.t.c.laba2.jdbc.FunctionDAOTest - Основная тестовая функция с ID 40258 успешно удалена
2025-11-23 18:04:57.021 [main] INFO  r.s.t.c.laba2.jdbc.FunctionDAOTest - Запуск теста производительности: поиск всех функций
2025-11-23 18:04:57.021 [main] INFO  r.s.t.c.laba2.jdbc.FunctionDAO - Начало получения всех функций
2025-11-23 18:04:57.049 [main] DEBUG r.s.t.c.laba2.jdbc.FunctionDAO - Выполнение SQL: SELECT id, u_id, name, signature FROM functions
2025-11-23 18:04:57.049 [main] INFO  r.s.t.c.laba2.jdbc.FunctionDAO - Успешно получено 83 функций
2025-11-23 18:04:57.049 [main] INFO  r.s.t.c.laba2.jdbc.FunctionDAOTest - Поиск всех функций выполнен за 28 мс. Найдено 83 записей
2025-11-23 18:04:57.051 [main] INFO  r.s.t.c.laba2.jdbc.FunctionDAOTest - Завершение тестов functionDAO
2025-11-23 18:04:57.074 [main] INFO  r.s.t.c.laba2.jdbc.PointDAOTest - Начало подготовки тестовых данных для функции ID: 5454
2025-11-23 18:04:57.076 [main] INFO  r.s.tk.cheefkeef.laba2.jdbc.PointDAO - Удаление всех точек функции ID: 5454
2025-11-23 18:04:57.104 [main] DEBUG r.s.tk.cheefkeef.laba2.jdbc.PointDAO - Выполнение SQL: DELETE FROM points WHERE f_id = ? с параметром functionId: 5454
2025-11-23 18:04:57.107 [main] INFO  r.s.tk.cheefkeef.laba2.jdbc.PointDAO - Не найдено точек для удаления функции ID: 5454
2025-11-23 18:04:57.108 [main] INFO  r.s.tk.cheefkeef.laba2.jdbc.PointDAO - Создание новой точки: functionId=5454, x=88.73, y=71.35
2025-11-23 18:04:57.133 [main] DEBUG r.s.tk.cheefkeef.laba2.jdbc.PointDAO - Выполнение SQL: INSERT INTO points (f_id, x_value, y_value) VALUES (?, ?, ?) с параметрами: functionId=5454, x=88.73, y=71.35
2025-11-23 18:04:57.135 [main] DEBUG r.s.tk.cheefkeef.laba2.jdbc.PointDAO - Количество затронутых строк: 1
2025-11-23 18:04:57.135 [main] INFO  r.s.tk.cheefkeef.laba2.jdbc.PointDAO - Точка успешно создана с ID: 80994
2025-11-23 18:04:57.135 [main] INFO  r.s.tk.cheefkeef.laba2.jdbc.PointDAO - Создание новой точки: functionId=5454, x=31.56, y=90.75
2025-11-23 18:04:57.158 [main] DEBUG r.s.tk.cheefkeef.laba2.jdbc.PointDAO - Выполнение SQL: INSERT INTO points (f_id, x_value, y_value) VALUES (?, ?, ?) с параметрами: functionId=5454, x=31.56, y=90.75
2025-11-23 18:04:57.160 [main] DEBUG r.s.tk.cheefkeef.laba2.jdbc.PointDAO - Количество затронутых строк: 1
2025-11-23 18:04:57.160 [main] INFO  r.s.tk.cheefkeef.laba2.jdbc.PointDAO - Точка успешно создана с ID: 80995
2025-11-23 18:04:57.160 [main] INFO  r.s.tk.cheefkeef.laba2.jdbc.PointDAO - Создание новой точки: functionId=5454, x=58.64, y=14.61
2025-11-23 18:04:57.185 [main] DEBUG r.s.tk.cheefkeef.laba2.jdbc.PointDAO - Выполнение SQL: INSERT INTO points (f_id, x_value, y_value) VALUES (?, ?, ?) с параметрами: functionId=5454, x=58.64, y=14.61
2025-11-23 18:04:57.187 [main] DEBUG r.s.tk.cheefkeef.laba2.jdbc.PointDAO - Количество затронутых строк: 1
2025-11-23 18:04:57.187 [main] INFO  r.s.tk.cheefkeef.laba2.jdbc.PointDAO - Точка успешно создана с ID: 80996
2025-11-23 18:04:57.188 [main] INFO  r.s.tk.cheefkeef.laba2.jdbc.PointDAO - Создание новой точки: functionId=5454, x=17.16, y=35.15
2025-11-23 18:04:57.212 [main] DEBUG r.s.tk.cheefkeef.laba2.jdbc.PointDAO - Выполнение SQL: INSERT INTO points (f_id, x_value, y_value) VALUES (?, ?, ?) с параметрами: functionId=5454, x=17.16, y=35.15
2025-11-23 18:04:57.214 [main] DEBUG r.s.tk.cheefkeef.laba2.jdbc.PointDAO - Количество затронутых строк: 1
2025-11-23 18:04:57.214 [main] INFO  r.s.tk.cheefkeef.laba2.jdbc.PointDAO - Точка успешно создана с ID: 80997
2025-11-23 18:04:57.215 [main] INFO  r.s.tk.cheefkeef.laba2.jdbc.PointDAO - Создание новой точки: functionId=5454, x=4.82, y=72.99
2025-11-23 18:04:57.238 [main] DEBUG r.s.tk.cheefkeef.laba2.jdbc.PointDAO - Выполнение SQL: INSERT INTO points (f_id, x_value, y_value) VALUES (?, ?, ?) с параметрами: functionId=5454, x=4.82, y=72.99
2025-11-23 18:04:57.240 [main] DEBUG r.s.tk.cheefkeef.laba2.jdbc.PointDAO - Количество затронутых строк: 1
2025-11-23 18:04:57.240 [main] INFO  r.s.tk.cheefkeef.laba2.jdbc.PointDAO - Точка успешно создана с ID: 80998
2025-11-23 18:04:57.240 [main] INFO  r.s.tk.cheefkeef.laba2.jdbc.PointDAO - Поиск точек по ID функции: 5454
2025-11-23 18:04:57.266 [main] DEBUG r.s.tk.cheefkeef.laba2.jdbc.PointDAO - Выполнение SQL: SELECT id, f_id, x_value, y_value FROM points WHERE f_id = ? ORDER BY x_value с параметром functionId: 5454
2025-11-23 18:04:57.269 [main] INFO  r.s.tk.cheefkeef.laba2.jdbc.PointDAO - Найдено 5 точек для функции ID: 5454
2025-11-23 18:04:57.272 [main] INFO  r.s.tk.cheefkeef.laba2.jdbc.PointDAO - Удаление всех точек функции ID: 5454
2025-11-23 18:04:57.301 [main] DEBUG r.s.tk.cheefkeef.laba2.jdbc.PointDAO - Выполнение SQL: DELETE FROM points WHERE f_id = ? с параметром functionId: 5454
2025-11-23 18:04:57.304 [main] INFO  r.s.tk.cheefkeef.laba2.jdbc.PointDAO - Удалено 5 точек функции ID: 5454
2025-11-23 18:04:57.304 [main] INFO  r.s.tk.cheefkeef.laba2.jdbc.PointDAO - Создание новой точки: functionId=5454, x=2.5, y=-2.75
2025-11-23 18:04:57.327 [main] DEBUG r.s.tk.cheefkeef.laba2.jdbc.PointDAO - Выполнение SQL: INSERT INTO points (f_id, x_value, y_value) VALUES (?, ?, ?) с параметрами: functionId=5454, x=2.5, y=-2.75
2025-11-23 18:04:57.329 [main] DEBUG r.s.tk.cheefkeef.laba2.jdbc.PointDAO - Количество затронутых строк: 1
2025-11-23 18:04:57.329 [main] INFO  r.s.tk.cheefkeef.laba2.jdbc.PointDAO - Точка успешно создана с ID: 80999
2025-11-23 18:04:57.329 [main] INFO  r.s.tk.cheefkeef.laba2.jdbc.PointDAO - Создание новой точки: functionId=5454, x=7.8, y=0.29
2025-11-23 18:04:57.470 [main] DEBUG r.s.tk.cheefkeef.laba2.jdbc.PointDAO - Выполнение SQL: INSERT INTO points (f_id, x_value, y_value) VALUES (?, ?, ?) с параметрами: functionId=5454, x=7.8, y=0.29
2025-11-23 18:04:57.472 [main] DEBUG r.s.tk.cheefkeef.laba2.jdbc.PointDAO - Количество затронутых строк: 1
2025-11-23 18:04:57.472 [main] INFO  r.s.tk.cheefkeef.laba2.jdbc.PointDAO - Точка успешно создана с ID: 81000
2025-11-23 18:04:57.473 [main] INFO  r.s.tk.cheefkeef.laba2.jdbc.PointDAO - Создание новой точки: functionId=5454, x=12.3, y=-2.23
2025-11-23 18:04:57.499 [main] DEBUG r.s.tk.cheefkeef.laba2.jdbc.PointDAO - Выполнение SQL: INSERT INTO points (f_id, x_value, y_value) VALUES (?, ?, ?) с параметрами: functionId=5454, x=12.3, y=-2.23
2025-11-23 18:04:57.501 [main] DEBUG r.s.tk.cheefkeef.laba2.jdbc.PointDAO - Количество затронутых строк: 1
2025-11-23 18:04:57.502 [main] INFO  r.s.tk.cheefkeef.laba2.jdbc.PointDAO - Точка успешно создана с ID: 81001
2025-11-23 18:04:57.502 [main] INFO  r.s.tk.cheefkeef.laba2.jdbc.PointDAO - Создание новой точки: functionId=5454, x=18.9, y=2.24
2025-11-23 18:04:57.528 [main] DEBUG r.s.tk.cheefkeef.laba2.jdbc.PointDAO - Выполнение SQL: INSERT INTO points (f_id, x_value, y_value) VALUES (?, ?, ?) с параметрами: functionId=5454, x=18.9, y=2.24
2025-11-23 18:04:57.530 [main] DEBUG r.s.tk.cheefkeef.laba2.jdbc.PointDAO - Количество затронутых строк: 1
2025-11-23 18:04:57.530 [main] INFO  r.s.tk.cheefkeef.laba2.jdbc.PointDAO - Точка успешно создана с ID: 81002
2025-11-23 18:04:57.530 [main] INFO  r.s.tk.cheefkeef.laba2.jdbc.PointDAO - Создание новой точки: functionId=5454, x=25.1, y=-3.5
2025-11-23 18:04:57.552 [main] DEBUG r.s.tk.cheefkeef.laba2.jdbc.PointDAO - Выполнение SQL: INSERT INTO points (f_id, x_value, y_value) VALUES (?, ?, ?) с параметрами: functionId=5454, x=25.1, y=-3.5
2025-11-23 18:04:57.554 [main] DEBUG r.s.tk.cheefkeef.laba2.jdbc.PointDAO - Количество затронутых строк: 1
2025-11-23 18:04:57.554 [main] INFO  r.s.tk.cheefkeef.laba2.jdbc.PointDAO - Точка успешно создана с ID: 81003
2025-11-23 18:04:57.554 [main] INFO  r.s.tk.cheefkeef.laba2.jdbc.PointDAO - Поиск точек по диапазону X: от 5.0 до 15.0
2025-11-23 18:04:57.576 [main] DEBUG r.s.tk.cheefkeef.laba2.jdbc.PointDAO - Выполнение SQL: SELECT id, f_id, x_value, y_value FROM points WHERE x_value BETWEEN ? AND ? ORDER BY x_value с параметрами minX: 5.0, maxX: 15.0
2025-11-23 18:04:57.581 [main] INFO  r.s.tk.cheefkeef.laba2.jdbc.PointDAO - Найдено 103 точек в диапазоне X от 5.0 до 15.0
2025-11-23 18:04:57.583 [main] INFO  r.s.tk.cheefkeef.laba2.jdbc.PointDAO - Удаление всех точек функции ID: 5454
2025-11-23 18:04:57.606 [main] DEBUG r.s.tk.cheefkeef.laba2.jdbc.PointDAO - Выполнение SQL: DELETE FROM points WHERE f_id = ? с параметром functionId: 5454
2025-11-23 18:04:57.609 [main] INFO  r.s.tk.cheefkeef.laba2.jdbc.PointDAO - Удалено 5 точек функции ID: 5454
2025-11-23 18:04:57.610 [main] INFO  r.s.tk.cheefkeef.laba2.jdbc.PointDAO - Создание новой точки: functionId=5454, x=2.63, y=-7.2
2025-11-23 18:04:57.635 [main] DEBUG r.s.tk.cheefkeef.laba2.jdbc.PointDAO - Выполнение SQL: INSERT INTO points (f_id, x_value, y_value) VALUES (?, ?, ?) с параметрами: functionId=5454, x=2.63, y=-7.2
2025-11-23 18:04:57.637 [main] DEBUG r.s.tk.cheefkeef.laba2.jdbc.PointDAO - Количество затронутых строк: 1
2025-11-23 18:04:57.637 [main] INFO  r.s.tk.cheefkeef.laba2.jdbc.PointDAO - Точка успешно создана с ID: 81004
2025-11-23 18:04:57.637 [main] INFO  r.s.tk.cheefkeef.laba2.jdbc.PointDAO - Создание новой точки: functionId=5454, x=13.41, y=-3.1
2025-11-23 18:04:57.812 [main] DEBUG r.s.tk.cheefkeef.laba2.jdbc.PointDAO - Выполнение SQL: INSERT INTO points (f_id, x_value, y_value) VALUES (?, ?, ?) с параметрами: functionId=5454, x=13.41, y=-3.1
2025-11-23 18:04:57.817 [main] DEBUG r.s.tk.cheefkeef.laba2.jdbc.PointDAO - Количество затронутых строк: 1
2025-11-23 18:04:57.817 [main] INFO  r.s.tk.cheefkeef.laba2.jdbc.PointDAO - Точка успешно создана с ID: 81005
2025-11-23 18:04:57.818 [main] INFO  r.s.tk.cheefkeef.laba2.jdbc.PointDAO - Создание новой точки: functionId=5454, x=10.49, y=0.0
2025-11-23 18:04:57.875 [main] DEBUG r.s.tk.cheefkeef.laba2.jdbc.PointDAO - Выполнение SQL: INSERT INTO points (f_id, x_value, y_value) VALUES (?, ?, ?) с параметрами: functionId=5454, x=10.49, y=0.0
2025-11-23 18:04:57.878 [main] DEBUG r.s.tk.cheefkeef.laba2.jdbc.PointDAO - Количество затронутых строк: 1
2025-11-23 18:04:57.878 [main] INFO  r.s.tk.cheefkeef.laba2.jdbc.PointDAO - Точка успешно создана с ID: 81006
2025-11-23 18:04:57.878 [main] INFO  r.s.tk.cheefkeef.laba2.jdbc.PointDAO - Создание новой точки: functionId=5454, x=1.41, y=2.8
2025-11-23 18:04:57.913 [main] DEBUG r.s.tk.cheefkeef.laba2.jdbc.PointDAO - Выполнение SQL: INSERT INTO points (f_id, x_value, y_value) VALUES (?, ?, ?) с параметрами: functionId=5454, x=1.41, y=2.8
2025-11-23 18:04:57.916 [main] DEBUG r.s.tk.cheefkeef.laba2.jdbc.PointDAO - Количество затронутых строк: 1
2025-11-23 18:04:57.916 [main] INFO  r.s.tk.cheefkeef.laba2.jdbc.PointDAO - Точка успешно создана с ID: 81007
2025-11-23 18:04:57.916 [main] INFO  r.s.tk.cheefkeef.laba2.jdbc.PointDAO - Создание новой точки: functionId=5454, x=17.51, y=8.5
2025-11-23 18:04:57.945 [main] DEBUG r.s.tk.cheefkeef.laba2.jdbc.PointDAO - Выполнение SQL: INSERT INTO points (f_id, x_value, y_value) VALUES (?, ?, ?) с параметрами: functionId=5454, x=17.51, y=8.5
2025-11-23 18:04:57.947 [main] DEBUG r.s.tk.cheefkeef.laba2.jdbc.PointDAO - Количество затронутых строк: 1
2025-11-23 18:04:57.947 [main] INFO  r.s.tk.cheefkeef.laba2.jdbc.PointDAO - Точка успешно создана с ID: 81008
2025-11-23 18:04:57.947 [main] INFO  r.s.tk.cheefkeef.laba2.jdbc.PointDAO - Создание новой точки: functionId=5454, x=13.52, y=15.3
2025-11-23 18:04:58.096 [main] DEBUG r.s.tk.cheefkeef.laba2.jdbc.PointDAO - Выполнение SQL: INSERT INTO points (f_id, x_value, y_value) VALUES (?, ?, ?) с параметрами: functionId=5454, x=13.52, y=15.3
2025-11-23 18:04:58.100 [main] DEBUG r.s.tk.cheefkeef.laba2.jdbc.PointDAO - Количество затронутых строк: 1
2025-11-23 18:04:58.100 [main] INFO  r.s.tk.cheefkeef.laba2.jdbc.PointDAO - Точка успешно создана с ID: 81009
2025-11-23 18:04:58.100 [main] INFO  r.s.tk.cheefkeef.laba2.jdbc.PointDAO - Поиск точек по диапазону Y: от -5.0 до 5.0
2025-11-23 18:04:58.139 [main] DEBUG r.s.tk.cheefkeef.laba2.jdbc.PointDAO - Выполнение SQL: SELECT id, f_id, x_value, y_value FROM points WHERE y_value BETWEEN ? AND ? ORDER BY y_value с параметрами minY: -5.0, maxY: 5.0
2025-11-23 18:04:58.172 [main] INFO  r.s.tk.cheefkeef.laba2.jdbc.PointDAO - Найдено 5380 точек в диапазоне Y от -5.0 до 5.0
2025-11-23 18:04:58.174 [main] INFO  r.s.tk.cheefkeef.laba2.jdbc.PointDAO - Удаление всех точек функции ID: 5454
2025-11-23 18:04:58.200 [main] DEBUG r.s.tk.cheefkeef.laba2.jdbc.PointDAO - Выполнение SQL: DELETE FROM points WHERE f_id = ? с параметром functionId: 5454
2025-11-23 18:04:58.204 [main] INFO  r.s.tk.cheefkeef.laba2.jdbc.PointDAO - Удалено 6 точек функции ID: 5454
2025-11-23 18:04:58.205 [main] INFO  r.s.tk.cheefkeef.laba2.jdbc.PointDAO - Создание новой точки: functionId=5454, x=48.38, y=69.24
2025-11-23 18:04:58.230 [main] DEBUG r.s.tk.cheefkeef.laba2.jdbc.PointDAO - Выполнение SQL: INSERT INTO points (f_id, x_value, y_value) VALUES (?, ?, ?) с параметрами: functionId=5454, x=48.38, y=69.24
2025-11-23 18:04:58.232 [main] DEBUG r.s.tk.cheefkeef.laba2.jdbc.PointDAO - Количество затронутых строк: 1
2025-11-23 18:04:58.232 [main] INFO  r.s.tk.cheefkeef.laba2.jdbc.PointDAO - Точка успешно создана с ID: 81010
2025-11-23 18:04:58.233 [main] INFO  r.s.tk.cheefkeef.laba2.jdbc.PointDAO - Создание новой точки: functionId=5454, x=92.47, y=10.17
2025-11-23 18:04:58.378 [main] DEBUG r.s.tk.cheefkeef.laba2.jdbc.PointDAO - Выполнение SQL: INSERT INTO points (f_id, x_value, y_value) VALUES (?, ?, ?) с параметрами: functionId=5454, x=92.47, y=10.17
2025-11-23 18:04:58.382 [main] DEBUG r.s.tk.cheefkeef.laba2.jdbc.PointDAO - Количество затронутых строк: 1
2025-11-23 18:04:58.382 [main] INFO  r.s.tk.cheefkeef.laba2.jdbc.PointDAO - Точка успешно создана с ID: 81011
2025-11-23 18:04:58.382 [main] INFO  r.s.tk.cheefkeef.laba2.jdbc.PointDAO - Создание новой точки: functionId=5454, x=76.04, y=22.11
2025-11-23 18:04:58.432 [main] DEBUG r.s.tk.cheefkeef.laba2.jdbc.PointDAO - Выполнение SQL: INSERT INTO points (f_id, x_value, y_value) VALUES (?, ?, ?) с параметрами: functionId=5454, x=76.04, y=22.11
2025-11-23 18:04:58.434 [main] DEBUG r.s.tk.cheefkeef.laba2.jdbc.PointDAO - Количество затронутых строк: 1
2025-11-23 18:04:58.434 [main] INFO  r.s.tk.cheefkeef.laba2.jdbc.PointDAO - Точка успешно создана с ID: 81012
2025-11-23 18:04:58.435 [main] INFO  r.s.tk.cheefkeef.laba2.jdbc.PointDAO - Начало получения всех точек
2025-11-23 18:04:58.467 [main] DEBUG r.s.tk.cheefkeef.laba2.jdbc.PointDAO - Выполнение SQL: SELECT id, f_id, x_value, y_value FROM points
2025-11-23 18:04:58.485 [main] INFO  r.s.tk.cheefkeef.laba2.jdbc.PointDAO - Успешно получено 10003 точек
2025-11-23 18:04:58.487 [main] INFO  r.s.tk.cheefkeef.laba2.jdbc.PointDAO - Удаление всех точек функции ID: 5454
2025-11-23 18:04:58.521 [main] DEBUG r.s.tk.cheefkeef.laba2.jdbc.PointDAO - Выполнение SQL: DELETE FROM points WHERE f_id = ? с параметром functionId: 5454
2025-11-23 18:04:58.524 [main] INFO  r.s.tk.cheefkeef.laba2.jdbc.PointDAO - Удалено 3 точек функции ID: 5454
2025-11-23 18:04:58.524 [main] INFO  r.s.tk.cheefkeef.laba2.jdbc.PointDAO - Создание новой точки: functionId=5454, x=33.3, y=-4.49
2025-11-23 18:04:58.552 [main] DEBUG r.s.tk.cheefkeef.laba2.jdbc.PointDAO - Выполнение SQL: INSERT INTO points (f_id, x_value, y_value) VALUES (?, ?, ?) с параметрами: functionId=5454, x=33.3, y=-4.49
2025-11-23 18:04:58.554 [main] DEBUG r.s.tk.cheefkeef.laba2.jdbc.PointDAO - Количество затронутых строк: 1
2025-11-23 18:04:58.554 [main] INFO  r.s.tk.cheefkeef.laba2.jdbc.PointDAO - Точка успешно создана с ID: 81013
2025-11-23 18:04:58.554 [main] DEBUG r.s.tk.cheefkeef.laba2.jdbc.PointDAO - Проверка существования точки functionId: 5454, x: 33.3
2025-11-23 18:04:58.686 [main] DEBUG r.s.tk.cheefkeef.laba2.jdbc.PointDAO - Выполнение SQL: SELECT 1 FROM points WHERE f_id = ? AND x_value = ? LIMIT 1 с параметрами: functionId=5454, xValue=33.3
2025-11-23 18:04:58.688 [main] DEBUG r.s.tk.cheefkeef.laba2.jdbc.PointDAO - Точка functionId: 5454, x: 33.3 существует: true
2025-11-23 18:04:58.688 [main] DEBUG r.s.tk.cheefkeef.laba2.jdbc.PointDAO - Проверка существования точки functionId: 5454, x: 999.9
2025-11-23 18:04:58.709 [main] DEBUG r.s.tk.cheefkeef.laba2.jdbc.PointDAO - Выполнение SQL: SELECT 1 FROM points WHERE f_id = ? AND x_value = ? LIMIT 1 с параметрами: functionId=5454, xValue=999.9
2025-11-23 18:04:58.712 [main] DEBUG r.s.tk.cheefkeef.laba2.jdbc.PointDAO - Точка functionId: 5454, x: 999.9 существует: false
2025-11-23 18:04:58.713 [main] INFO  r.s.tk.cheefkeef.laba2.jdbc.PointDAO - Удаление всех точек функции ID: 5454
2025-11-23 18:04:58.736 [main] DEBUG r.s.tk.cheefkeef.laba2.jdbc.PointDAO - Выполнение SQL: DELETE FROM points WHERE f_id = ? с параметром functionId: 5454
2025-11-23 18:04:58.739 [main] INFO  r.s.tk.cheefkeef.laba2.jdbc.PointDAO - Удалено 1 точек функции ID: 5454
2025-11-23 18:04:58.739 [main] INFO  r.s.tk.cheefkeef.laba2.jdbc.PointDAO - Массовое добавление 10 точек
2025-11-23 18:04:58.761 [main] DEBUG r.s.tk.cheefkeef.laba2.jdbc.PointDAO - Начало массовой вставки, авто-коммит отключен
2025-11-23 18:04:58.766 [main] DEBUG r.s.tk.cheefkeef.laba2.jdbc.PointDAO - Массовая вставка выполнена, коммит завершен
2025-11-23 18:04:58.766 [main] INFO  r.s.tk.cheefkeef.laba2.jdbc.PointDAO - Успешно добавлено 10 из 10 точек
2025-11-23 18:04:58.766 [main] INFO  r.s.tk.cheefkeef.laba2.jdbc.PointDAO - Поиск точек по ID функции: 5454
2025-11-23 18:04:58.786 [main] DEBUG r.s.tk.cheefkeef.laba2.jdbc.PointDAO - Выполнение SQL: SELECT id, f_id, x_value, y_value FROM points WHERE f_id = ? ORDER BY x_value с параметром functionId: 5454
2025-11-23 18:04:58.789 [main] INFO  r.s.tk.cheefkeef.laba2.jdbc.PointDAO - Найдено 10 точек для функции ID: 5454
2025-11-23 18:04:58.790 [main] INFO  r.s.tk.cheefkeef.laba2.jdbc.PointDAO - Удаление всех точек функции ID: 5454
2025-11-23 18:04:58.968 [main] DEBUG r.s.tk.cheefkeef.laba2.jdbc.PointDAO - Выполнение SQL: DELETE FROM points WHERE f_id = ? с параметром functionId: 5454
2025-11-23 18:04:58.977 [main] INFO  r.s.tk.cheefkeef.laba2.jdbc.PointDAO - Удалено 10 точек функции ID: 5454
2025-11-23 18:04:58.978 [main] INFO  r.s.tk.cheefkeef.laba2.jdbc.PointDAO - Создание новой точки: functionId=5454, x=76.3, y=60.1
2025-11-23 18:04:59.188 [main] DEBUG r.s.tk.cheefkeef.laba2.jdbc.PointDAO - Выполнение SQL: INSERT INTO points (f_id, x_value, y_value) VALUES (?, ?, ?) с параметрами: functionId=5454, x=76.3, y=60.1
2025-11-23 18:04:59.195 [main] DEBUG r.s.tk.cheefkeef.laba2.jdbc.PointDAO - Количество затронутых строк: 1
2025-11-23 18:04:59.196 [main] INFO  r.s.tk.cheefkeef.laba2.jdbc.PointDAO - Точка успешно создана с ID: 81024
2025-11-23 18:04:59.197 [main] INFO  r.s.tk.cheefkeef.laba2.jdbc.PointDAO - Создание новой точки: functionId=5454, x=67.0, y=66.2
2025-11-23 18:04:59.241 [main] DEBUG r.s.tk.cheefkeef.laba2.jdbc.PointDAO - Выполнение SQL: INSERT INTO points (f_id, x_value, y_value) VALUES (?, ?, ?) с параметрами: functionId=5454, x=67.0, y=66.2
2025-11-23 18:04:59.244 [main] DEBUG r.s.tk.cheefkeef.laba2.jdbc.PointDAO - Количество затронутых строк: 1
2025-11-23 18:04:59.244 [main] INFO  r.s.tk.cheefkeef.laba2.jdbc.PointDAO - Точка успешно создана с ID: 81025
2025-11-23 18:04:59.244 [main] INFO  r.s.tk.cheefkeef.laba2.jdbc.PointDAO - Создание новой точки: functionId=5454, x=38.48, y=25.59
2025-11-23 18:04:59.269 [main] DEBUG r.s.tk.cheefkeef.laba2.jdbc.PointDAO - Выполнение SQL: INSERT INTO points (f_id, x_value, y_value) VALUES (?, ?, ?) с параметрами: functionId=5454, x=38.48, y=25.59
2025-11-23 18:04:59.271 [main] DEBUG r.s.tk.cheefkeef.laba2.jdbc.PointDAO - Количество затронутых строк: 1
2025-11-23 18:04:59.271 [main] INFO  r.s.tk.cheefkeef.laba2.jdbc.PointDAO - Точка успешно создана с ID: 81026
2025-11-23 18:04:59.271 [main] INFO  r.s.tk.cheefkeef.laba2.jdbc.PointDAO - Создание новой точки: functionId=5454, x=93.42, y=6.38
2025-11-23 18:04:59.294 [main] DEBUG r.s.tk.cheefkeef.laba2.jdbc.PointDAO - Выполнение SQL: INSERT INTO points (f_id, x_value, y_value) VALUES (?, ?, ?) с параметрами: functionId=5454, x=93.42, y=6.38
2025-11-23 18:04:59.295 [main] DEBUG r.s.tk.cheefkeef.laba2.jdbc.PointDAO - Количество затронутых строк: 1
2025-11-23 18:04:59.295 [main] INFO  r.s.tk.cheefkeef.laba2.jdbc.PointDAO - Точка успешно создана с ID: 81027
2025-11-23 18:04:59.296 [main] INFO  r.s.tk.cheefkeef.laba2.jdbc.PointDAO - Создание новой точки: functionId=5454, x=49.17, y=60.12
2025-11-23 18:04:59.316 [main] DEBUG r.s.tk.cheefkeef.laba2.jdbc.PointDAO - Выполнение SQL: INSERT INTO points (f_id, x_value, y_value) VALUES (?, ?, ?) с параметрами: functionId=5454, x=49.17, y=60.12
2025-11-23 18:04:59.318 [main] DEBUG r.s.tk.cheefkeef.laba2.jdbc.PointDAO - Количество затронутых строк: 1
2025-11-23 18:04:59.318 [main] INFO  r.s.tk.cheefkeef.laba2.jdbc.PointDAO - Точка успешно создана с ID: 81028
2025-11-23 18:04:59.319 [main] INFO  r.s.tk.cheefkeef.laba2.jdbc.PointDAO - Начало поиска точек с сортировкой: поле=id, направление=ASC
2025-11-23 18:04:59.346 [main] DEBUG r.s.tk.cheefkeef.laba2.jdbc.PointDAO - Выполнение SQL с сортировкой: SELECT id, f_id, x_value, y_value FROM points ORDER BY id ASC
2025-11-23 18:04:59.354 [main] INFO  r.s.tk.cheefkeef.laba2.jdbc.PointDAO - Успешно получено 10005 точек с сортировкой по id ASC
2025-11-23 18:04:59.355 [main] INFO  r.s.tk.cheefkeef.laba2.jdbc.PointDAO - Начало поиска точек с сортировкой: поле=x_value, направление=DESC
2025-11-23 18:04:59.484 [main] DEBUG r.s.tk.cheefkeef.laba2.jdbc.PointDAO - Выполнение SQL с сортировкой: SELECT id, f_id, x_value, y_value FROM points ORDER BY x_value DESC
2025-11-23 18:04:59.491 [main] INFO  r.s.tk.cheefkeef.laba2.jdbc.PointDAO - Успешно получено 10005 точек с сортировкой по x_value DESC
2025-11-23 18:04:59.491 [main] INFO  r.s.tk.cheefkeef.laba2.jdbc.PointDAO - Начало поиска точек с сортировкой: поле=y_value, направление=ASC
2025-11-23 18:04:59.520 [main] DEBUG r.s.tk.cheefkeef.laba2.jdbc.PointDAO - Выполнение SQL с сортировкой: SELECT id, f_id, x_value, y_value FROM points ORDER BY y_value ASC
2025-11-23 18:04:59.529 [main] INFO  r.s.tk.cheefkeef.laba2.jdbc.PointDAO - Успешно получено 10005 точек с сортировкой по y_value ASC
2025-11-23 18:04:59.529 [main] INFO  r.s.tk.cheefkeef.laba2.jdbc.PointDAO - Начало поиска точек с сортировкой: поле=f_id, направление=DESC
2025-11-23 18:04:59.558 [main] DEBUG r.s.tk.cheefkeef.laba2.jdbc.PointDAO - Выполнение SQL с сортировкой: SELECT id, f_id, x_value, y_value FROM points ORDER BY f_id DESC
2025-11-23 18:04:59.565 [main] INFO  r.s.tk.cheefkeef.laba2.jdbc.PointDAO - Успешно получено 10005 точек с сортировкой по f_id DESC
2025-11-23 18:04:59.567 [main] INFO  r.s.tk.cheefkeef.laba2.jdbc.PointDAO - Удаление всех точек функции ID: 5454
2025-11-23 18:04:59.589 [main] DEBUG r.s.tk.cheefkeef.laba2.jdbc.PointDAO - Выполнение SQL: DELETE FROM points WHERE f_id = ? с параметром functionId: 5454
2025-11-23 18:04:59.592 [main] INFO  r.s.tk.cheefkeef.laba2.jdbc.PointDAO - Удалено 5 точек функции ID: 5454
2025-11-23 18:04:59.592 [main] INFO  r.s.tk.cheefkeef.laba2.jdbc.PointDAO - Создание новой точки: functionId=5454, x=62.62, y=69.8
2025-11-23 18:04:59.750 [main] DEBUG r.s.tk.cheefkeef.laba2.jdbc.PointDAO - Выполнение SQL: INSERT INTO points (f_id, x_value, y_value) VALUES (?, ?, ?) с параметрами: functionId=5454, x=62.62, y=69.8
2025-11-23 18:04:59.752 [main] DEBUG r.s.tk.cheefkeef.laba2.jdbc.PointDAO - Количество затронутых строк: 1
2025-11-23 18:04:59.752 [main] INFO  r.s.tk.cheefkeef.laba2.jdbc.PointDAO - Точка успешно создана с ID: 81029
2025-11-23 18:04:59.753 [main] INFO  r.s.tk.cheefkeef.laba2.jdbc.PointDAO - Создание новой точки: functionId=5454, x=6.87, y=21.16
2025-11-23 18:04:59.776 [main] DEBUG r.s.tk.cheefkeef.laba2.jdbc.PointDAO - Выполнение SQL: INSERT INTO points (f_id, x_value, y_value) VALUES (?, ?, ?) с параметрами: functionId=5454, x=6.87, y=21.16
2025-11-23 18:04:59.778 [main] DEBUG r.s.tk.cheefkeef.laba2.jdbc.PointDAO - Количество затронутых строк: 1
2025-11-23 18:04:59.778 [main] INFO  r.s.tk.cheefkeef.laba2.jdbc.PointDAO - Точка успешно создана с ID: 81030
2025-11-23 18:04:59.778 [main] INFO  r.s.tk.cheefkeef.laba2.jdbc.PointDAO - Создание новой точки: functionId=5454, x=45.54, y=36.4
2025-11-23 18:04:59.799 [main] DEBUG r.s.tk.cheefkeef.laba2.jdbc.PointDAO - Выполнение SQL: INSERT INTO points (f_id, x_value, y_value) VALUES (?, ?, ?) с параметрами: functionId=5454, x=45.54, y=36.4
2025-11-23 18:04:59.800 [main] DEBUG r.s.tk.cheefkeef.laba2.jdbc.PointDAO - Количество затронутых строк: 1
2025-11-23 18:04:59.800 [main] INFO  r.s.tk.cheefkeef.laba2.jdbc.PointDAO - Точка успешно создана с ID: 81031
2025-11-23 18:04:59.801 [main] INFO  r.s.tk.cheefkeef.laba2.jdbc.PointDAO - Создание новой точки: functionId=5454, x=55.13, y=16.39
2025-11-23 18:04:59.822 [main] DEBUG r.s.tk.cheefkeef.laba2.jdbc.PointDAO - Выполнение SQL: INSERT INTO points (f_id, x_value, y_value) VALUES (?, ?, ?) с параметрами: functionId=5454, x=55.13, y=16.39
2025-11-23 18:04:59.824 [main] DEBUG r.s.tk.cheefkeef.laba2.jdbc.PointDAO - Количество затронутых строк: 1
2025-11-23 18:04:59.824 [main] INFO  r.s.tk.cheefkeef.laba2.jdbc.PointDAO - Точка успешно создана с ID: 81032
2025-11-23 18:04:59.824 [main] INFO  r.s.tk.cheefkeef.laba2.jdbc.PointDAO - Создание новой точки: functionId=5454, x=38.45, y=49.02
2025-11-23 18:04:59.969 [main] DEBUG r.s.tk.cheefkeef.laba2.jdbc.PointDAO - Выполнение SQL: INSERT INTO points (f_id, x_value, y_value) VALUES (?, ?, ?) с параметрами: functionId=5454, x=38.45, y=49.02
2025-11-23 18:04:59.972 [main] DEBUG r.s.tk.cheefkeef.laba2.jdbc.PointDAO - Количество затронутых строк: 1
2025-11-23 18:04:59.972 [main] INFO  r.s.tk.cheefkeef.laba2.jdbc.PointDAO - Точка успешно создана с ID: 81033
2025-11-23 18:04:59.972 [main] INFO  r.s.tk.cheefkeef.laba2.jdbc.PointDAO - Удаление всех точек функции ID: 5454
2025-11-23 18:04:59.994 [main] DEBUG r.s.tk.cheefkeef.laba2.jdbc.PointDAO - Выполнение SQL: DELETE FROM points WHERE f_id = ? с параметром functionId: 5454
2025-11-23 18:04:59.996 [main] INFO  r.s.tk.cheefkeef.laba2.jdbc.PointDAO - Удалено 5 точек функции ID: 5454
2025-11-23 18:04:59.996 [main] INFO  r.s.tk.cheefkeef.laba2.jdbc.PointDAO - Поиск точек по ID функции: 5454
2025-11-23 18:05:00.135 [main] DEBUG r.s.tk.cheefkeef.laba2.jdbc.PointDAO - Выполнение SQL: SELECT id, f_id, x_value, y_value FROM points WHERE f_id = ? ORDER BY x_value с параметром functionId: 5454
2025-11-23 18:05:00.138 [main] INFO  r.s.tk.cheefkeef.laba2.jdbc.PointDAO - Найдено 0 точек для функции ID: 5454
2025-11-23 18:05:00.140 [main] INFO  r.s.tk.cheefkeef.laba2.jdbc.PointDAO - Удаление всех точек функции ID: 5454
2025-11-23 18:05:00.162 [main] DEBUG r.s.tk.cheefkeef.laba2.jdbc.PointDAO - Выполнение SQL: DELETE FROM points WHERE f_id = ? с параметром functionId: 5454
2025-11-23 18:05:00.165 [main] INFO  r.s.tk.cheefkeef.laba2.jdbc.PointDAO - Не найдено точек для удаления функции ID: 5454
2025-11-23 18:05:00.165 [main] INFO  r.s.tk.cheefkeef.laba2.jdbc.PointDAO - Создание новой точки: functionId=5454, x=2.5, y=-7.82
2025-11-23 18:05:00.186 [main] DEBUG r.s.tk.cheefkeef.laba2.jdbc.PointDAO - Выполнение SQL: INSERT INTO points (f_id, x_value, y_value) VALUES (?, ?, ?) с параметрами: functionId=5454, x=2.5, y=-7.82
2025-11-23 18:05:00.187 [main] DEBUG r.s.tk.cheefkeef.laba2.jdbc.PointDAO - Количество затронутых строк: 1
2025-11-23 18:05:00.187 [main] INFO  r.s.tk.cheefkeef.laba2.jdbc.PointDAO - Точка успешно создана с ID: 81034
2025-11-23 18:05:00.188 [main] INFO  r.s.tk.cheefkeef.laba2.jdbc.PointDAO - Создание новой точки: functionId=5454, x=7.8, y=2.02
2025-11-23 18:05:00.320 [main] DEBUG r.s.tk.cheefkeef.laba2.jdbc.PointDAO - Выполнение SQL: INSERT INTO points (f_id, x_value, y_value) VALUES (?, ?, ?) с параметрами: functionId=5454, x=7.8, y=2.02
2025-11-23 18:05:00.322 [main] DEBUG r.s.tk.cheefkeef.laba2.jdbc.PointDAO - Количество затронутых строк: 1
2025-11-23 18:05:00.322 [main] INFO  r.s.tk.cheefkeef.laba2.jdbc.PointDAO - Точка успешно создана с ID: 81035
2025-11-23 18:05:00.322 [main] INFO  r.s.tk.cheefkeef.laba2.jdbc.PointDAO - Создание новой точки: functionId=5454, x=12.3, y=0.78
2025-11-23 18:05:00.463 [main] DEBUG r.s.tk.cheefkeef.laba2.jdbc.PointDAO - Выполнение SQL: INSERT INTO points (f_id, x_value, y_value) VALUES (?, ?, ?) с параметрами: functionId=5454, x=12.3, y=0.78
2025-11-23 18:05:00.465 [main] DEBUG r.s.tk.cheefkeef.laba2.jdbc.PointDAO - Количество затронутых строк: 1
2025-11-23 18:05:00.465 [main] INFO  r.s.tk.cheefkeef.laba2.jdbc.PointDAO - Точка успешно создана с ID: 81036
2025-11-23 18:05:00.466 [main] INFO  r.s.tk.cheefkeef.laba2.jdbc.PointDAO - Создание новой точки: functionId=5454, x=18.9, y=-2.33
2025-11-23 18:05:00.487 [main] DEBUG r.s.tk.cheefkeef.laba2.jdbc.PointDAO - Выполнение SQL: INSERT INTO points (f_id, x_value, y_value) VALUES (?, ?, ?) с параметрами: functionId=5454, x=18.9, y=-2.33
2025-11-23 18:05:00.488 [main] DEBUG r.s.tk.cheefkeef.laba2.jdbc.PointDAO - Количество затронутых строк: 1
2025-11-23 18:05:00.488 [main] INFO  r.s.tk.cheefkeef.laba2.jdbc.PointDAO - Точка успешно создана с ID: 81037
2025-11-23 18:05:00.488 [main] INFO  r.s.tk.cheefkeef.laba2.jdbc.PointDAO - Создание новой точки: functionId=5454, x=25.1, y=-9.64
2025-11-23 18:05:00.612 [main] DEBUG r.s.tk.cheefkeef.laba2.jdbc.PointDAO - Выполнение SQL: INSERT INTO points (f_id, x_value, y_value) VALUES (?, ?, ?) с параметрами: functionId=5454, x=25.1, y=-9.64
2025-11-23 18:05:00.614 [main] DEBUG r.s.tk.cheefkeef.laba2.jdbc.PointDAO - Количество затронутых строк: 1
2025-11-23 18:05:00.614 [main] INFO  r.s.tk.cheefkeef.laba2.jdbc.PointDAO - Точка успешно создана с ID: 81038
2025-11-23 18:05:00.614 [main] DEBUG r.s.tk.cheefkeef.laba2.jdbc.PointDAO - Получение диапазона X для функции ID: 5454
2025-11-23 18:05:00.638 [main] DEBUG r.s.tk.cheefkeef.laba2.jdbc.PointDAO - Выполнение SQL: SELECT MIN(x_value), MAX(x_value) FROM points WHERE f_id = ? с параметром functionId: 5454
2025-11-23 18:05:00.641 [main] DEBUG r.s.tk.cheefkeef.laba2.jdbc.PointDAO - Диапазон X для функции ID: 5454 - от 2.5 до 25.1
2025-11-23 18:05:00.642 [main] INFO  r.s.tk.cheefkeef.laba2.jdbc.PointDAO - Удаление всех точек функции ID: 5454
2025-11-23 18:05:00.664 [main] DEBUG r.s.tk.cheefkeef.laba2.jdbc.PointDAO - Выполнение SQL: DELETE FROM points WHERE f_id = ? с параметром functionId: 5454
2025-11-23 18:05:00.666 [main] INFO  r.s.tk.cheefkeef.laba2.jdbc.PointDAO - Удалено 5 точек функции ID: 5454
2025-11-23 18:05:00.667 [main] INFO  r.s.tk.cheefkeef.laba2.jdbc.PointDAO - Создание новой точки: functionId=5454, x=19.85, y=66.48
2025-11-23 18:05:00.687 [main] DEBUG r.s.tk.cheefkeef.laba2.jdbc.PointDAO - Выполнение SQL: INSERT INTO points (f_id, x_value, y_value) VALUES (?, ?, ?) с параметрами: functionId=5454, x=19.85, y=66.48
2025-11-23 18:05:00.688 [main] DEBUG r.s.tk.cheefkeef.laba2.jdbc.PointDAO - Количество затронутых строк: 1
2025-11-23 18:05:00.689 [main] INFO  r.s.tk.cheefkeef.laba2.jdbc.PointDAO - Точка успешно создана с ID: 81039
2025-11-23 18:05:00.689 [main] INFO  r.s.tk.cheefkeef.laba2.jdbc.PointDAO - Создание новой точки: functionId=5454, x=48.92, y=34.09
2025-11-23 18:05:00.709 [main] DEBUG r.s.tk.cheefkeef.laba2.jdbc.PointDAO - Выполнение SQL: INSERT INTO points (f_id, x_value, y_value) VALUES (?, ?, ?) с параметрами: functionId=5454, x=48.92, y=34.09
2025-11-23 18:05:00.711 [main] DEBUG r.s.tk.cheefkeef.laba2.jdbc.PointDAO - Количество затронутых строк: 1
2025-11-23 18:05:00.711 [main] INFO  r.s.tk.cheefkeef.laba2.jdbc.PointDAO - Точка успешно создана с ID: 81040
2025-11-23 18:05:00.711 [main] INFO  r.s.tk.cheefkeef.laba2.jdbc.PointDAO - Создание новой точки: functionId=5454, x=11.61, y=87.66
2025-11-23 18:05:00.858 [main] DEBUG r.s.tk.cheefkeef.laba2.jdbc.PointDAO - Выполнение SQL: INSERT INTO points (f_id, x_value, y_value) VALUES (?, ?, ?) с параметрами: functionId=5454, x=11.61, y=87.66
2025-11-23 18:05:00.861 [main] DEBUG r.s.tk.cheefkeef.laba2.jdbc.PointDAO - Количество затронутых строк: 1
2025-11-23 18:05:00.861 [main] INFO  r.s.tk.cheefkeef.laba2.jdbc.PointDAO - Точка успешно создана с ID: 81041
2025-11-23 18:05:00.862 [main] INFO  r.s.tk.cheefkeef.laba2.jdbc.PointDAO - Начало поиска точек с сортировкой: поле=invalid_field, направление=INVALID_DIRECTION
2025-11-23 18:05:00.862 [main] WARN  r.s.tk.cheefkeef.laba2.jdbc.PointDAO - Попытка сортировки по недопустимому полю: invalid_field
2025-11-23 18:05:00.862 [main] WARN  r.s.tk.cheefkeef.laba2.jdbc.PointDAO - Недопустимое направление сортировки: INVALID_DIRECTION, установлено ASC
2025-11-23 18:05:00.894 [main] DEBUG r.s.tk.cheefkeef.laba2.jdbc.PointDAO - Выполнение SQL с сортировкой: SELECT id, f_id, x_value, y_value FROM points ORDER BY id ASC
2025-11-23 18:05:00.902 [main] INFO  r.s.tk.cheefkeef.laba2.jdbc.PointDAO - Успешно получено 10003 точек с сортировкой по id ASC
2025-11-23 18:05:00.903 [main] INFO  r.s.tk.cheefkeef.laba2.jdbc.PointDAO - Удаление всех точек функции ID: 5454
2025-11-23 18:05:01.029 [main] DEBUG r.s.tk.cheefkeef.laba2.jdbc.PointDAO - Выполнение SQL: DELETE FROM points WHERE f_id = ? с параметром functionId: 5454
2025-11-23 18:05:01.031 [main] INFO  r.s.tk.cheefkeef.laba2.jdbc.PointDAO - Удалено 3 точек функции ID: 5454
2025-11-23 18:05:01.031 [main] INFO  r.s.tk.cheefkeef.laba2.jdbc.PointDAO - Создание новой точки: functionId=5454, x=42.5, y=-41.74
2025-11-23 18:05:01.158 [main] DEBUG r.s.tk.cheefkeef.laba2.jdbc.PointDAO - Выполнение SQL: INSERT INTO points (f_id, x_value, y_value) VALUES (?, ?, ?) с параметрами: functionId=5454, x=42.5, y=-41.74
2025-11-23 18:05:01.160 [main] DEBUG r.s.tk.cheefkeef.laba2.jdbc.PointDAO - Количество затронутых строк: 1
2025-11-23 18:05:01.160 [main] INFO  r.s.tk.cheefkeef.laba2.jdbc.PointDAO - Точка успешно создана с ID: 81042
2025-11-23 18:05:01.160 [main] INFO  r.s.tk.cheefkeef.laba2.jdbc.PointDAO - Поиск точки по functionId: 5454 и X: 42.5
2025-11-23 18:05:01.184 [main] DEBUG r.s.tk.cheefkeef.laba2.jdbc.PointDAO - Выполнение SQL: SELECT id, f_id, x_value, y_value FROM points WHERE f_id = ? AND x_value = ? с параметрами functionId: 5454, xValue: 42.5
2025-11-23 18:05:01.186 [main] INFO  r.s.tk.cheefkeef.laba2.jdbc.PointDAO - Точка найдена для functionId: 5454 и X: 42.5
2025-11-23 18:05:01.189 [main] INFO  r.s.tk.cheefkeef.laba2.jdbc.PointDAO - Удаление всех точек функции ID: 5454
2025-11-23 18:05:01.211 [main] DEBUG r.s.tk.cheefkeef.laba2.jdbc.PointDAO - Выполнение SQL: DELETE FROM points WHERE f_id = ? с параметром functionId: 5454
2025-11-23 18:05:01.213 [main] INFO  r.s.tk.cheefkeef.laba2.jdbc.PointDAO - Удалено 1 точек функции ID: 5454
2025-11-23 18:05:01.214 [main] INFO  r.s.tk.cheefkeef.laba2.jdbc.PointDAO - Поиск точки по ID: -1
2025-11-23 18:05:01.234 [main] DEBUG r.s.tk.cheefkeef.laba2.jdbc.PointDAO - Выполнение SQL: SELECT id, f_id, x_value, y_value FROM points WHERE id = ? с параметром ID: -1
2025-11-23 18:05:01.236 [main] INFO  r.s.tk.cheefkeef.laba2.jdbc.PointDAO - Точка с ID -1 не найдена
2025-11-23 18:05:01.237 [main] INFO  r.s.tk.cheefkeef.laba2.jdbc.PointDAO - Удаление всех точек функции ID: 5454
2025-11-23 18:05:01.259 [main] DEBUG r.s.tk.cheefkeef.laba2.jdbc.PointDAO - Выполнение SQL: DELETE FROM points WHERE f_id = ? с параметром functionId: 5454
2025-11-23 18:05:01.261 [main] INFO  r.s.tk.cheefkeef.laba2.jdbc.PointDAO - Не найдено точек для удаления функции ID: 5454
2025-11-23 18:05:01.262 [main] INFO  r.s.tk.cheefkeef.laba2.jdbc.PointDAO - Создание новой точки: functionId=5454, x=86.42, y=93.76
2025-11-23 18:05:01.387 [main] DEBUG r.s.tk.cheefkeef.laba2.jdbc.PointDAO - Выполнение SQL: INSERT INTO points (f_id, x_value, y_value) VALUES (?, ?, ?) с параметрами: functionId=5454, x=86.42, y=93.76
2025-11-23 18:05:01.389 [main] DEBUG r.s.tk.cheefkeef.laba2.jdbc.PointDAO - Количество затронутых строк: 1
2025-11-23 18:05:01.389 [main] INFO  r.s.tk.cheefkeef.laba2.jdbc.PointDAO - Точка успешно создана с ID: 81043
2025-11-23 18:05:01.389 [main] INFO  r.s.tk.cheefkeef.laba2.jdbc.PointDAO - Создание новой точки: functionId=5454, x=58.31, y=56.47
2025-11-23 18:05:01.411 [main] DEBUG r.s.tk.cheefkeef.laba2.jdbc.PointDAO - Выполнение SQL: INSERT INTO points (f_id, x_value, y_value) VALUES (?, ?, ?) с параметрами: functionId=5454, x=58.31, y=56.47
2025-11-23 18:05:01.412 [main] DEBUG r.s.tk.cheefkeef.laba2.jdbc.PointDAO - Количество затронутых строк: 1
2025-11-23 18:05:01.412 [main] INFO  r.s.tk.cheefkeef.laba2.jdbc.PointDAO - Точка успешно создана с ID: 81044
2025-11-23 18:05:01.413 [main] INFO  r.s.tk.cheefkeef.laba2.jdbc.PointDAO - Создание новой точки: functionId=5454, x=22.61, y=68.04
2025-11-23 18:05:01.539 [main] DEBUG r.s.tk.cheefkeef.laba2.jdbc.PointDAO - Выполнение SQL: INSERT INTO points (f_id, x_value, y_value) VALUES (?, ?, ?) с параметрами: functionId=5454, x=22.61, y=68.04
2025-11-23 18:05:01.541 [main] DEBUG r.s.tk.cheefkeef.laba2.jdbc.PointDAO - Количество затронутых строк: 1
2025-11-23 18:05:01.541 [main] INFO  r.s.tk.cheefkeef.laba2.jdbc.PointDAO - Точка успешно создана с ID: 81045
2025-11-23 18:05:01.541 [main] INFO  r.s.tk.cheefkeef.laba2.jdbc.PointDAO - Создание новой точки: functionId=5454, x=55.04, y=59.85
2025-11-23 18:05:01.669 [main] DEBUG r.s.tk.cheefkeef.laba2.jdbc.PointDAO - Выполнение SQL: INSERT INTO points (f_id, x_value, y_value) VALUES (?, ?, ?) с параметрами: functionId=5454, x=55.04, y=59.85
2025-11-23 18:05:01.670 [main] DEBUG r.s.tk.cheefkeef.laba2.jdbc.PointDAO - Количество затронутых строк: 1
2025-11-23 18:05:01.671 [main] INFO  r.s.tk.cheefkeef.laba2.jdbc.PointDAO - Точка успешно создана с ID: 81046
2025-11-23 18:05:01.671 [main] INFO  r.s.tk.cheefkeef.laba2.jdbc.PointDAO - Создание новой точки: functionId=5454, x=21.82, y=97.84
2025-11-23 18:05:01.692 [main] DEBUG r.s.tk.cheefkeef.laba2.jdbc.PointDAO - Выполнение SQL: INSERT INTO points (f_id, x_value, y_value) VALUES (?, ?, ?) с параметрами: functionId=5454, x=21.82, y=97.84
2025-11-23 18:05:01.694 [main] DEBUG r.s.tk.cheefkeef.laba2.jdbc.PointDAO - Количество затронутых строк: 1
2025-11-23 18:05:01.694 [main] INFO  r.s.tk.cheefkeef.laba2.jdbc.PointDAO - Точка успешно создана с ID: 81047
2025-11-23 18:05:01.694 [main] INFO  r.s.tk.cheefkeef.laba2.jdbc.PointDAO - Создание новой точки: functionId=5454, x=0.92, y=67.76
2025-11-23 18:05:01.818 [main] DEBUG r.s.tk.cheefkeef.laba2.jdbc.PointDAO - Выполнение SQL: INSERT INTO points (f_id, x_value, y_value) VALUES (?, ?, ?) с параметрами: functionId=5454, x=0.92, y=67.76
2025-11-23 18:05:01.820 [main] DEBUG r.s.tk.cheefkeef.laba2.jdbc.PointDAO - Количество затронутых строк: 1
2025-11-23 18:05:01.820 [main] INFO  r.s.tk.cheefkeef.laba2.jdbc.PointDAO - Точка успешно создана с ID: 81048
2025-11-23 18:05:01.820 [main] INFO  r.s.tk.cheefkeef.laba2.jdbc.PointDAO - Создание новой точки: functionId=5454, x=99.62, y=7.02
2025-11-23 18:05:01.948 [main] DEBUG r.s.tk.cheefkeef.laba2.jdbc.PointDAO - Выполнение SQL: INSERT INTO points (f_id, x_value, y_value) VALUES (?, ?, ?) с параметрами: functionId=5454, x=99.62, y=7.02
2025-11-23 18:05:01.950 [main] DEBUG r.s.tk.cheefkeef.laba2.jdbc.PointDAO - Количество затронутых строк: 1
2025-11-23 18:05:01.950 [main] INFO  r.s.tk.cheefkeef.laba2.jdbc.PointDAO - Точка успешно создана с ID: 81049
2025-11-23 18:05:01.951 [main] DEBUG r.s.tk.cheefkeef.laba2.jdbc.PointDAO - Подсчет количества точек функции ID: 5454
2025-11-23 18:05:01.975 [main] DEBUG r.s.tk.cheefkeef.laba2.jdbc.PointDAO - Выполнение SQL: SELECT COUNT(*) FROM points WHERE f_id = ? с параметром functionId: 5454
2025-11-23 18:05:01.978 [main] DEBUG r.s.tk.cheefkeef.laba2.jdbc.PointDAO - Найдено 7 точек для функции ID: 5454
2025-11-23 18:05:01.979 [main] INFO  r.s.tk.cheefkeef.laba2.jdbc.PointDAO - Удаление всех точек функции ID: 5454
2025-11-23 18:05:02.113 [main] DEBUG r.s.tk.cheefkeef.laba2.jdbc.PointDAO - Выполнение SQL: DELETE FROM points WHERE f_id = ? с параметром functionId: 5454
2025-11-23 18:05:02.115 [main] INFO  r.s.tk.cheefkeef.laba2.jdbc.PointDAO - Удалено 7 точек функции ID: 5454
2025-11-23 18:05:02.115 [main] INFO  r.s.t.c.laba2.jdbc.PointDAOTest - Очистка тестовых данных завершена
2025-11-23 18:05:02.119 [main] INFO  r.s.t.c.laba2.jdbc.UserDAOTest - Инициализация тестового окружения UserDAO
2025-11-23 18:05:02.146 [main] DEBUG r.s.t.c.laba2.jdbc.UserDAOTest - Создан тестовый пользователь: User{id=null, login='testuser_валерия_евдокимов_1763906702146', role=user, enabled=true}
2025-11-23 18:05:02.148 [main] INFO  r.s.t.c.laba2.jdbc.UserDAOTest - Запуск теста: создание пользователя
2025-11-23 18:05:02.148 [main] INFO  r.s.tk.cheefkeef.laba2.jdbc.UserDAO - Создание нового пользователя: testuser_валерия_евдокимов_1763906702146
2025-11-23 18:05:02.290 [main] INFO  r.s.tk.cheefkeef.laba2.jdbc.UserDAO - Пользователь testuser_валерия_евдокимов_1763906702146 успешно создан с ID: 40255
2025-11-23 18:05:02.290 [main] INFO  r.s.t.c.laba2.jdbc.UserDAOTest - Успешно создан пользователь с ID: 40255
2025-11-23 18:05:02.292 [main] INFO  r.s.t.c.laba2.jdbc.UserDAOTest - Запуск теста: поиск пользователя по ID
2025-11-23 18:05:02.292 [main] DEBUG r.s.tk.cheefkeef.laba2.jdbc.UserDAO - Поиск пользователя по ID: 40255
2025-11-23 18:05:02.318 [main] DEBUG r.s.tk.cheefkeef.laba2.jdbc.UserDAO - Пользователь с ID 40255 найден: testuser_валерия_евдокимов_1763906702146
2025-11-23 18:05:02.318 [main] DEBUG r.s.t.c.laba2.jdbc.UserDAOTest - Найден пользователь: User{id=40255, login='testuser_валерия_евдокимов_1763906702146', role=user, enabled=true}
2025-11-23 18:05:02.319 [main] INFO  r.s.t.c.laba2.jdbc.UserDAOTest - Запуск теста: поиск пользователя по логину
2025-11-23 18:05:02.319 [main] DEBUG r.s.tk.cheefkeef.laba2.jdbc.UserDAO - Поиск пользователя по login: testuser_валерия_евдокимов_1763906702146
2025-11-23 18:05:02.345 [main] DEBUG r.s.tk.cheefkeef.laba2.jdbc.UserDAO - Пользователь с login testuser_валерия_евдокимов_1763906702146 найден
2025-11-23 18:05:02.345 [main] DEBUG r.s.t.c.laba2.jdbc.UserDAOTest - Найден пользователь по логину testuser_валерия_евдокимов_1763906702146: User{id=40255, login='testuser_валерия_евдокимов_1763906702146', role=user, enabled=true}
2025-11-23 18:05:02.346 [main] INFO  r.s.t.c.laba2.jdbc.UserDAOTest - Запуск теста: получение всех пользователей
2025-11-23 18:05:02.347 [main] INFO  r.s.tk.cheefkeef.laba2.jdbc.UserDAO - Начало получения всех пользователей
2025-11-23 18:05:02.374 [main] INFO  r.s.tk.cheefkeef.laba2.jdbc.UserDAO - Успешно получено 108 пользователей
2025-11-23 18:05:02.375 [main] INFO  r.s.t.c.laba2.jdbc.UserDAOTest - Найдено 108 пользователей
2025-11-23 18:05:02.376 [main] INFO  r.s.t.c.laba2.jdbc.UserDAOTest - Запуск теста: поиск пользователей по роли
2025-11-23 18:05:02.376 [main] DEBUG r.s.tk.cheefkeef.laba2.jdbc.UserDAO - Поиск пользователей по роли: user
2025-11-23 18:05:02.500 [main] DEBUG r.s.tk.cheefkeef.laba2.jdbc.UserDAO - Найдено 52 пользователей с ролью user
2025-11-23 18:05:02.501 [main] INFO  r.s.t.c.laba2.jdbc.UserDAOTest - Найдено 52 пользователей с ролью 'user'
2025-11-23 18:05:02.502 [main] INFO  r.s.t.c.laba2.jdbc.UserDAOTest - Запуск теста: поиск пользователей по статусу enabled
2025-11-23 18:05:02.503 [main] DEBUG r.s.tk.cheefkeef.laba2.jdbc.UserDAO - Поиск пользователей по статусу enabled: true
2025-11-23 18:05:02.527 [main] DEBUG r.s.tk.cheefkeef.laba2.jdbc.UserDAO - Найдено 62 пользователей со статусом enabled = true
2025-11-23 18:05:02.527 [main] DEBUG r.s.tk.cheefkeef.laba2.jdbc.UserDAO - Поиск пользователей по статусу enabled: false
2025-11-23 18:05:02.552 [main] DEBUG r.s.tk.cheefkeef.laba2.jdbc.UserDAO - Найдено 46 пользователей со статусом enabled = false
2025-11-23 18:05:02.552 [main] INFO  r.s.t.c.laba2.jdbc.UserDAOTest - Найдено 62 активных и 46 неактивных пользователей
2025-11-23 18:05:02.553 [main] INFO  r.s.t.c.laba2.jdbc.UserDAOTest - Запуск теста: обновление пользователя
2025-11-23 18:05:02.553 [main] INFO  r.s.tk.cheefkeef.laba2.jdbc.UserDAO - Обновление пользователя с ID: 40255
2025-11-23 18:05:02.720 [main] INFO  r.s.tk.cheefkeef.laba2.jdbc.UserDAO - Пользователь с ID 40255 успешно обновлен
2025-11-23 18:05:02.720 [main] DEBUG r.s.tk.cheefkeef.laba2.jdbc.UserDAO - Поиск пользователя по ID: 40255
2025-11-23 18:05:02.890 [main] DEBUG r.s.tk.cheefkeef.laba2.jdbc.UserDAO - Пользователь с ID 40255 найден: testuser_семён_лихачева_1763906702553
2025-11-23 18:05:02.890 [main] INFO  r.s.t.c.laba2.jdbc.UserDAOTest - Пользователь успешно обновлен: User{id=40255, login='testuser_семён_лихачева_1763906702553', role=admin, enabled=false}
2025-11-23 18:05:02.891 [main] INFO  r.s.t.c.laba2.jdbc.UserDAOTest - Запуск теста: обновление только статуса enabled
2025-11-23 18:05:02.892 [main] INFO  r.s.tk.cheefkeef.laba2.jdbc.UserDAO - Обновление статуса enabled для пользователя с ID: 40255, новое значение: true
2025-11-23 18:05:02.922 [main] INFO  r.s.tk.cheefkeef.laba2.jdbc.UserDAO - Статус enabled для пользователя с ID 40255 успешно обновлен на true
2025-11-23 18:05:02.923 [main] DEBUG r.s.tk.cheefkeef.laba2.jdbc.UserDAO - Поиск пользователя по ID: 40255
2025-11-23 18:05:02.945 [main] DEBUG r.s.tk.cheefkeef.laba2.jdbc.UserDAO - Пользователь с ID 40255 найден: testuser_семён_лихачева_1763906702553
2025-11-23 18:05:02.945 [main] INFO  r.s.t.c.laba2.jdbc.UserDAOTest - Статус enabled успешно обновлен на true
2025-11-23 18:05:02.946 [main] INFO  r.s.t.c.laba2.jdbc.UserDAOTest - Запуск теста: создание нескольких пользователей с Faker
2025-11-23 18:05:02.947 [main] INFO  r.s.tk.cheefkeef.laba2.jdbc.UserDAO - Создание нового пользователя: testuser_жанна_дементьев_1763906702946
2025-11-23 18:05:02.975 [main] INFO  r.s.tk.cheefkeef.laba2.jdbc.UserDAO - Пользователь testuser_жанна_дементьев_1763906702946 успешно создан с ID: 40256
2025-11-23 18:05:02.975 [main] DEBUG r.s.t.c.laba2.jdbc.UserDAOTest - Создан случайный пользователь #1/5: User{id=40256, login='testuser_жанна_дементьев_1763906702946', role=admin, enabled=true}
2025-11-23 18:05:02.975 [main] INFO  r.s.tk.cheefkeef.laba2.jdbc.UserDAO - Создание нового пользователя: testuser_галина_кулаков_1763906702975
2025-11-23 18:05:02.998 [main] INFO  r.s.tk.cheefkeef.laba2.jdbc.UserDAO - Пользователь testuser_галина_кулаков_1763906702975 успешно создан с ID: 40257
2025-11-23 18:05:02.998 [main] DEBUG r.s.t.c.laba2.jdbc.UserDAOTest - Создан случайный пользователь #2/5: User{id=40257, login='testuser_галина_кулаков_1763906702975', role=admin, enabled=false}
2025-11-23 18:05:02.999 [main] INFO  r.s.tk.cheefkeef.laba2.jdbc.UserDAO - Создание нового пользователя: testuser_денис_комарова_1763906702999
2025-11-23 18:05:03.021 [main] INFO  r.s.tk.cheefkeef.laba2.jdbc.UserDAO - Пользователь testuser_денис_комарова_1763906702999 успешно создан с ID: 40258
2025-11-23 18:05:03.021 [main] DEBUG r.s.t.c.laba2.jdbc.UserDAOTest - Создан случайный пользователь #3/5: User{id=40258, login='testuser_денис_комарова_1763906702999', role=admin, enabled=true}
2025-11-23 18:05:03.021 [main] INFO  r.s.tk.cheefkeef.laba2.jdbc.UserDAO - Создание нового пользователя: testuser_александр_гущин_1763906703021
2025-11-23 18:05:03.043 [main] INFO  r.s.tk.cheefkeef.laba2.jdbc.UserDAO - Пользователь testuser_александр_гущин_1763906703021 успешно создан с ID: 40259
2025-11-23 18:05:03.043 [main] DEBUG r.s.t.c.laba2.jdbc.UserDAOTest - Создан случайный пользователь #4/5: User{id=40259, login='testuser_александр_гущин_1763906703021', role=user, enabled=false}
2025-11-23 18:05:03.043 [main] INFO  r.s.tk.cheefkeef.laba2.jdbc.UserDAO - Создание нового пользователя: testuser_матвей_третьякова_1763906703043
2025-11-23 18:05:03.065 [main] INFO  r.s.tk.cheefkeef.laba2.jdbc.UserDAO - Пользователь testuser_матвей_третьякова_1763906703043 успешно создан с ID: 40260
2025-11-23 18:05:03.066 [main] DEBUG r.s.t.c.laba2.jdbc.UserDAOTest - Создан случайный пользователь #5/5: User{id=40260, login='testuser_матвей_третьякова_1763906703043', role=user, enabled=true}
2025-11-23 18:05:03.066 [main] INFO  r.s.t.c.laba2.jdbc.UserDAOTest - Успешно создано 5 случайных пользователей
2025-11-23 18:05:03.067 [main] INFO  r.s.t.c.laba2.jdbc.UserDAOTest - Запуск теста: поиск по ролям после создания нескольких пользователей
2025-11-23 18:05:03.067 [main] DEBUG r.s.tk.cheefkeef.laba2.jdbc.UserDAO - Поиск пользователей по роли: admin
2025-11-23 18:05:03.091 [main] DEBUG r.s.tk.cheefkeef.laba2.jdbc.UserDAO - Найдено 60 пользователей с ролью admin
2025-11-23 18:05:03.091 [main] DEBUG r.s.tk.cheefkeef.laba2.jdbc.UserDAO - Поиск пользователей по роли: user
2025-11-23 18:05:03.115 [main] DEBUG r.s.tk.cheefkeef.laba2.jdbc.UserDAO - Найдено 53 пользователей с ролью user
2025-11-23 18:05:03.115 [main] INFO  r.s.t.c.laba2.jdbc.UserDAOTest - Найдено 60 администраторов и 53 обычных пользователей
2025-11-23 18:05:03.116 [main] DEBUG r.s.t.c.laba2.jdbc.UserDAOTest - Администратор: User{id=40038, login='testuser_вера_егоров_1762755231983', role=admin, enabled=false}
2025-11-23 18:05:03.116 [main] DEBUG r.s.t.c.laba2.jdbc.UserDAOTest - Администратор: User{id=40039, login='testuser_жанна_рябов_1762755232385', role=admin, enabled=true}
2025-11-23 18:05:03.116 [main] DEBUG r.s.t.c.laba2.jdbc.UserDAOTest - Администратор: User{id=40043, login='testuser_никита_волкова_1762755831263', role=admin, enabled=false}
2025-11-23 18:05:03.116 [main] DEBUG r.s.t.c.laba2.jdbc.UserDAOTest - Обычный пользователь: User{id=40037, login='testuser_степан_сазонова_1762755231365', role=user, enabled=true}
2025-11-23 18:05:03.116 [main] DEBUG r.s.t.c.laba2.jdbc.UserDAOTest - Обычный пользователь: User{id=40040, login='testuser_василиса_носкова_1762755232711', role=user, enabled=true}
2025-11-23 18:05:03.116 [main] DEBUG r.s.t.c.laba2.jdbc.UserDAOTest - Обычный пользователь: User{id=40041, login='user_with_special_chars_测试_тест_1762755233041', role=user, enabled=true}
2025-11-23 18:05:03.117 [main] INFO  r.s.t.c.laba2.jdbc.UserDAOTest - Запуск теста: множественный поиск по IDs
2025-11-23 18:05:03.118 [main] INFO  r.s.tk.cheefkeef.laba2.jdbc.UserDAO - Создание нового пользователя: testuser_марина_копылова_1763906703118
2025-11-23 18:05:03.142 [main] INFO  r.s.tk.cheefkeef.laba2.jdbc.UserDAO - Пользователь testuser_марина_копылова_1763906703118 успешно создан с ID: 40261
2025-11-23 18:05:03.142 [main] DEBUG r.s.tk.cheefkeef.laba2.jdbc.UserDAO - Множественный поиск пользователей по IDs: [40255, 40261]
2025-11-23 18:05:03.330 [main] DEBUG r.s.tk.cheefkeef.laba2.jdbc.UserDAO - Найдено 2 пользователей из запрошенных 2
2025-11-23 18:05:03.333 [main] INFO  r.s.tk.cheefkeef.laba2.jdbc.UserDAO - Удаление пользователя с ID: 40261
2025-11-23 18:05:03.387 [main] INFO  r.s.tk.cheefkeef.laba2.jdbc.UserDAO - Пользователь с ID 40261 успешно удален
2025-11-23 18:05:03.387 [main] INFO  r.s.t.c.laba2.jdbc.UserDAOTest - Множественный поиск по IDs выполнен успешно
2025-11-23 18:05:03.388 [main] INFO  r.s.t.c.laba2.jdbc.UserDAOTest - Запуск теста: получение пользователей с сортировкой
2025-11-23 18:05:03.389 [main] DEBUG r.s.tk.cheefkeef.laba2.jdbc.UserDAO - Получение всех пользователей с сортировкой по полю: id, порядок: ASC
2025-11-23 18:05:03.415 [main] DEBUG r.s.tk.cheefkeef.laba2.jdbc.UserDAO - Успешно получено 113 пользователей с сортировкой
2025-11-23 18:05:03.415 [main] DEBUG r.s.tk.cheefkeef.laba2.jdbc.UserDAO - Получение всех пользователей с сортировкой по полю: id, порядок: DESC
2025-11-23 18:05:03.440 [main] DEBUG r.s.tk.cheefkeef.laba2.jdbc.UserDAO - Успешно получено 113 пользователей с сортировкой
2025-11-23 18:05:03.441 [main] DEBUG r.s.tk.cheefkeef.laba2.jdbc.UserDAO - Получение всех пользователей с сортировкой по полю: login, порядок: ASC
2025-11-23 18:05:03.467 [main] DEBUG r.s.tk.cheefkeef.laba2.jdbc.UserDAO - Успешно получено 113 пользователей с сортировкой
2025-11-23 18:05:03.467 [main] INFO  r.s.t.c.laba2.jdbc.UserDAOTest - Тест сортировки завершен: ASC=113, DESC=113, login=113
2025-11-23 18:05:03.468 [main] INFO  r.s.t.c.laba2.jdbc.UserDAOTest - Запуск теста: удаление пользователя по логину
2025-11-23 18:05:03.468 [main] INFO  r.s.tk.cheefkeef.laba2.jdbc.UserDAO - Создание нового пользователя: testuser_ольга_гущин_1763906703468
2025-11-23 18:05:03.601 [main] INFO  r.s.tk.cheefkeef.laba2.jdbc.UserDAO - Пользователь testuser_ольга_гущин_1763906703468 успешно создан с ID: 40262
2025-11-23 18:05:03.601 [main] INFO  r.s.tk.cheefkeef.laba2.jdbc.UserDAO - Удаление пользователя с login: testuser_ольга_гущин_1763906703468
2025-11-23 18:05:03.740 [main] INFO  r.s.tk.cheefkeef.laba2.jdbc.UserDAO - Пользователь с login testuser_ольга_гущин_1763906703468 успешно удален
2025-11-23 18:05:03.741 [main] DEBUG r.s.tk.cheefkeef.laba2.jdbc.UserDAO - Поиск пользователя по login: testuser_ольга_гущин_1763906703468
2025-11-23 18:05:03.893 [main] DEBUG r.s.tk.cheefkeef.laba2.jdbc.UserDAO - Пользователь с login testuser_ольга_гущин_1763906703468 не найден
2025-11-23 18:05:03.893 [main] INFO  r.s.t.c.laba2.jdbc.UserDAOTest - Пользователь с логином testuser_ольга_гущин_1763906703468 успешно удален
2025-11-23 18:05:03.894 [main] INFO  r.s.t.c.laba2.jdbc.UserDAOTest - Запуск теста: удаление основного тестового пользователя по ID
2025-11-23 18:05:03.894 [main] INFO  r.s.tk.cheefkeef.laba2.jdbc.UserDAO - Удаление пользователя с ID: 40255
2025-11-23 18:05:04.019 [main] INFO  r.s.tk.cheefkeef.laba2.jdbc.UserDAO - Пользователь с ID 40255 успешно удален
2025-11-23 18:05:04.019 [main] DEBUG r.s.tk.cheefkeef.laba2.jdbc.UserDAO - Поиск пользователя по ID: 40255
2025-11-23 18:05:04.041 [main] DEBUG r.s.tk.cheefkeef.laba2.jdbc.UserDAO - Пользователь с ID 40255 не найден
2025-11-23 18:05:04.041 [main] INFO  r.s.t.c.laba2.jdbc.UserDAOTest - Основной тестовый пользователь с ID 40255 успешно удален
2025-11-23 18:05:04.042 [main] INFO  r.s.t.c.laba2.jdbc.UserDAOTest - Запуск теста: проверка граничных случаев
2025-11-23 18:05:04.042 [main] DEBUG r.s.tk.cheefkeef.laba2.jdbc.UserDAO - Поиск пользователя по ID: -1
2025-11-23 18:05:04.064 [main] DEBUG r.s.tk.cheefkeef.laba2.jdbc.UserDAO - Пользователь с ID -1 не найден
2025-11-23 18:05:04.065 [main] DEBUG r.s.tk.cheefkeef.laba2.jdbc.UserDAO - Поиск пользователя по login: non_existent_login_12345
2025-11-23 18:05:04.088 [main] DEBUG r.s.tk.cheefkeef.laba2.jdbc.UserDAO - Пользователь с login non_existent_login_12345 не найден
2025-11-23 18:05:04.088 [main] INFO  r.s.tk.cheefkeef.laba2.jdbc.UserDAO - Удаление пользователя с ID: -1
2025-11-23 18:05:04.223 [main] WARN  r.s.tk.cheefkeef.laba2.jdbc.UserDAO - Пользователь с ID -1 не найден для удаления
2025-11-23 18:05:04.223 [main] DEBUG r.s.tk.cheefkeef.laba2.jdbc.UserDAO - Множественный поиск пользователей по IDs: []
2025-11-23 18:05:04.223 [main] DEBUG r.s.tk.cheefkeef.laba2.jdbc.UserDAO - Передан пустой список IDs
2025-11-23 18:05:04.223 [main] INFO  r.s.t.c.laba2.jdbc.UserDAOTest - Все граничные случаи обработаны корректно
2025-11-23 18:05:04.224 [main] INFO  r.s.t.c.laba2.jdbc.UserDAOTest - Запуск теста: создание пользователя со специальными символами
2025-11-23 18:05:04.224 [main] INFO  r.s.tk.cheefkeef.laba2.jdbc.UserDAO - Создание нового пользователя: user_with_special_chars_测试_тест_1763906704224
2025-11-23 18:05:04.373 [main] INFO  r.s.tk.cheefkeef.laba2.jdbc.UserDAO - Пользователь user_with_special_chars_测试_тест_1763906704224 успешно создан с ID: 40263
2025-11-23 18:05:04.374 [main] INFO  r.s.tk.cheefkeef.laba2.jdbc.UserDAO - Удаление пользователя с ID: 40263
2025-11-23 18:05:04.461 [main] INFO  r.s.tk.cheefkeef.laba2.jdbc.UserDAO - Пользователь с ID 40263 успешно удален
2025-11-23 18:05:04.461 [main] INFO  r.s.t.c.laba2.jdbc.UserDAOTest - Тест со специальными символами завершен успешно
2025-11-23 18:05:04.462 [main] INFO  r.s.t.c.laba2.jdbc.UserDAOTest - Запуск теста: поиск пользователей по роли с сортировкой
2025-11-23 18:05:04.470 [main] INFO  r.s.tk.cheefkeef.laba2.jdbc.UserDAO - Создание нового пользователя: zzz_last_user_1763906704469
2025-11-23 18:05:04.504 [main] INFO  r.s.tk.cheefkeef.laba2.jdbc.UserDAO - Пользователь zzz_last_user_1763906704469 успешно создан с ID: 40264
2025-11-23 18:05:04.505 [main] INFO  r.s.tk.cheefkeef.laba2.jdbc.UserDAO - Создание нового пользователя: aaa_first_user_1763906704470
2025-11-23 18:05:04.525 [main] INFO  r.s.tk.cheefkeef.laba2.jdbc.UserDAO - Пользователь aaa_first_user_1763906704470 успешно создан с ID: 40265
2025-11-23 18:05:04.526 [main] DEBUG r.s.tk.cheefkeef.laba2.jdbc.UserDAO - Поиск пользователей по роли editor с сортировкой по полю: login, порядок: ASC
2025-11-23 18:05:04.549 [main] DEBUG r.s.tk.cheefkeef.laba2.jdbc.UserDAO - Найдено 2 пользователей с ролью editor с сортировкой
2025-11-23 18:05:04.549 [main] DEBUG r.s.tk.cheefkeef.laba2.jdbc.UserDAO - Поиск пользователей по роли editor с сортировкой по полю: id, порядок: DESC
2025-11-23 18:05:04.571 [main] DEBUG r.s.tk.cheefkeef.laba2.jdbc.UserDAO - Найдено 2 пользователей с ролью editor с сортировкой
2025-11-23 18:05:04.571 [main] DEBUG r.s.tk.cheefkeef.laba2.jdbc.UserDAO - Поиск пользователей по роли editor с сортировкой по полю: invalid_field, порядок: ASC
2025-11-23 18:05:04.571 [main] WARN  r.s.tk.cheefkeef.laba2.jdbc.UserDAO - Недопустимое поле для сортировки: invalid_field, используется поле по умолчанию: id
2025-11-23 18:05:04.596 [main] DEBUG r.s.tk.cheefkeef.laba2.jdbc.UserDAO - Найдено 2 пользователей с ролью editor с сортировкой
2025-11-23 18:05:04.596 [main] INFO  r.s.t.c.laba2.jdbc.UserDAOTest - Тест findByRoleWithSorting успешно завершён
2025-11-23 18:05:04.596 [main] INFO  r.s.tk.cheefkeef.laba2.jdbc.UserDAO - Удаление пользователя с ID: 40264
2025-11-23 18:05:04.619 [main] INFO  r.s.tk.cheefkeef.laba2.jdbc.UserDAO - Пользователь с ID 40264 успешно удален
2025-11-23 18:05:04.620 [main] INFO  r.s.tk.cheefkeef.laba2.jdbc.UserDAO - Удаление пользователя с ID: 40265
2025-11-23 18:05:04.759 [main] INFO  r.s.tk.cheefkeef.laba2.jdbc.UserDAO - Пользователь с ID 40265 успешно удален
2025-11-23 18:05:04.761 [main] INFO  r.s.t.c.laba2.jdbc.UserDAOTest - Запуск теста производительности: поиск всех пользователей
2025-11-23 18:05:04.761 [main] INFO  r.s.tk.cheefkeef.laba2.jdbc.UserDAO - Начало получения всех пользователей
2025-11-23 18:05:04.792 [main] INFO  r.s.tk.cheefkeef.laba2.jdbc.UserDAO - Успешно получено 112 пользователей
2025-11-23 18:05:04.792 [main] INFO  r.s.t.c.laba2.jdbc.UserDAOTest - Поиск всех пользователей выполнен за 31 мс. Найдено 112 записей
2025-11-23 18:05:04.793 [main] INFO  r.s.t.c.laba2.jdbc.UserDAOTest - Завершение тестов UserDAO
2025-11-23 18:05:04.793 [main] INFO  r.s.tk.cheefkeef.laba2.jdbc.UserDAO - Удаление пользователя с ID: 40255
2025-11-23 18:05:04.927 [main] WARN  r.s.tk.cheefkeef.laba2.jdbc.UserDAO - Пользователь с ID 40255 не найден для удаления
2025-11-23 18:05:04.930 [main] DEBUG r.s.t.c.laba2.mapper.FunctionMapper - Преобразование Function(id=1) в FunctionDTO
2025-11-23 18:05:04.932 [main] WARN  r.s.t.c.laba2.mapper.FunctionMapper - Попытка преобразования null-объекта Function в DTO
2025-11-23 18:05:04.933 [main] WARN  r.s.t.c.laba2.mapper.FunctionMapper - Попытка преобразования null-объекта FunctionDTO в сущность
2025-11-23 18:05:04.934 [main] DEBUG r.s.t.c.laba2.mapper.FunctionMapper - Преобразование FunctionDTO в Function
2025-11-23 18:05:04.936 [main] DEBUG r.s.t.c.laba2.mapper.PointMapper - Преобразование Point(id=10) в PointDTO
2025-11-23 18:05:04.938 [main] WARN  r.s.t.c.laba2.mapper.PointMapper - Попытка преобразования null-объекта Point в DTO
2025-11-23 18:05:04.939 [main] WARN  r.s.t.c.laba2.mapper.PointMapper - Попытка преобразования null-объекта PointDTO в сущность
2025-11-23 18:05:04.940 [main] DEBUG r.s.t.c.laba2.mapper.PointMapper - Преобразование PointDTO в Point
2025-11-23 18:05:04.942 [main] WARN  r.s.t.c.laba2.mapper.UserMapper - Попытка преобразования null-объекта User в DTO
2025-11-23 18:05:04.943 [main] WARN  r.s.t.c.laba2.mapper.UserMapper - Попытка преобразования null-объекта UserDTO в сущность
2025-11-23 18:05:04.944 [main] DEBUG r.s.t.c.laba2.mapper.UserMapper - Преобразование User(id=5) в UserDTO
2025-11-23 18:05:04.945 [main] DEBUG r.s.t.c.laba2.mapper.UserMapper - Преобразование UserDTO в User
2025-11-23 18:05:04.956 [main] INFO  r.s.t.c.l.f.LinkedListTabulatedFunction - Creating LinkedListTabulatedFunction from arrays with length: 3
2025-11-23 18:05:04.956 [main] DEBUG r.s.t.c.l.f.LinkedListTabulatedFunction - Created first node in empty list
2025-11-23 18:05:04.956 [main] INFO  r.s.t.c.l.f.LinkedListTabulatedFunction - Successfully created LinkedListTabulatedFunction with 3 points
2025-11-23 18:05:04.956 [main] INFO  r.s.t.c.l.f.LinkedListTabulatedFunction - Creating LinkedListTabulatedFunction from arrays with length: 3
2025-11-23 18:05:04.956 [main] DEBUG r.s.t.c.l.f.LinkedListTabulatedFunction - Created first node in empty list
2025-11-23 18:05:04.956 [main] INFO  r.s.t.c.l.f.LinkedListTabulatedFunction - Successfully created LinkedListTabulatedFunction with 3 points
2025-11-23 18:05:04.958 [main] INFO  r.s.t.c.l.f.ArrayTabulatedFunction - Creating ArrayTabulatedFunction from arrays with length: 3
2025-11-23 18:05:04.958 [main] DEBUG r.s.t.c.l.f.ArrayTabulatedFunction - Successfully created ArrayTabulatedFunction with 3 points
2025-11-23 18:05:04.958 [main] INFO  r.s.t.c.l.f.ArrayTabulatedFunction - Creating ArrayTabulatedFunction from arrays with length: 3
2025-11-23 18:05:04.958 [main] DEBUG r.s.t.c.l.f.ArrayTabulatedFunction - Successfully created ArrayTabulatedFunction with 3 points
2025-11-23 18:05:04.958 [main] INFO  r.s.t.c.l.f.ArrayTabulatedFunction - Creating ArrayTabulatedFunction from arrays with length: 3
2025-11-23 18:05:04.958 [main] DEBUG r.s.t.c.l.f.ArrayTabulatedFunction - Successfully created ArrayTabulatedFunction with 3 points
2025-11-23 18:05:04.959 [main] INFO  r.s.t.c.l.f.ArrayTabulatedFunction - Creating ArrayTabulatedFunction from arrays with length: 3
2025-11-23 18:05:04.959 [main] DEBUG r.s.t.c.l.f.ArrayTabulatedFunction - Successfully created ArrayTabulatedFunction with 3 points
2025-11-23 18:05:04.959 [main] INFO  r.s.t.c.l.f.ArrayTabulatedFunction - Creating ArrayTabulatedFunction from arrays with length: 3
2025-11-23 18:05:04.959 [main] DEBUG r.s.t.c.l.f.ArrayTabulatedFunction - Successfully created ArrayTabulatedFunction with 3 points
2025-11-23 18:05:04.960 [main] INFO  r.s.t.c.l.f.ArrayTabulatedFunction - Creating ArrayTabulatedFunction from arrays with length: 2
2025-11-23 18:05:04.960 [main] DEBUG r.s.t.c.l.f.ArrayTabulatedFunction - Successfully created ArrayTabulatedFunction with 2 points
2025-11-23 18:05:04.961 [main] INFO  r.s.t.c.l.f.ArrayTabulatedFunction - Creating ArrayTabulatedFunction from arrays with length: 2
2025-11-23 18:05:04.961 [main] DEBUG r.s.t.c.l.f.ArrayTabulatedFunction - Successfully created ArrayTabulatedFunction with 2 points
2025-11-23 18:05:04.962 [main] INFO  r.s.t.c.l.f.ArrayTabulatedFunction - Creating ArrayTabulatedFunction from arrays with length: 4
2025-11-23 18:05:04.962 [main] DEBUG r.s.t.c.l.f.ArrayTabulatedFunction - Successfully created ArrayTabulatedFunction with 4 points
2025-11-23 18:05:04.962 [main] INFO  r.s.t.c.l.f.ArrayTabulatedFunction - Creating ArrayTabulatedFunction from arrays with length: 4
2025-11-23 18:05:04.962 [main] DEBUG r.s.t.c.l.f.ArrayTabulatedFunction - Successfully created ArrayTabulatedFunction with 4 points
2025-11-23 18:05:04.963 [main] INFO  r.s.t.c.l.f.LinkedListTabulatedFunction - Creating LinkedListTabulatedFunction from arrays with length: 3
2025-11-23 18:05:04.963 [main] DEBUG r.s.t.c.l.f.LinkedListTabulatedFunction - Created first node in empty list
2025-11-23 18:05:04.963 [main] INFO  r.s.t.c.l.f.LinkedListTabulatedFunction - Successfully created LinkedListTabulatedFunction with 3 points
2025-11-23 18:05:04.963 [main] INFO  r.s.t.c.l.f.LinkedListTabulatedFunction - Creating LinkedListTabulatedFunction from arrays with length: 3
2025-11-23 18:05:04.963 [main] DEBUG r.s.t.c.l.f.LinkedListTabulatedFunction - Created first node in empty list
2025-11-23 18:05:04.963 [main] INFO  r.s.t.c.l.f.LinkedListTabulatedFunction - Successfully created LinkedListTabulatedFunction with 3 points
2025-11-23 18:05:04.964 [main] INFO  r.s.t.c.l.f.ArrayTabulatedFunction - Creating ArrayTabulatedFunction from arrays with length: 4
2025-11-23 18:05:04.964 [main] DEBUG r.s.t.c.l.f.ArrayTabulatedFunction - Successfully created ArrayTabulatedFunction with 4 points
2025-11-23 18:05:04.964 [main] INFO  r.s.t.c.l.f.ArrayTabulatedFunction - Creating ArrayTabulatedFunction from arrays with length: 4
2025-11-23 18:05:04.964 [main] DEBUG r.s.t.c.l.f.ArrayTabulatedFunction - Successfully created ArrayTabulatedFunction with 4 points
2025-11-23 18:05:04.968 [main] INFO  r.s.t.c.l.f.ArrayTabulatedFunction - Creating ArrayTabulatedFunction from arrays with length: 4
2025-11-23 18:05:04.968 [main] DEBUG r.s.t.c.l.f.ArrayTabulatedFunction - Successfully created ArrayTabulatedFunction with 4 points
2025-11-23 18:05:04.968 [main] INFO  r.s.t.c.l.f.ArrayTabulatedFunction - Creating ArrayTabulatedFunction from arrays with length: 4
2025-11-23 18:05:04.968 [main] DEBUG r.s.t.c.l.f.ArrayTabulatedFunction - Successfully created ArrayTabulatedFunction with 4 points
2025-11-23 18:05:04.969 [main] INFO  r.s.t.c.l.f.ArrayTabulatedFunction - Creating ArrayTabulatedFunction from arrays with length: 4
2025-11-23 18:05:04.969 [main] DEBUG r.s.t.c.l.f.ArrayTabulatedFunction - Successfully created ArrayTabulatedFunction with 4 points
2025-11-23 18:05:04.969 [main] INFO  r.s.t.c.l.f.ArrayTabulatedFunction - Creating ArrayTabulatedFunction from arrays with length: 4
2025-11-23 18:05:04.969 [main] DEBUG r.s.t.c.l.f.ArrayTabulatedFunction - Successfully created ArrayTabulatedFunction with 4 points
2025-11-23 18:05:04.969 [main] INFO  r.s.t.c.l.f.ArrayTabulatedFunction - Creating ArrayTabulatedFunction from arrays with length: 3
2025-11-23 18:05:04.969 [main] DEBUG r.s.t.c.l.f.ArrayTabulatedFunction - Successfully created ArrayTabulatedFunction with 3 points
2025-11-23 18:05:04.970 [main] INFO  r.s.t.c.l.f.LinkedListTabulatedFunction - Creating LinkedListTabulatedFunction from arrays with length: 3
2025-11-23 18:05:04.970 [main] DEBUG r.s.t.c.l.f.LinkedListTabulatedFunction - Created first node in empty list
2025-11-23 18:05:04.970 [main] INFO  r.s.t.c.l.f.LinkedListTabulatedFunction - Successfully created LinkedListTabulatedFunction with 3 points
2025-11-23 18:05:04.970 [main] INFO  r.s.t.c.l.f.ArrayTabulatedFunction - Creating ArrayTabulatedFunction from arrays with length: 3
2025-11-23 18:05:04.971 [main] DEBUG r.s.t.c.l.f.ArrayTabulatedFunction - Successfully created ArrayTabulatedFunction with 3 points
2025-11-23 18:05:04.971 [main] INFO  r.s.t.c.l.f.ArrayTabulatedFunction - Creating ArrayTabulatedFunction from arrays with length: 3
2025-11-23 18:05:04.971 [main] DEBUG r.s.t.c.l.f.ArrayTabulatedFunction - Successfully created ArrayTabulatedFunction with 3 points
2025-11-23 18:05:04.972 [main] INFO  r.s.t.c.l.f.ArrayTabulatedFunction - Creating ArrayTabulatedFunction from arrays with length: 4
2025-11-23 18:05:04.972 [main] DEBUG r.s.t.c.l.f.ArrayTabulatedFunction - Successfully created ArrayTabulatedFunction with 4 points
2025-11-23 18:05:04.972 [main] INFO  r.s.t.c.l.f.ArrayTabulatedFunction - Creating ArrayTabulatedFunction from arrays with length: 4
2025-11-23 18:05:04.972 [main] DEBUG r.s.t.c.l.f.ArrayTabulatedFunction - Successfully created ArrayTabulatedFunction with 4 points
2025-11-23 18:05:04.974 [main] INFO  r.s.t.c.l.f.ArrayTabulatedFunction - Creating ArrayTabulatedFunction from arrays with length: 3
2025-11-23 18:05:04.974 [main] DEBUG r.s.t.c.l.f.ArrayTabulatedFunction - Successfully created ArrayTabulatedFunction with 3 points
2025-11-23 18:05:04.974 [main] INFO  r.s.t.c.l.f.LinkedListTabulatedFunction - Creating LinkedListTabulatedFunction from arrays with length: 3
2025-11-23 18:05:04.974 [main] DEBUG r.s.t.c.l.f.LinkedListTabulatedFunction - Created first node in empty list
2025-11-23 18:05:04.974 [main] INFO  r.s.t.c.l.f.LinkedListTabulatedFunction - Successfully created LinkedListTabulatedFunction with 3 points
2025-11-23 18:05:04.975 [main] INFO  r.s.t.c.l.f.ArrayTabulatedFunction - Creating ArrayTabulatedFunction from arrays with length: 3
2025-11-23 18:05:04.976 [main] DEBUG r.s.t.c.l.f.ArrayTabulatedFunction - Successfully created ArrayTabulatedFunction with 3 points
2025-11-23 18:05:04.977 [main] INFO  r.s.t.c.l.f.ArrayTabulatedFunction - Creating ArrayTabulatedFunction from arrays with length: 3
2025-11-23 18:05:04.977 [main] DEBUG r.s.t.c.l.f.ArrayTabulatedFunction - Successfully created ArrayTabulatedFunction with 3 points
2025-11-23 18:05:04.977 [main] INFO  r.s.t.c.l.f.ArrayTabulatedFunction - Creating ArrayTabulatedFunction from arrays with length: 2
2025-11-23 18:05:04.977 [main] DEBUG r.s.t.c.l.f.ArrayTabulatedFunction - Successfully created ArrayTabulatedFunction with 2 points
2025-11-23 18:05:04.979 [main] INFO  r.s.t.c.l.f.ArrayTabulatedFunction - Creating ArrayTabulatedFunction from arrays with length: 3
2025-11-23 18:05:04.979 [main] DEBUG r.s.t.c.l.f.ArrayTabulatedFunction - Successfully created ArrayTabulatedFunction with 3 points
2025-11-23 18:05:04.979 [main] INFO  r.s.t.c.l.f.LinkedListTabulatedFunction - Creating LinkedListTabulatedFunction from arrays with length: 3
2025-11-23 18:05:04.979 [main] DEBUG r.s.t.c.l.f.LinkedListTabulatedFunction - Created first node in empty list
2025-11-23 18:05:04.980 [main] INFO  r.s.t.c.l.f.LinkedListTabulatedFunction - Successfully created LinkedListTabulatedFunction with 3 points
2025-11-23 18:05:04.980 [main] INFO  r.s.t.c.l.f.LinkedListTabulatedFunction - Creating LinkedListTabulatedFunction from arrays with length: 3
2025-11-23 18:05:04.980 [main] DEBUG r.s.t.c.l.f.LinkedListTabulatedFunction - Created first node in empty list
2025-11-23 18:05:04.980 [main] INFO  r.s.t.c.l.f.LinkedListTabulatedFunction - Successfully created LinkedListTabulatedFunction with 3 points
2025-11-23 18:05:04.981 [main] INFO  r.s.t.c.l.f.ArrayTabulatedFunction - Creating ArrayTabulatedFunction from arrays with length: 2
2025-11-23 18:05:04.981 [main] DEBUG r.s.t.c.l.f.ArrayTabulatedFunction - Successfully created ArrayTabulatedFunction with 2 points
2025-11-23 18:05:04.982 [main] INFO  r.s.t.c.l.f.ArrayTabulatedFunction - Creating ArrayTabulatedFunction from arrays with length: 2
2025-11-23 18:05:04.982 [main] DEBUG r.s.t.c.l.f.ArrayTabulatedFunction - Successfully created ArrayTabulatedFunction with 2 points
2025-11-23 18:05:04.984 [main] INFO  r.s.t.c.l.f.ArrayTabulatedFunction - Creating ArrayTabulatedFunction from arrays with length: 2
2025-11-23 18:05:04.984 [main] DEBUG r.s.t.c.l.f.ArrayTabulatedFunction - Successfully created ArrayTabulatedFunction with 2 points
2025-11-23 18:05:04.984 [main] INFO  r.s.t.c.l.f.LinkedListTabulatedFunction - Creating LinkedListTabulatedFunction from arrays with length: 2
2025-11-23 18:05:04.984 [main] DEBUG r.s.t.c.l.f.LinkedListTabulatedFunction - Created first node in empty list
2025-11-23 18:05:04.984 [main] INFO  r.s.t.c.l.f.LinkedListTabulatedFunction - Successfully created LinkedListTabulatedFunction with 2 points
2025-11-23 18:05:04.984 [main] INFO  r.s.t.c.l.f.LinkedListTabulatedFunction - Creating LinkedListTabulatedFunction from arrays with length: 2
2025-11-23 18:05:04.984 [main] DEBUG r.s.t.c.l.f.LinkedListTabulatedFunction - Created first node in empty list
2025-11-23 18:05:04.984 [main] INFO  r.s.t.c.l.f.LinkedListTabulatedFunction - Successfully created LinkedListTabulatedFunction with 2 points
2025-11-23 18:05:04.986 [main] INFO  r.s.t.c.l.f.ArrayTabulatedFunction - Creating ArrayTabulatedFunction from arrays with length: 3
2025-11-23 18:05:04.986 [main] DEBUG r.s.t.c.l.f.ArrayTabulatedFunction - Successfully created ArrayTabulatedFunction with 3 points
2025-11-23 18:05:04.986 [main] INFO  r.s.t.c.l.f.ArrayTabulatedFunction - Creating ArrayTabulatedFunction from arrays with length: 3
2025-11-23 18:05:04.986 [main] DEBUG r.s.t.c.l.f.ArrayTabulatedFunction - Successfully created ArrayTabulatedFunction with 3 points
2025-11-23 18:05:04.986 [main] INFO  r.s.t.c.l.f.ArrayTabulatedFunction - Creating ArrayTabulatedFunction from arrays with length: 3
2025-11-23 18:05:04.986 [main] DEBUG r.s.t.c.l.f.ArrayTabulatedFunction - Successfully created ArrayTabulatedFunction with 3 points
2025-11-23 18:05:04.987 [main] INFO  r.s.t.c.l.f.ArrayTabulatedFunction - Creating ArrayTabulatedFunction from arrays with length: 3
2025-11-23 18:05:04.987 [main] DEBUG r.s.t.c.l.f.ArrayTabulatedFunction - Successfully created ArrayTabulatedFunction with 3 points
2025-11-23 18:05:04.988 [main] INFO  r.s.t.c.l.f.ArrayTabulatedFunction - Creating ArrayTabulatedFunction from arrays with length: 3
2025-11-23 18:05:04.988 [main] DEBUG r.s.t.c.l.f.ArrayTabulatedFunction - Successfully created ArrayTabulatedFunction with 3 points
2025-11-23 18:05:04.988 [main] INFO  r.s.t.c.l.f.ArrayTabulatedFunction - Creating ArrayTabulatedFunction from arrays with length: 3
2025-11-23 18:05:04.988 [main] DEBUG r.s.t.c.l.f.ArrayTabulatedFunction - Successfully created ArrayTabulatedFunction with 3 points
2025-11-23 18:05:04.989 [main] INFO  r.s.t.c.l.f.ArrayTabulatedFunction - Creating ArrayTabulatedFunction from arrays with length: 2
2025-11-23 18:05:04.989 [main] DEBUG r.s.t.c.l.f.ArrayTabulatedFunction - Successfully created ArrayTabulatedFunction with 2 points
2025-11-23 18:05:04.989 [main] INFO  r.s.t.c.l.f.ArrayTabulatedFunction - Creating ArrayTabulatedFunction from arrays with length: 2
2025-11-23 18:05:04.989 [main] DEBUG r.s.t.c.l.f.ArrayTabulatedFunction - Successfully created ArrayTabulatedFunction with 2 points
2025-11-23 18:05:04.991 [main] INFO  r.s.t.c.l.f.ArrayTabulatedFunction - Creating ArrayTabulatedFunction from arrays with length: 3
2025-11-23 18:05:04.991 [main] DEBUG r.s.t.c.l.f.ArrayTabulatedFunction - Successfully created ArrayTabulatedFunction with 3 points
2025-11-23 18:05:04.991 [main] INFO  r.s.t.c.l.f.LinkedListTabulatedFunction - Creating LinkedListTabulatedFunction from arrays with length: 3
2025-11-23 18:05:04.991 [main] DEBUG r.s.t.c.l.f.LinkedListTabulatedFunction - Created first node in empty list
2025-11-23 18:05:04.991 [main] INFO  r.s.t.c.l.f.LinkedListTabulatedFunction - Successfully created LinkedListTabulatedFunction with 3 points
2025-11-23 18:05:04.991 [main] INFO  r.s.t.c.l.f.LinkedListTabulatedFunction - Creating LinkedListTabulatedFunction from arrays with length: 3
2025-11-23 18:05:04.991 [main] DEBUG r.s.t.c.l.f.LinkedListTabulatedFunction - Created first node in empty list
2025-11-23 18:05:04.991 [main] INFO  r.s.t.c.l.f.LinkedListTabulatedFunction - Successfully created LinkedListTabulatedFunction with 3 points
2025-11-23 18:05:04.993 [main] INFO  r.s.t.c.l.f.ArrayTabulatedFunction - Creating ArrayTabulatedFunction from arrays with length: 3
2025-11-23 18:05:04.993 [main] DEBUG r.s.t.c.l.f.ArrayTabulatedFunction - Successfully created ArrayTabulatedFunction with 3 points
2025-11-23 18:05:04.998 [main] INFO  r.s.t.c.laba2.util.DtoTransformer - Преобразование данных функции из UI
2025-11-23 18:05:04.998 [main] DEBUG r.s.t.c.laba2.util.DtoTransformer - Создан FunctionDTO: userId=null, name=null
2025-11-23 18:05:05.000 [main] INFO  r.s.t.c.laba2.util.DtoTransformer - Массовое преобразование 1 точек из UI
2025-11-23 18:05:05.000 [main] INFO  r.s.t.c.laba2.util.DtoTransformer - Преобразование данных точки из UI
2025-11-23 18:05:05.000 [main] ERROR r.s.t.c.laba2.util.DtoTransformer - Ошибка при преобразовании данных точки: class java.lang.String cannot be cast to class java.lang.Integer (java.lang.String and java.lang.Integer are in module java.base of loader 'bootstrap')
2025-11-23 18:05:05.003 [main] INFO  r.s.t.c.laba2.util.DtoTransformer - Преобразование данных пользователя из UI
2025-11-23 18:05:05.004 [main] ERROR r.s.t.c.laba2.util.DtoTransformer - Ошибка при преобразовании данных пользователя: Cannot invoke "java.util.Map.get(Object)" because "uiData" is null
2025-11-23 18:05:05.006 [main] INFO  r.s.t.c.laba2.util.DtoTransformer - Преобразование данных функции из UI
2025-11-23 18:05:05.006 [main] ERROR r.s.t.c.laba2.util.DtoTransformer - Ошибка при преобразовании данных функции: class java.lang.String cannot be cast to class java.lang.Integer (java.lang.String and java.lang.Integer are in module java.base of loader 'bootstrap')
2025-11-23 18:05:05.007 [main] INFO  r.s.t.c.laba2.util.DtoTransformer - Преобразование данных пользователя из UI
2025-11-23 18:05:05.007 [main] DEBUG r.s.t.c.laba2.util.DtoTransformer - Создан UserDTO: login=user123, role=null
2025-11-23 18:05:05.008 [main] INFO  r.s.t.c.laba2.util.DtoTransformer - Преобразование данных функции из UI
2025-11-23 18:05:05.009 [main] DEBUG r.s.t.c.laba2.util.DtoTransformer - Создан FunctionDTO: userId=100, name=quadratic
2025-11-23 18:05:05.010 [main] INFO  r.s.t.c.laba2.util.DtoTransformer - Преобразование данных точки из UI
2025-11-23 18:05:05.010 [main] DEBUG r.s.t.c.laba2.util.DtoTransformer - Создан PointDTO: functionId=42, x=3.14, y=2.71
2025-11-23 18:05:05.012 [main] INFO  r.s.t.c.laba2.util.DtoTransformer - Преобразование данных точки из UI
2025-11-23 18:05:05.012 [main] DEBUG r.s.t.c.laba2.util.DtoTransformer - Создан PointDTO: functionId=42, x=3.14, y=null
2025-11-23 18:05:05.013 [main] INFO  r.s.t.c.laba2.util.DtoTransformer - Преобразование данных пользователя из UI
2025-11-23 18:05:05.013 [main] DEBUG r.s.t.c.laba2.util.DtoTransformer - Создан UserDTO: login=user123, role=ADMIN
2025-11-23 18:05:05.015 [main] INFO  r.s.t.c.laba2.util.DtoTransformer - Преобразование данных пользователя из UI
2025-11-23 18:05:05.015 [main] ERROR r.s.t.c.laba2.util.DtoTransformer - Ошибка при преобразовании данных пользователя: class java.lang.Integer cannot be cast to class java.lang.String (java.lang.Integer and java.lang.String are in module java.base of loader 'bootstrap')
2025-11-23 18:05:05.016 [main] INFO  r.s.t.c.laba2.util.DtoTransformer - Массовое преобразование 0 точек из UI
2025-11-23 18:05:05.017 [main] INFO  r.s.t.c.laba2.util.DtoTransformer - Успешно преобразовано 0 точек
2025-11-23 18:05:05.018 [main] INFO  r.s.t.c.laba2.util.DtoTransformer - Массовое преобразование 2 точек из UI
2025-11-23 18:05:05.019 [main] INFO  r.s.t.c.laba2.util.DtoTransformer - Преобразование данных точки из UI
2025-11-23 18:05:05.019 [main] DEBUG r.s.t.c.laba2.util.DtoTransformer - Создан PointDTO: functionId=1, x=1.0, y=1.0
2025-11-23 18:05:05.019 [main] INFO  r.s.t.c.laba2.util.DtoTransformer - Преобразование данных точки из UI
2025-11-23 18:05:05.019 [main] DEBUG r.s.t.c.laba2.util.DtoTransformer - Создан PointDTO: functionId=1, x=2.0, y=4.0
2025-11-23 18:05:05.019 [main] INFO  r.s.t.c.laba2.util.DtoTransformer - Успешно преобразовано 2 точек
2025-11-23 18:24:08.314 [main] INFO  r.s.t.c.l.f.LinkedListTabulatedFunction - Creating LinkedListTabulatedFunction from arrays with length: 3
2025-11-23 18:24:08.318 [main] DEBUG r.s.t.c.l.f.LinkedListTabulatedFunction - Created first node in empty list
2025-11-23 18:24:08.319 [main] INFO  r.s.t.c.l.f.LinkedListTabulatedFunction - Successfully created LinkedListTabulatedFunction with 3 points
2025-11-23 18:24:08.324 [main] DEBUG r.s.t.c.l.f.LinkedListTabulatedFunction - Found x=2.5 at index 2
2025-11-23 18:24:08.340 [main] INFO  r.s.t.c.l.f.ArrayTabulatedFunction - Creating ArrayTabulatedFunction from arrays with length: 2
2025-11-23 18:24:08.340 [main] DEBUG r.s.t.c.l.f.ArrayTabulatedFunction - Successfully created ArrayTabulatedFunction with 2 points
2025-11-23 18:24:08.343 [main] DEBUG r.s.t.c.l.f.ArrayTabulatedFunction - Set y[0] from 1.0 to 999.0
2025-11-23 18:24:08.344 [main] DEBUG r.s.t.c.l.f.ArrayTabulatedFunction - Set y[1] from 4.0 to 888.0
2025-11-23 18:24:08.347 [main] INFO  r.s.t.c.l.f.ArrayTabulatedFunction - Creating ArrayTabulatedFunction from arrays with length: 3
2025-11-23 18:24:08.348 [main] DEBUG r.s.t.c.l.f.ArrayTabulatedFunction - Successfully created ArrayTabulatedFunction with 3 points
2025-11-23 18:24:08.348 [main] DEBUG r.s.t.c.l.f.ArrayTabulatedFunction - Found x=0.0 at index 0
2025-11-23 18:24:08.348 [main] DEBUG r.s.t.c.l.f.ArrayTabulatedFunction - Found x=1.0 at index 1
2025-11-23 18:24:08.348 [main] DEBUG r.s.t.c.l.f.ArrayTabulatedFunction - x=1.5 not found in xValues
2025-11-23 18:24:08.348 [main] DEBUG r.s.t.c.l.f.ArrayTabulatedFunction - Floor index for x=1.5 is 1
2025-11-23 18:24:08.349 [main] DEBUG r.s.t.c.l.f.ArrayTabulatedFunction - Interpolation for x=1.5 at floorIndex=1: result=2.5
2025-11-23 18:24:08.351 [main] INFO  r.s.t.c.l.f.ArrayTabulatedFunction - Creating ArrayTabulatedFunction from arrays with length: 2
2025-11-23 18:24:08.351 [main] DEBUG r.s.t.c.l.f.ArrayTabulatedFunction - Successfully created ArrayTabulatedFunction with 2 points
2025-11-23 18:24:08.351 [main] DEBUG r.s.t.c.l.f.ArrayTabulatedFunction - Set y[0] from 10.0 to 100.0
2025-11-23 18:24:08.353 [main] INFO  r.s.t.c.l.f.ArrayTabulatedFunction - Creating ArrayTabulatedFunction from arrays with length: 3
2025-11-23 18:24:08.353 [main] DEBUG r.s.t.c.l.f.ArrayTabulatedFunction - Successfully created ArrayTabulatedFunction with 3 points
2025-11-23 18:24:08.359 [main] INFO  r.s.t.c.l.f.ArrayTabulatedFunction - Creating ArrayTabulatedFunction from arrays with length: 3
2025-11-23 18:24:08.359 [main] DEBUG r.s.t.c.l.f.ArrayTabulatedFunction - Successfully created ArrayTabulatedFunction with 3 points
2025-11-23 18:24:08.362 [main] INFO  r.s.t.c.l.f.ArrayTabulatedFunction - Creating ArrayTabulatedFunction from arrays with length: 3
2025-11-23 18:24:08.362 [main] DEBUG r.s.t.c.l.f.ArrayTabulatedFunction - Successfully created ArrayTabulatedFunction with 3 points
2025-11-23 18:24:08.366 [main] INFO  r.s.t.c.l.f.ArrayTabulatedFunction - Creating ArrayTabulatedFunction from arrays with length: 3
2025-11-23 18:24:08.367 [main] DEBUG r.s.t.c.l.f.ArrayTabulatedFunction - Successfully created ArrayTabulatedFunction with 3 points
2025-11-23 18:24:08.367 [main] DEBUG r.s.t.c.l.f.ArrayTabulatedFunction - Found y=30.0 at index 2
2025-11-23 18:24:08.370 [main] INFO  r.s.t.c.l.f.LinkedListTabulatedFunction - Creating LinkedListTabulatedFunction from arrays with length: 2
2025-11-23 18:24:08.370 [main] DEBUG r.s.t.c.l.f.LinkedListTabulatedFunction - Created first node in empty list
2025-11-23 18:24:08.370 [main] INFO  r.s.t.c.l.f.LinkedListTabulatedFunction - Successfully created LinkedListTabulatedFunction with 2 points
2025-11-23 18:24:08.378 [main] INFO  r.s.t.c.l.f.ArrayTabulatedFunction - Creating ArrayTabulatedFunction from arrays with length: 2
2025-11-23 18:24:08.378 [main] DEBUG r.s.t.c.l.f.ArrayTabulatedFunction - Successfully created ArrayTabulatedFunction with 2 points
2025-11-23 18:24:08.379 [main] DEBUG r.s.t.c.l.f.ArrayTabulatedFunction - Set y[0] from 10.0 to 20.0
2025-11-23 18:24:08.380 [main] DEBUG r.s.t.c.l.f.ArrayTabulatedFunction - Set y[1] from 20.0 to 40.0
2025-11-23 18:24:08.382 [main] INFO  r.s.t.c.l.f.ArrayTabulatedFunction - Creating ArrayTabulatedFunction from arrays with length: 2
2025-11-23 18:24:08.382 [main] DEBUG r.s.t.c.l.f.ArrayTabulatedFunction - Successfully created ArrayTabulatedFunction with 2 points
2025-11-23 18:24:08.386 [main] INFO  r.s.t.c.l.f.ArrayTabulatedFunction - Creating ArrayTabulatedFunction from arrays with length: 2
2025-11-23 18:24:08.386 [main] DEBUG r.s.t.c.l.f.ArrayTabulatedFunction - Successfully created ArrayTabulatedFunction with 2 points
2025-11-23 18:24:08.400 [main] INFO  r.s.t.c.l.f.ArrayTabulatedFunction - Creating ArrayTabulatedFunction from arrays with length: 3
2025-11-23 18:24:08.400 [main] DEBUG r.s.t.c.l.f.ArrayTabulatedFunction - Successfully created ArrayTabulatedFunction with 3 points
2025-11-23 18:24:08.403 [main] INFO  r.s.t.c.l.f.LinkedListTabulatedFunction - Creating LinkedListTabulatedFunction from arrays with length: 2
2025-11-23 18:24:08.403 [main] DEBUG r.s.t.c.l.f.LinkedListTabulatedFunction - Created first node in empty list
2025-11-23 18:24:08.403 [main] INFO  r.s.t.c.l.f.LinkedListTabulatedFunction - Successfully created LinkedListTabulatedFunction with 2 points
2025-11-23 18:24:08.422 [main] INFO  r.s.t.c.l.f.ArrayTabulatedFunction - Creating ArrayTabulatedFunction from arrays with length: 3
2025-11-23 18:24:08.422 [main] DEBUG r.s.t.c.l.f.ArrayTabulatedFunction - Successfully created ArrayTabulatedFunction with 3 points
2025-11-23 18:24:08.423 [main] INFO  r.s.t.c.l.f.ArrayTabulatedFunction - Removing point at index -1
2025-11-23 18:24:08.423 [main] ERROR r.s.t.c.l.f.ArrayTabulatedFunction - Index out of bounds: index=-1, count=3
2025-11-23 18:24:08.425 [main] INFO  r.s.t.c.l.f.ArrayTabulatedFunction - Creating ArrayTabulatedFunction from arrays with length: 2
2025-11-23 18:24:08.426 [main] DEBUG r.s.t.c.l.f.ArrayTabulatedFunction - Successfully created ArrayTabulatedFunction with 2 points
2025-11-23 18:24:08.426 [main] DEBUG r.s.t.c.l.f.ArrayTabulatedFunction - Left extrapolation for x=0.0: result=-2.0
2025-11-23 18:24:08.429 [main] INFO  r.s.t.c.l.f.ArrayTabulatedFunction - Creating ArrayTabulatedFunction from function: xFrom=0.0, xTo=1.0, count=1
2025-11-23 18:24:08.431 [main] INFO  r.s.t.c.l.f.ArrayTabulatedFunction - Creating ArrayTabulatedFunction from arrays with length: 3
2025-11-23 18:24:08.431 [main] DEBUG r.s.t.c.l.f.ArrayTabulatedFunction - Successfully created ArrayTabulatedFunction with 3 points
2025-11-23 18:24:08.432 [main] INFO  r.s.t.c.l.f.ArrayTabulatedFunction - Creating ArrayTabulatedFunction from arrays with length: 5
2025-11-23 18:24:08.433 [main] DEBUG r.s.t.c.l.f.ArrayTabulatedFunction - Successfully created ArrayTabulatedFunction with 5 points
2025-11-23 18:24:08.433 [main] ERROR r.s.t.c.l.f.ArrayTabulatedFunction - Interpolation error: x=2.5 not in interval [5.0, 6.0]
2025-11-23 18:24:08.435 [main] INFO  r.s.t.c.l.f.ArrayTabulatedFunction - Creating ArrayTabulatedFunction from function: xFrom=5.0, xTo=5.0, count=4
2025-11-23 18:24:08.436 [main] DEBUG r.s.t.c.l.f.ArrayTabulatedFunction - xFrom equals xTo, creating constant function
2025-11-23 18:24:08.436 [main] INFO  r.s.t.c.l.f.ArrayTabulatedFunction - Successfully created ArrayTabulatedFunction from source function
2025-11-23 18:24:08.439 [main] INFO  r.s.t.c.l.f.ArrayTabulatedFunction - Creating ArrayTabulatedFunction from arrays with length: 2
2025-11-23 18:24:08.439 [main] DEBUG r.s.t.c.l.f.ArrayTabulatedFunction - Successfully created ArrayTabulatedFunction with 2 points
2025-11-23 18:24:08.439 [main] INFO  r.s.t.c.l.f.ArrayTabulatedFunction - Inserting point: x=3.0, y=30.0
2025-11-23 18:24:08.439 [main] DEBUG r.s.t.c.l.f.ArrayTabulatedFunction - x=3.0 not found in xValues
2025-11-23 18:24:08.439 [main] DEBUG r.s.t.c.l.f.ArrayTabulatedFunction - Successfully inserted point at index 2. New count: 3
2025-11-23 18:24:08.441 [main] INFO  r.s.t.c.l.f.ArrayTabulatedFunction - Creating ArrayTabulatedFunction from arrays with length: 3
2025-11-23 18:24:08.441 [main] DEBUG r.s.t.c.l.f.ArrayTabulatedFunction - Successfully created ArrayTabulatedFunction with 3 points
2025-11-23 18:24:08.441 [main] DEBUG r.s.t.c.l.f.ArrayTabulatedFunction - Floor index for x=1.5 is 0
2025-11-23 18:24:08.441 [main] DEBUG r.s.t.c.l.f.ArrayTabulatedFunction - Floor index for x=2.0 is 1
2025-11-23 18:24:08.441 [main] DEBUG r.s.t.c.l.f.ArrayTabulatedFunction - Floor index for x=2.5 is 1
2025-11-23 18:24:08.441 [main] DEBUG r.s.t.c.l.f.ArrayTabulatedFunction - Floor index for x=3.0 is 2
2025-11-23 18:24:08.443 [main] INFO  r.s.t.c.l.f.ArrayTabulatedFunction - Creating ArrayTabulatedFunction from arrays with length: 3
2025-11-23 18:24:08.444 [main] DEBUG r.s.t.c.l.f.ArrayTabulatedFunction - Successfully created ArrayTabulatedFunction with 3 points
2025-11-23 18:24:08.444 [main] ERROR r.s.t.c.l.f.ArrayTabulatedFunction - Interpolation error: x=1.5 not in interval [0.0, 1.0]
2025-11-23 18:24:08.446 [main] INFO  r.s.t.c.l.f.ArrayTabulatedFunction - Creating ArrayTabulatedFunction from arrays with length: 3
2025-11-23 18:24:08.447 [main] DEBUG r.s.t.c.l.f.ArrayTabulatedFunction - Successfully created ArrayTabulatedFunction with 3 points
2025-11-23 18:24:08.447 [main] DEBUG r.s.t.c.l.f.ArrayTabulatedFunction - Interpolation at last point, returning y[2] = 4.0
2025-11-23 18:24:08.449 [main] INFO  r.s.t.c.l.f.ArrayTabulatedFunction - Creating ArrayTabulatedFunction from arrays with length: 2
2025-11-23 18:24:08.449 [main] DEBUG r.s.t.c.l.f.ArrayTabulatedFunction - Successfully created ArrayTabulatedFunction with 2 points
2025-11-23 18:24:08.449 [main] DEBUG r.s.t.c.l.f.ArrayTabulatedFunction - Right extrapolation for x=3.0: result=7.0
2025-11-23 18:24:08.451 [main] INFO  r.s.t.c.l.f.ArrayTabulatedFunction - Creating ArrayTabulatedFunction from arrays with length: 2
2025-11-23 18:24:08.451 [main] DEBUG r.s.t.c.l.f.ArrayTabulatedFunction - Successfully created ArrayTabulatedFunction with 2 points
2025-11-23 18:24:08.452 [main] INFO  r.s.t.c.l.f.ArrayTabulatedFunction - Creating ArrayTabulatedFunction from function: xFrom=0.0, xTo=2.0, count=3
2025-11-23 18:24:08.452 [main] DEBUG r.s.t.c.l.f.ArrayTabulatedFunction - Step size: 1.0
2025-11-23 18:24:08.453 [main] INFO  r.s.t.c.l.f.ArrayTabulatedFunction - Successfully created ArrayTabulatedFunction from source function
2025-11-23 18:24:08.454 [main] INFO  r.s.t.c.l.f.ArrayTabulatedFunction - Creating ArrayTabulatedFunction from arrays with length: 2
2025-11-23 18:24:08.454 [main] DEBUG r.s.t.c.l.f.ArrayTabulatedFunction - Successfully created ArrayTabulatedFunction with 2 points
2025-11-23 18:24:08.456 [main] INFO  r.s.t.c.l.f.ArrayTabulatedFunction - Creating ArrayTabulatedFunction from arrays with length: 2
2025-11-23 18:24:08.456 [main] DEBUG r.s.t.c.l.f.ArrayTabulatedFunction - Successfully created ArrayTabulatedFunction with 2 points
2025-11-23 18:24:08.458 [main] INFO  r.s.t.c.l.f.ArrayTabulatedFunction - Creating ArrayTabulatedFunction from arrays with length: 2
2025-11-23 18:24:08.458 [main] DEBUG r.s.t.c.l.f.ArrayTabulatedFunction - Successfully created ArrayTabulatedFunction with 2 points
2025-11-23 18:24:08.458 [main] DEBUG r.s.t.c.l.f.ArrayTabulatedFunction - Set y[0] from 1.0 to 5.0
2025-11-23 18:24:08.462 [main] INFO  r.s.t.c.l.f.ArrayTabulatedFunction - Creating ArrayTabulatedFunction from arrays with length: 3
2025-11-23 18:24:08.462 [main] DEBUG r.s.t.c.l.f.ArrayTabulatedFunction - Successfully created ArrayTabulatedFunction with 3 points
2025-11-23 18:24:08.462 [main] DEBUG r.s.t.c.l.f.ArrayTabulatedFunction - Found x=2.0 at index 1
2025-11-23 18:24:08.462 [main] DEBUG r.s.t.c.l.f.ArrayTabulatedFunction - x=5.0 not found in xValues
2025-11-23 18:24:08.464 [main] INFO  r.s.t.c.l.f.ArrayTabulatedFunction - Creating ArrayTabulatedFunction from arrays with length: 3
2025-11-23 18:24:08.464 [main] DEBUG r.s.t.c.l.f.ArrayTabulatedFunction - Successfully created ArrayTabulatedFunction with 3 points
2025-11-23 18:24:08.464 [main] DEBUG r.s.t.c.l.f.ArrayTabulatedFunction - Found y=4.0 at index 1
2025-11-23 18:24:08.464 [main] DEBUG r.s.t.c.l.f.ArrayTabulatedFunction - y=5.0 not found in yValues
2025-11-23 18:24:08.466 [main] INFO  r.s.t.c.l.f.ArrayTabulatedFunction - Creating ArrayTabulatedFunction from arrays with length: 2
2025-11-23 18:24:08.466 [main] DEBUG r.s.t.c.l.f.ArrayTabulatedFunction - Successfully created ArrayTabulatedFunction with 2 points
2025-11-23 18:24:08.468 [main] ERROR r.s.t.c.l.f.ArrayTabulatedFunction - Index out of bounds: index=-1, count=2
2025-11-23 18:24:08.469 [main] ERROR r.s.t.c.l.f.ArrayTabulatedFunction - Index out of bounds: index=2, count=2
2025-11-23 18:24:08.472 [main] INFO  r.s.t.c.l.f.ArrayTabulatedFunction - Creating ArrayTabulatedFunction from arrays with length: 2
2025-11-23 18:24:08.472 [main] DEBUG r.s.t.c.l.f.ArrayTabulatedFunction - Successfully created ArrayTabulatedFunction with 2 points
2025-11-23 18:24:08.472 [main] DEBUG r.s.t.c.l.f.ArrayTabulatedFunction - x=1.0 not found in xValues
2025-11-23 18:24:08.472 [main] DEBUG r.s.t.c.l.f.ArrayTabulatedFunction - Floor index for x=1.0 is 0
2025-11-23 18:24:08.472 [main] DEBUG r.s.t.c.l.f.ArrayTabulatedFunction - Interpolation for x=1.0 at floorIndex=0: result=2.0
2025-11-23 18:24:08.474 [main] INFO  r.s.t.c.l.f.ArrayTabulatedFunction - Creating ArrayTabulatedFunction from arrays with length: 3
2025-11-23 18:24:08.474 [main] DEBUG r.s.t.c.l.f.ArrayTabulatedFunction - Successfully created ArrayTabulatedFunction with 3 points
2025-11-23 18:24:08.474 [main] ERROR r.s.t.c.l.f.ArrayTabulatedFunction - X value 0.5 is less than left bound 1.0
2025-11-23 18:24:08.479 [main] INFO  r.s.t.c.l.f.ArrayTabulatedFunction - Creating ArrayTabulatedFunction from arrays with length: 3
2025-11-23 18:24:08.479 [main] DEBUG r.s.t.c.l.f.ArrayTabulatedFunction - Successfully created ArrayTabulatedFunction with 3 points
2025-11-23 18:24:08.480 [main] INFO  r.s.t.c.l.f.ArrayTabulatedFunction - Inserting point: x=2.0, y=25.0
2025-11-23 18:24:08.481 [main] DEBUG r.s.t.c.l.f.ArrayTabulatedFunction - Found x=2.0 at index 1
2025-11-23 18:24:08.481 [main] DEBUG r.s.t.c.l.f.ArrayTabulatedFunction - Point with x=2.0 already exists at index 1, updating y value
2025-11-23 18:24:08.484 [main] INFO  r.s.t.c.l.f.ArrayTabulatedFunction - Creating ArrayTabulatedFunction from arrays with length: 2
2025-11-23 18:24:08.484 [main] DEBUG r.s.t.c.l.f.ArrayTabulatedFunction - Successfully created ArrayTabulatedFunction with 2 points
2025-11-23 18:24:08.485 [main] ERROR r.s.t.c.l.f.ArrayTabulatedFunction - Index out of bounds: index=-1, count=2
2025-11-23 18:24:08.486 [main] ERROR r.s.t.c.l.f.ArrayTabulatedFunction - Index out of bounds: index=2, count=2
2025-11-23 18:24:08.488 [main] INFO  r.s.t.c.l.f.ArrayTabulatedFunction - Creating ArrayTabulatedFunction from arrays with length: 2
2025-11-23 18:24:08.489 [main] DEBUG r.s.t.c.l.f.ArrayTabulatedFunction - Successfully created ArrayTabulatedFunction with 2 points
2025-11-23 18:24:08.489 [main] ERROR r.s.t.c.l.f.ArrayTabulatedFunction - Index out of bounds: index=-1, count=2
2025-11-23 18:24:08.490 [main] ERROR r.s.t.c.l.f.ArrayTabulatedFunction - Index out of bounds: index=2, count=2
2025-11-23 18:24:08.491 [main] ERROR r.s.t.c.l.f.ArrayTabulatedFunction - Index out of bounds: index=5, count=2
2025-11-23 18:24:08.495 [main] INFO  r.s.t.c.l.f.ArrayTabulatedFunction - Creating ArrayTabulatedFunction from arrays with length: 3
2025-11-23 18:24:08.496 [main] DEBUG r.s.t.c.l.f.ArrayTabulatedFunction - Successfully created ArrayTabulatedFunction with 3 points
2025-11-23 18:24:08.496 [main] INFO  r.s.t.c.l.f.ArrayTabulatedFunction - Removing point at index 1
2025-11-23 18:24:08.496 [main] DEBUG r.s.t.c.l.f.ArrayTabulatedFunction - Successfully removed point at index 1. New count: 2
2025-11-23 18:24:08.501 [main] INFO  r.s.t.c.l.f.ArrayTabulatedFunction - Creating ArrayTabulatedFunction from function: xFrom=2.0, xTo=0.0, count=3
2025-11-23 18:24:08.502 [main] WARN  r.s.t.c.l.f.ArrayTabulatedFunction - xFrom (2.0) > xTo (0.0), swapping values
2025-11-23 18:24:08.502 [main] DEBUG r.s.t.c.l.f.ArrayTabulatedFunction - Step size: 1.0
2025-11-23 18:24:08.502 [main] INFO  r.s.t.c.l.f.ArrayTabulatedFunction - Successfully created ArrayTabulatedFunction from source function
2025-11-23 18:24:08.503 [main] INFO  r.s.t.c.l.f.ArrayTabulatedFunction - Creating ArrayTabulatedFunction from arrays with length: 3
2025-11-23 18:24:08.503 [main] DEBUG r.s.t.c.l.f.ArrayTabulatedFunction - Successfully created ArrayTabulatedFunction with 3 points
2025-11-23 18:24:08.504 [main] INFO  r.s.t.c.l.f.ArrayTabulatedFunction - Inserting point: x=3.0, y=30.0
2025-11-23 18:24:08.504 [main] DEBUG r.s.t.c.l.f.ArrayTabulatedFunction - x=3.0 not found in xValues
2025-11-23 18:24:08.504 [main] DEBUG r.s.t.c.l.f.ArrayTabulatedFunction - Successfully inserted point at index 2. New count: 4
2025-11-23 18:24:08.507 [main] INFO  r.s.t.c.l.f.ArrayTabulatedFunction - Creating ArrayTabulatedFunction from arrays with length: 4
2025-11-23 18:24:08.507 [main] DEBUG r.s.t.c.l.f.ArrayTabulatedFunction - Successfully created ArrayTabulatedFunction with 4 points
2025-11-23 18:24:08.509 [main] INFO  r.s.t.c.l.f.ArrayTabulatedFunction - Creating ArrayTabulatedFunction from arrays with length: 2
2025-11-23 18:24:08.509 [main] DEBUG r.s.t.c.l.f.ArrayTabulatedFunction - Successfully created ArrayTabulatedFunction with 2 points
2025-11-23 18:24:08.510 [main] INFO  r.s.t.c.l.f.ArrayTabulatedFunction - Inserting point: x=1.0, y=10.0
2025-11-23 18:24:08.510 [main] DEBUG r.s.t.c.l.f.ArrayTabulatedFunction - x=1.0 not found in xValues
2025-11-23 18:24:08.510 [main] DEBUG r.s.t.c.l.f.ArrayTabulatedFunction - Successfully inserted point at index 0. New count: 3
2025-11-23 18:24:08.512 [main] INFO  r.s.t.c.l.f.ArrayTabulatedFunction - Creating ArrayTabulatedFunction from arrays with length: 3
2025-11-23 18:24:08.512 [main] DEBUG r.s.t.c.l.f.ArrayTabulatedFunction - Successfully created ArrayTabulatedFunction with 3 points
2025-11-23 18:24:08.517 [main] INFO  r.s.t.c.l.f.ArrayTabulatedFunction - Creating ArrayTabulatedFunction from arrays with length: 2
2025-11-23 18:24:08.517 [main] DEBUG r.s.t.c.l.f.ArrayTabulatedFunction - Successfully created ArrayTabulatedFunction with 2 points
2025-11-23 18:24:08.518 [main] INFO  r.s.t.c.l.f.ArrayTabulatedFunction - Removing point at index 0
2025-11-23 18:24:08.518 [main] ERROR r.s.t.c.l.f.ArrayTabulatedFunction - Cannot remove point - minimum points count reached (current: 2)
2025-11-23 18:24:08.520 [main] INFO  r.s.t.c.l.f.ArrayTabulatedFunction - Removing point at index 1
2025-11-23 18:24:08.521 [main] ERROR r.s.t.c.l.f.ArrayTabulatedFunction - Cannot remove point - minimum points count reached (current: 2)
2025-11-23 18:24:08.522 [main] INFO  r.s.t.c.l.f.ArrayTabulatedFunction - Creating ArrayTabulatedFunction from arrays with length: 4
2025-11-23 18:24:08.523 [main] DEBUG r.s.t.c.l.f.ArrayTabulatedFunction - Successfully created ArrayTabulatedFunction with 4 points
2025-11-23 18:24:08.526 [main] ERROR r.s.t.c.l.f.ArrayTabulatedFunction - Iterator has no more elements
2025-11-23 18:24:08.529 [main] INFO  r.s.t.c.l.f.ArrayTabulatedFunction - Creating ArrayTabulatedFunction from arrays with length: 4
2025-11-23 18:24:08.530 [main] DEBUG r.s.t.c.l.f.ArrayTabulatedFunction - Successfully created ArrayTabulatedFunction with 4 points
2025-11-23 18:24:08.534 [main] INFO  r.s.t.c.l.f.ArrayTabulatedFunction - Creating ArrayTabulatedFunction from arrays with length: 2
2025-11-23 18:24:08.534 [main] DEBUG r.s.t.c.l.f.ArrayTabulatedFunction - Successfully created ArrayTabulatedFunction with 2 points
2025-11-23 18:24:08.559 [main] INFO  r.s.t.c.l.f.LinkedListTabulatedFunction - Creating LinkedListTabulatedFunction from arrays with length: 3
2025-11-23 18:24:08.560 [main] DEBUG r.s.t.c.l.f.LinkedListTabulatedFunction - Created first node in empty list
2025-11-23 18:24:08.560 [main] INFO  r.s.t.c.l.f.LinkedListTabulatedFunction - Successfully created LinkedListTabulatedFunction with 3 points
2025-11-23 18:24:08.560 [main] DEBUG r.s.t.c.l.f.LinkedListTabulatedFunction - Found x=2.0 at index 1
2025-11-23 18:24:08.560 [main] DEBUG r.s.t.c.l.f.LinkedListTabulatedFunction - x=1.5 not found in list
2025-11-23 18:24:08.560 [main] DEBUG r.s.t.c.l.f.LinkedListTabulatedFunction - Floor index for x=1.5 is 0
2025-11-23 18:24:08.560 [main] DEBUG r.s.t.c.l.f.LinkedListTabulatedFunction - Interpolation for x=1.5 at floorIndex=0: result=15.0
2025-11-23 18:24:08.561 [main] INFO  r.s.t.c.l.f.ArrayTabulatedFunction - Creating ArrayTabulatedFunction from function: xFrom=0.0, xTo=2.0, count=3
2025-11-23 18:24:08.561 [main] DEBUG r.s.t.c.l.f.ArrayTabulatedFunction - Step size: 1.0
2025-11-23 18:24:08.561 [main] INFO  r.s.t.c.l.f.ArrayTabulatedFunction - Successfully created ArrayTabulatedFunction from source function
2025-11-23 18:24:08.562 [main] DEBUG r.s.t.c.l.f.ArrayTabulatedFunction - Found x=1.0 at index 1
2025-11-23 18:24:08.562 [main] DEBUG r.s.t.c.l.f.ArrayTabulatedFunction - Found x=2.0 at index 2
2025-11-23 18:24:08.562 [main] DEBUG r.s.t.c.l.f.ArrayTabulatedFunction - x=1.5 not found in xValues
2025-11-23 18:24:08.562 [main] DEBUG r.s.t.c.l.f.ArrayTabulatedFunction - Floor index for x=1.5 is 1
2025-11-23 18:24:08.562 [main] DEBUG r.s.t.c.l.f.ArrayTabulatedFunction - Interpolation for x=1.5 at floorIndex=1: result=2.5
2025-11-23 18:24:08.563 [main] INFO  r.s.t.c.l.f.ArrayTabulatedFunction - Creating ArrayTabulatedFunction from function: xFrom=0.0, xTo=2.0, count=3
2025-11-23 18:24:08.564 [main] DEBUG r.s.t.c.l.f.ArrayTabulatedFunction - Step size: 1.0
2025-11-23 18:24:08.564 [main] INFO  r.s.t.c.l.f.ArrayTabulatedFunction - Successfully created ArrayTabulatedFunction from source function
2025-11-23 18:24:08.565 [main] INFO  r.s.t.c.l.f.LinkedListTabulatedFunction - Creating LinkedListTabulatedFunction from function: xFrom=0.0, xTo=4.0, count=3
2025-11-23 18:24:08.565 [main] DEBUG r.s.t.c.l.f.LinkedListTabulatedFunction - Step size: 2.0
2025-11-23 18:24:08.565 [main] DEBUG r.s.t.c.l.f.LinkedListTabulatedFunction - Created first node in empty list
2025-11-23 18:24:08.565 [main] INFO  r.s.t.c.l.f.LinkedListTabulatedFunction - Successfully created LinkedListTabulatedFunction from source function
2025-11-23 18:24:08.565 [main] DEBUG r.s.t.c.l.f.ArrayTabulatedFunction - Found x=0.0 at index 0
2025-11-23 18:24:08.565 [main] DEBUG r.s.t.c.l.f.LinkedListTabulatedFunction - Found x=0.0 at index 0
2025-11-23 18:24:08.566 [main] DEBUG r.s.t.c.l.f.ArrayTabulatedFunction - Found x=1.0 at index 1
2025-11-23 18:24:08.566 [main] DEBUG r.s.t.c.l.f.LinkedListTabulatedFunction - x=1.0 not found in list
2025-11-23 18:24:08.566 [main] DEBUG r.s.t.c.l.f.LinkedListTabulatedFunction - Floor index for x=1.0 is 0
2025-11-23 18:24:08.566 [main] DEBUG r.s.t.c.l.f.LinkedListTabulatedFunction - Interpolation for x=1.0 at floorIndex=0: result=2.0
2025-11-23 18:24:08.566 [main] DEBUG r.s.t.c.l.f.ArrayTabulatedFunction - Found x=2.0 at index 2
2025-11-23 18:24:08.566 [main] DEBUG r.s.t.c.l.f.LinkedListTabulatedFunction - Found x=4.0 at index 2
2025-11-23 18:24:08.566 [main] DEBUG r.s.t.c.l.f.ArrayTabulatedFunction - x=1.5 not found in xValues
2025-11-23 18:24:08.566 [main] DEBUG r.s.t.c.l.f.ArrayTabulatedFunction - Floor index for x=1.5 is 1
2025-11-23 18:24:08.566 [main] DEBUG r.s.t.c.l.f.ArrayTabulatedFunction - Interpolation for x=1.5 at floorIndex=1: result=2.5
2025-11-23 18:24:08.566 [main] DEBUG r.s.t.c.l.f.LinkedListTabulatedFunction - x=2.5 not found in list
2025-11-23 18:24:08.567 [main] DEBUG r.s.t.c.l.f.LinkedListTabulatedFunction - Floor index for x=2.5 is 1
2025-11-23 18:24:08.567 [main] DEBUG r.s.t.c.l.f.LinkedListTabulatedFunction - Interpolation for x=2.5 at floorIndex=1: result=5.0
2025-11-23 18:24:08.575 [main] INFO  r.s.t.c.l.f.LinkedListTabulatedFunction - Creating LinkedListTabulatedFunction from arrays with length: 4
2025-11-23 18:24:08.576 [main] DEBUG r.s.t.c.l.f.LinkedListTabulatedFunction - Created first node in empty list
2025-11-23 18:24:08.576 [main] INFO  r.s.t.c.l.f.LinkedListTabulatedFunction - Successfully created LinkedListTabulatedFunction with 4 points
2025-11-23 18:24:08.579 [main] INFO  r.s.t.c.l.f.ArrayTabulatedFunction - Creating ArrayTabulatedFunction from arrays with length: 2
2025-11-23 18:24:08.579 [main] DEBUG r.s.t.c.l.f.ArrayTabulatedFunction - Successfully created ArrayTabulatedFunction with 2 points
2025-11-23 18:24:08.580 [main] INFO  r.s.t.c.l.f.ArrayTabulatedFunction - Creating ArrayTabulatedFunction from arrays with length: 5
2025-11-23 18:24:08.580 [main] DEBUG r.s.t.c.l.f.ArrayTabulatedFunction - Successfully created ArrayTabulatedFunction with 5 points
2025-11-23 18:24:08.581 [main] INFO  r.s.t.c.l.f.ArrayTabulatedFunction - Creating ArrayTabulatedFunction from arrays with length: 3
2025-11-23 18:24:08.581 [main] DEBUG r.s.t.c.l.f.ArrayTabulatedFunction - Successfully created ArrayTabulatedFunction with 3 points
2025-11-23 18:24:08.583 [main] INFO  r.s.t.c.l.f.ArrayTabulatedFunction - Creating ArrayTabulatedFunction from arrays with length: 1
2025-11-23 18:24:08.584 [main] INFO  r.s.t.c.l.f.LinkedListTabulatedFunction - Creating LinkedListTabulatedFunction from arrays with length: 1
2025-11-23 18:24:08.584 [main] ERROR r.s.t.c.l.f.LinkedListTabulatedFunction - Array length 1 is less than minimum required (2)
2025-11-23 18:24:08.585 [main] INFO  r.s.t.c.l.f.ArrayTabulatedFunction - Creating ArrayTabulatedFunction from arrays with length: 0
2025-11-23 18:24:08.586 [main] INFO  r.s.t.c.l.f.LinkedListTabulatedFunction - Creating LinkedListTabulatedFunction from arrays with length: 0
2025-11-23 18:24:08.586 [main] ERROR r.s.t.c.l.f.LinkedListTabulatedFunction - Array length 0 is less than minimum required (2)
2025-11-23 18:24:08.587 [main] INFO  r.s.t.c.l.f.ArrayTabulatedFunction - Creating ArrayTabulatedFunction from arrays with length: 2
2025-11-23 18:24:08.588 [main] INFO  r.s.t.c.l.f.LinkedListTabulatedFunction - Creating LinkedListTabulatedFunction from arrays with length: 2
2025-11-23 18:24:08.588 [main] ERROR r.s.t.c.l.f.LinkedListTabulatedFunction - Arrays length mismatch: x.length=2, y.length=1
2025-11-23 18:24:08.589 [main] INFO  r.s.t.c.l.f.ArrayTabulatedFunction - Creating ArrayTabulatedFunction from arrays with length: 2
2025-11-23 18:24:08.590 [main] DEBUG r.s.t.c.l.f.ArrayTabulatedFunction - Successfully created ArrayTabulatedFunction with 2 points
2025-11-23 18:24:08.590 [main] INFO  r.s.t.c.l.f.ArrayTabulatedFunction - Creating ArrayTabulatedFunction from arrays with length: 2
2025-11-23 18:24:08.590 [main] DEBUG r.s.t.c.l.f.ArrayTabulatedFunction - Successfully created ArrayTabulatedFunction with 2 points
2025-11-23 18:24:08.591 [main] DEBUG r.s.t.c.l.f.ArrayTabulatedFunction - Set y[0] from 1.0 to 100.0
2025-11-23 18:24:08.592 [main] INFO  r.s.t.c.l.f.ArrayTabulatedFunction - Creating ArrayTabulatedFunction from arrays with length: 3
2025-11-23 18:24:08.593 [main] DEBUG r.s.t.c.l.f.ArrayTabulatedFunction - Successfully created ArrayTabulatedFunction with 3 points
2025-11-23 18:24:08.593 [main] INFO  r.s.t.c.l.f.LinkedListTabulatedFunction - Creating LinkedListTabulatedFunction from arrays with length: 3
2025-11-23 18:24:08.593 [main] DEBUG r.s.t.c.l.f.LinkedListTabulatedFunction - Created first node in empty list
2025-11-23 18:24:08.593 [main] INFO  r.s.t.c.l.f.LinkedListTabulatedFunction - Successfully created LinkedListTabulatedFunction with 3 points
2025-11-23 18:24:08.594 [main] INFO  r.s.t.c.l.f.LinkedListTabulatedFunction - Creating LinkedListTabulatedFunction from arrays with length: 2
2025-11-23 18:24:08.595 [main] DEBUG r.s.t.c.l.f.LinkedListTabulatedFunction - Created first node in empty list
2025-11-23 18:24:08.595 [main] INFO  r.s.t.c.l.f.LinkedListTabulatedFunction - Successfully created LinkedListTabulatedFunction with 2 points
2025-11-23 18:24:08.595 [main] INFO  r.s.t.c.l.f.LinkedListTabulatedFunction - Creating LinkedListTabulatedFunction from arrays with length: 5
2025-11-23 18:24:08.595 [main] DEBUG r.s.t.c.l.f.LinkedListTabulatedFunction - Created first node in empty list
2025-11-23 18:24:08.595 [main] INFO  r.s.t.c.l.f.LinkedListTabulatedFunction - Successfully created LinkedListTabulatedFunction with 5 points
2025-11-23 18:24:08.605 [main] INFO  r.s.t.c.l.f.LinkedListTabulatedFunction - Creating LinkedListTabulatedFunction from arrays with length: 3
2025-11-23 18:24:08.606 [main] DEBUG r.s.t.c.l.f.LinkedListTabulatedFunction - Created first node in empty list
2025-11-23 18:24:08.606 [main] INFO  r.s.t.c.l.f.LinkedListTabulatedFunction - Successfully created LinkedListTabulatedFunction with 3 points
2025-11-23 18:24:08.607 [main] INFO  r.s.t.c.l.f.LinkedListTabulatedFunction - Creating LinkedListTabulatedFunction from arrays with length: 3
2025-11-23 18:24:08.608 [main] DEBUG r.s.t.c.l.f.LinkedListTabulatedFunction - Created first node in empty list
2025-11-23 18:24:08.608 [main] INFO  r.s.t.c.l.f.LinkedListTabulatedFunction - Successfully created LinkedListTabulatedFunction with 3 points
2025-11-23 18:24:08.608 [main] INFO  r.s.t.c.l.f.LinkedListTabulatedFunction - Removing point at index 0
2025-11-23 18:24:08.608 [main] DEBUG r.s.t.c.l.f.LinkedListTabulatedFunction - Removed head node, new head set
2025-11-23 18:24:08.608 [main] DEBUG r.s.t.c.l.f.LinkedListTabulatedFunction - Successfully removed point at index 0. New count: 2
2025-11-23 18:24:08.608 [main] INFO  r.s.t.c.l.f.LinkedListTabulatedFunction - Removing point at index 0
2025-11-23 18:24:08.608 [main] ERROR r.s.t.c.l.f.LinkedListTabulatedFunction - Cannot remove point - minimum points count reached (current: 2)
2025-11-23 18:24:08.610 [main] INFO  r.s.t.c.l.f.LinkedListTabulatedFunction - Creating LinkedListTabulatedFunction from function: xFrom=2.0, xTo=0.0, count=3
2025-11-23 18:24:08.610 [main] WARN  r.s.t.c.l.f.LinkedListTabulatedFunction - xFrom (2.0) > xTo (0.0), swapping values
2025-11-23 18:24:08.610 [main] DEBUG r.s.t.c.l.f.LinkedListTabulatedFunction - Step size: 1.0
2025-11-23 18:24:08.611 [main] DEBUG r.s.t.c.l.f.LinkedListTabulatedFunction - Created first node in empty list
2025-11-23 18:24:08.611 [main] INFO  r.s.t.c.l.f.LinkedListTabulatedFunction - Successfully created LinkedListTabulatedFunction from source function
2025-11-23 18:24:08.613 [main] INFO  r.s.t.c.l.f.LinkedListTabulatedFunction - Creating LinkedListTabulatedFunction from arrays with length: 2
2025-11-23 18:24:08.614 [main] DEBUG r.s.t.c.l.f.LinkedListTabulatedFunction - Created first node in empty list
2025-11-23 18:24:08.614 [main] INFO  r.s.t.c.l.f.LinkedListTabulatedFunction - Successfully created LinkedListTabulatedFunction with 2 points
2025-11-23 18:24:08.615 [main] DEBUG r.s.t.c.l.f.LinkedListTabulatedFunction - x=1.0 not found in list
2025-11-23 18:24:08.615 [main] DEBUG r.s.t.c.l.f.LinkedListTabulatedFunction - Floor index for x=1.0 is 0
2025-11-23 18:24:08.615 [main] DEBUG r.s.t.c.l.f.LinkedListTabulatedFunction - Interpolation for x=1.0 at floorIndex=0: result=2.0
2025-11-23 18:24:08.617 [main] INFO  r.s.t.c.l.f.LinkedListTabulatedFunction - Creating LinkedListTabulatedFunction from function: xFrom=3.0, xTo=3.0, count=4
2025-11-23 18:24:08.617 [main] DEBUG r.s.t.c.l.f.LinkedListTabulatedFunction - xFrom equals xTo, creating constant function
2025-11-23 18:24:08.617 [main] DEBUG r.s.t.c.l.f.LinkedListTabulatedFunction - Created first node in empty list
2025-11-23 18:24:08.618 [main] INFO  r.s.t.c.l.f.LinkedListTabulatedFunction - Successfully created LinkedListTabulatedFunction from source function
2025-11-23 18:24:08.620 [main] INFO  r.s.t.c.l.f.LinkedListTabulatedFunction - Creating LinkedListTabulatedFunction from arrays with length: 2
2025-11-23 18:24:08.620 [main] DEBUG r.s.t.c.l.f.LinkedListTabulatedFunction - Created first node in empty list
2025-11-23 18:24:08.620 [main] INFO  r.s.t.c.l.f.LinkedListTabulatedFunction - Successfully created LinkedListTabulatedFunction with 2 points
2025-11-23 18:24:08.620 [main] DEBUG r.s.t.c.l.f.LinkedListTabulatedFunction - Set y[1] from 1.0 to 10.0
2025-11-23 18:24:08.629 [main] INFO  r.s.t.c.l.f.LinkedListTabulatedFunction - Creating LinkedListTabulatedFunction from arrays with length: 7
2025-11-23 18:24:08.629 [main] DEBUG r.s.t.c.l.f.LinkedListTabulatedFunction - Created first node in empty list
2025-11-23 18:24:08.629 [main] INFO  r.s.t.c.l.f.LinkedListTabulatedFunction - Successfully created LinkedListTabulatedFunction with 7 points
2025-11-23 18:24:08.630 [main] ERROR r.s.t.c.l.f.LinkedListTabulatedFunction - Interpolation error: x=2.5 not in interval [3.0, 4.0]
2025-11-23 18:24:08.632 [main] INFO  r.s.t.c.l.f.LinkedListTabulatedFunction - Creating LinkedListTabulatedFunction from function: xFrom=0.0, xTo=2.0, count=1
2025-11-23 18:24:08.632 [main] ERROR r.s.t.c.l.f.LinkedListTabulatedFunction - Count 1 is less than minimum required (2)
2025-11-23 18:24:08.634 [main] INFO  r.s.t.c.l.f.LinkedListTabulatedFunction - Creating LinkedListTabulatedFunction from arrays with length: 3
2025-11-23 18:24:08.635 [main] DEBUG r.s.t.c.l.f.LinkedListTabulatedFunction - Created first node in empty list
2025-11-23 18:24:08.635 [main] INFO  r.s.t.c.l.f.LinkedListTabulatedFunction - Successfully created LinkedListTabulatedFunction with 3 points
2025-11-23 18:24:08.635 [main] INFO  r.s.t.c.l.f.LinkedListTabulatedFunction - Removing point at index 0
2025-11-23 18:24:08.635 [main] DEBUG r.s.t.c.l.f.LinkedListTabulatedFunction - Removed head node, new head set
2025-11-23 18:24:08.635 [main] DEBUG r.s.t.c.l.f.LinkedListTabulatedFunction - Successfully removed point at index 0. New count: 2
2025-11-23 18:24:08.637 [main] INFO  r.s.t.c.l.f.LinkedListTabulatedFunction - Creating LinkedListTabulatedFunction from arrays with length: 2
2025-11-23 18:24:08.638 [main] DEBUG r.s.t.c.l.f.LinkedListTabulatedFunction - Created first node in empty list
2025-11-23 18:24:08.638 [main] INFO  r.s.t.c.l.f.LinkedListTabulatedFunction - Successfully created LinkedListTabulatedFunction with 2 points
2025-11-23 18:24:08.639 [main] INFO  r.s.t.c.l.f.LinkedListTabulatedFunction - Inserting point: x=3.0, y=9.0
2025-11-23 18:24:08.639 [main] DEBUG r.s.t.c.l.f.LinkedListTabulatedFunction - Inserted node at end of list
2025-11-23 18:24:08.640 [main] INFO  r.s.t.c.l.f.LinkedListTabulatedFunction - Creating LinkedListTabulatedFunction from function: xFrom=0.0, xTo=2.0, count=3
2025-11-23 18:24:08.640 [main] DEBUG r.s.t.c.l.f.LinkedListTabulatedFunction - Step size: 1.0
2025-11-23 18:24:08.640 [main] DEBUG r.s.t.c.l.f.LinkedListTabulatedFunction - Created first node in empty list
2025-11-23 18:24:08.640 [main] INFO  r.s.t.c.l.f.LinkedListTabulatedFunction - Successfully created LinkedListTabulatedFunction from source function
2025-11-23 18:24:08.642 [main] INFO  r.s.t.c.l.f.LinkedListTabulatedFunction - Creating LinkedListTabulatedFunction from arrays with length: 3
2025-11-23 18:24:08.642 [main] DEBUG r.s.t.c.l.f.LinkedListTabulatedFunction - Created first node in empty list
2025-11-23 18:24:08.642 [main] INFO  r.s.t.c.l.f.LinkedListTabulatedFunction - Successfully created LinkedListTabulatedFunction with 3 points
2025-11-23 18:24:08.642 [main] DEBUG r.s.t.c.l.f.LinkedListTabulatedFunction - Found x=2.0 at index 1
2025-11-23 18:24:08.642 [main] DEBUG r.s.t.c.l.f.LinkedListTabulatedFunction - x=5.0 not found in list
2025-11-23 18:24:08.644 [main] INFO  r.s.t.c.l.f.LinkedListTabulatedFunction - Creating LinkedListTabulatedFunction from arrays with length: 3
2025-11-23 18:24:08.644 [main] DEBUG r.s.t.c.l.f.LinkedListTabulatedFunction - Created first node in empty list
2025-11-23 18:24:08.644 [main] INFO  r.s.t.c.l.f.LinkedListTabulatedFunction - Successfully created LinkedListTabulatedFunction with 3 points
2025-11-23 18:24:08.644 [main] INFO  r.s.t.c.l.f.LinkedListTabulatedFunction - Removing point at index 2
2025-11-23 18:24:08.644 [main] DEBUG r.s.t.c.l.f.LinkedListTabulatedFunction - Successfully removed point at index 2. New count: 2
2025-11-23 18:24:08.646 [main] INFO  r.s.t.c.l.f.LinkedListTabulatedFunction - Creating LinkedListTabulatedFunction from arrays with length: 0
2025-11-23 18:24:08.647 [main] ERROR r.s.t.c.l.f.LinkedListTabulatedFunction - Array length 0 is less than minimum required (2)
2025-11-23 18:24:08.648 [main] INFO  r.s.t.c.l.f.LinkedListTabulatedFunction - Creating LinkedListTabulatedFunction from arrays with length: 2
2025-11-23 18:24:08.648 [main] DEBUG r.s.t.c.l.f.LinkedListTabulatedFunction - Created first node in empty list
2025-11-23 18:24:08.648 [main] INFO  r.s.t.c.l.f.LinkedListTabulatedFunction - Successfully created LinkedListTabulatedFunction with 2 points
2025-11-23 18:24:08.649 [main] ERROR r.s.t.c.l.f.LinkedListTabulatedFunction - Node index out of bounds: index=-1, count=2
2025-11-23 18:24:08.651 [main] ERROR r.s.t.c.l.f.LinkedListTabulatedFunction - Node index out of bounds: index=2, count=2
2025-11-23 18:24:08.653 [main] INFO  r.s.t.c.l.f.LinkedListTabulatedFunction - Creating LinkedListTabulatedFunction from arrays with length: 2
2025-11-23 18:24:08.653 [main] DEBUG r.s.t.c.l.f.LinkedListTabulatedFunction - Created first node in empty list
2025-11-23 18:24:08.654 [main] INFO  r.s.t.c.l.f.LinkedListTabulatedFunction - Successfully created LinkedListTabulatedFunction with 2 points
2025-11-23 18:24:08.654 [main] ERROR r.s.t.c.l.f.LinkedListTabulatedFunction - Node index out of bounds: index=-1, count=2
2025-11-23 18:24:08.655 [main] ERROR r.s.t.c.l.f.LinkedListTabulatedFunction - Node index out of bounds: index=2, count=2
2025-11-23 18:24:08.658 [main] INFO  r.s.t.c.l.f.LinkedListTabulatedFunction - Creating LinkedListTabulatedFunction from arrays with length: 3
2025-11-23 18:24:08.658 [main] DEBUG r.s.t.c.l.f.LinkedListTabulatedFunction - Created first node in empty list
2025-11-23 18:24:08.658 [main] INFO  r.s.t.c.l.f.LinkedListTabulatedFunction - Successfully created LinkedListTabulatedFunction with 3 points
2025-11-23 18:24:08.658 [main] INFO  r.s.t.c.l.f.LinkedListTabulatedFunction - Inserting point: x=2.0, y=5.0
2025-11-23 18:24:08.658 [main] DEBUG r.s.t.c.l.f.LinkedListTabulatedFunction - Point with x=2.0 already exists, updating y value
2025-11-23 18:24:08.660 [main] INFO  r.s.t.c.l.f.LinkedListTabulatedFunction - Creating LinkedListTabulatedFunction from arrays with length: 3
2025-11-23 18:24:08.661 [main] DEBUG r.s.t.c.l.f.LinkedListTabulatedFunction - Created first node in empty list
2025-11-23 18:24:08.661 [main] INFO  r.s.t.c.l.f.LinkedListTabulatedFunction - Successfully created LinkedListTabulatedFunction with 3 points
2025-11-23 18:24:08.661 [main] DEBUG r.s.t.c.l.f.LinkedListTabulatedFunction - Found y=20.0 at index 1
2025-11-23 18:24:08.663 [main] INFO  r.s.t.c.l.f.LinkedListTabulatedFunction - Creating LinkedListTabulatedFunction from arrays with length: 2
2025-11-23 18:24:08.664 [main] DEBUG r.s.t.c.l.f.LinkedListTabulatedFunction - Created first node in empty list
2025-11-23 18:24:08.664 [main] INFO  r.s.t.c.l.f.LinkedListTabulatedFunction - Successfully created LinkedListTabulatedFunction with 2 points
2025-11-23 18:24:08.664 [main] ERROR r.s.t.c.l.f.LinkedListTabulatedFunction - Node index out of bounds: index=-1, count=2
2025-11-23 18:24:08.666 [main] ERROR r.s.t.c.l.f.LinkedListTabulatedFunction - Node index out of bounds: index=2, count=2
2025-11-23 18:24:08.669 [main] INFO  r.s.t.c.l.f.LinkedListTabulatedFunction - Creating LinkedListTabulatedFunction from arrays with length: 2
2025-11-23 18:24:08.669 [main] DEBUG r.s.t.c.l.f.LinkedListTabulatedFunction - Created first node in empty list
2025-11-23 18:24:08.669 [main] INFO  r.s.t.c.l.f.LinkedListTabulatedFunction - Successfully created LinkedListTabulatedFunction with 2 points
2025-11-23 18:24:08.670 [main] INFO  r.s.t.c.l.f.LinkedListTabulatedFunction - Removing point at index -1
2025-11-23 18:24:08.670 [main] ERROR r.s.t.c.l.f.LinkedListTabulatedFunction - Index out of bounds: index=-1, count=2
2025-11-23 18:24:08.672 [main] INFO  r.s.t.c.l.f.LinkedListTabulatedFunction - Removing point at index 2
2025-11-23 18:24:08.672 [main] ERROR r.s.t.c.l.f.LinkedListTabulatedFunction - Index out of bounds: index=2, count=2
2025-11-23 18:24:08.673 [main] INFO  r.s.t.c.l.f.LinkedListTabulatedFunction - Removing point at index 5
2025-11-23 18:24:08.673 [main] ERROR r.s.t.c.l.f.LinkedListTabulatedFunction - Index out of bounds: index=5, count=2
2025-11-23 18:24:08.674 [main] INFO  r.s.t.c.l.f.LinkedListTabulatedFunction - Creating LinkedListTabulatedFunction from arrays with length: 3
2025-11-23 18:24:08.675 [main] DEBUG r.s.t.c.l.f.LinkedListTabulatedFunction - Created first node in empty list
2025-11-23 18:24:08.675 [main] INFO  r.s.t.c.l.f.LinkedListTabulatedFunction - Successfully created LinkedListTabulatedFunction with 3 points
2025-11-23 18:24:08.676 [main] INFO  r.s.t.c.l.f.LinkedListTabulatedFunction - Creating LinkedListTabulatedFunction from arrays with length: 4
2025-11-23 18:24:08.676 [main] DEBUG r.s.t.c.l.f.LinkedListTabulatedFunction - Created first node in empty list
2025-11-23 18:24:08.676 [main] INFO  r.s.t.c.l.f.LinkedListTabulatedFunction - Successfully created LinkedListTabulatedFunction with 4 points
2025-11-23 18:24:08.677 [main] DEBUG r.s.t.c.l.f.LinkedListTabulatedFunction - Floor index for x=0.5 is 0
2025-11-23 18:24:08.677 [main] DEBUG r.s.t.c.l.f.LinkedListTabulatedFunction - Floor index for x=1.9 is 1
2025-11-23 18:24:08.677 [main] DEBUG r.s.t.c.l.f.LinkedListTabulatedFunction - X value 3.0 is greater than or equal to right bound, returning count-1=3
2025-11-23 18:24:08.677 [main] DEBUG r.s.t.c.l.f.LinkedListTabulatedFunction - X value 10.0 is greater than or equal to right bound, returning count-1=3
2025-11-23 18:24:08.678 [main] INFO  r.s.t.c.l.f.LinkedListTabulatedFunction - Creating LinkedListTabulatedFunction from arrays with length: 4
2025-11-23 18:24:08.679 [main] DEBUG r.s.t.c.l.f.LinkedListTabulatedFunction - Created first node in empty list
2025-11-23 18:24:08.679 [main] INFO  r.s.t.c.l.f.LinkedListTabulatedFunction - Successfully created LinkedListTabulatedFunction with 4 points
2025-11-23 18:24:08.679 [main] INFO  r.s.t.c.l.f.LinkedListTabulatedFunction - Removing point at index 0
2025-11-23 18:24:08.679 [main] DEBUG r.s.t.c.l.f.LinkedListTabulatedFunction - Removed head node, new head set
2025-11-23 18:24:08.679 [main] DEBUG r.s.t.c.l.f.LinkedListTabulatedFunction - Successfully removed point at index 0. New count: 3
2025-11-23 18:24:08.679 [main] INFO  r.s.t.c.l.f.LinkedListTabulatedFunction - Removing point at index 2
2025-11-23 18:24:08.679 [main] DEBUG r.s.t.c.l.f.LinkedListTabulatedFunction - Successfully removed point at index 2. New count: 2
2025-11-23 18:24:08.681 [main] INFO  r.s.t.c.l.f.LinkedListTabulatedFunction - Creating LinkedListTabulatedFunction from arrays with length: 2
2025-11-23 18:24:08.681 [main] DEBUG r.s.t.c.l.f.LinkedListTabulatedFunction - Created first node in empty list
2025-11-23 18:24:08.681 [main] INFO  r.s.t.c.l.f.LinkedListTabulatedFunction - Successfully created LinkedListTabulatedFunction with 2 points
2025-11-23 18:24:08.681 [main] DEBUG r.s.t.c.l.f.LinkedListTabulatedFunction - Right extrapolation for x=3.0: result=7.0
2025-11-23 18:24:08.682 [main] INFO  r.s.t.c.l.f.LinkedListTabulatedFunction - Creating LinkedListTabulatedFunction from arrays with length: 3
2025-11-23 18:24:08.683 [main] DEBUG r.s.t.c.l.f.LinkedListTabulatedFunction - Created first node in empty list
2025-11-23 18:24:08.683 [main] INFO  r.s.t.c.l.f.LinkedListTabulatedFunction - Successfully created LinkedListTabulatedFunction with 3 points
2025-11-23 18:24:08.683 [main] INFO  r.s.t.c.l.f.LinkedListTabulatedFunction - Inserting point: x=0.5, y=0.25
2025-11-23 18:24:08.683 [main] DEBUG r.s.t.c.l.f.LinkedListTabulatedFunction - Inserted node at beginning of list
2025-11-23 18:24:08.684 [main] INFO  r.s.t.c.l.f.LinkedListTabulatedFunction - Creating LinkedListTabulatedFunction from arrays with length: 2
2025-11-23 18:24:08.685 [main] DEBUG r.s.t.c.l.f.LinkedListTabulatedFunction - Created first node in empty list
2025-11-23 18:24:08.685 [main] INFO  r.s.t.c.l.f.LinkedListTabulatedFunction - Successfully created LinkedListTabulatedFunction with 2 points
2025-11-23 18:24:08.685 [main] DEBUG r.s.t.c.l.f.LinkedListTabulatedFunction - Left extrapolation for x=0.0: result=-2.0
2025-11-23 18:24:08.686 [main] INFO  r.s.t.c.l.f.LinkedListTabulatedFunction - Creating LinkedListTabulatedFunction from arrays with length: 3
2025-11-23 18:24:08.686 [main] DEBUG r.s.t.c.l.f.LinkedListTabulatedFunction - Created first node in empty list
2025-11-23 18:24:08.686 [main] INFO  r.s.t.c.l.f.LinkedListTabulatedFunction - Successfully created LinkedListTabulatedFunction with 3 points
2025-11-23 18:24:08.686 [main] DEBUG r.s.t.c.l.f.LinkedListTabulatedFunction - y=1337.0 not found in list
2025-11-23 18:24:08.688 [main] INFO  r.s.t.c.l.f.LinkedListTabulatedFunction - Creating LinkedListTabulatedFunction from arrays with length: 3
2025-11-23 18:24:08.688 [main] DEBUG r.s.t.c.l.f.LinkedListTabulatedFunction - Created first node in empty list
2025-11-23 18:24:08.688 [main] INFO  r.s.t.c.l.f.LinkedListTabulatedFunction - Successfully created LinkedListTabulatedFunction with 3 points
2025-11-23 18:24:08.689 [main] ERROR r.s.t.c.l.f.LinkedListTabulatedFunction - X value 0.5 is less than left bound 1.0
2025-11-23 18:24:08.691 [main] INFO  r.s.t.c.l.f.LinkedListTabulatedFunction - Creating LinkedListTabulatedFunction from arrays with length: 4
2025-11-23 18:24:08.691 [main] DEBUG r.s.t.c.l.f.LinkedListTabulatedFunction - Created first node in empty list
2025-11-23 18:24:08.691 [main] INFO  r.s.t.c.l.f.LinkedListTabulatedFunction - Successfully created LinkedListTabulatedFunction with 4 points
2025-11-23 18:24:08.691 [main] INFO  r.s.t.c.l.f.LinkedListTabulatedFunction - Removing point at index 1
2025-11-23 18:24:08.691 [main] DEBUG r.s.t.c.l.f.LinkedListTabulatedFunction - Successfully removed point at index 1. New count: 3
2025-11-23 18:24:08.693 [main] INFO  r.s.t.c.l.f.LinkedListTabulatedFunction - Creating LinkedListTabulatedFunction from arrays with length: 1
2025-11-23 18:24:08.693 [main] ERROR r.s.t.c.l.f.LinkedListTabulatedFunction - Array length 1 is less than minimum required (2)
2025-11-23 18:24:08.756 [main] INFO  r.s.t.c.laba2.jdbc.FunctionDAOTest - Инициализация тестового окружения FunctionDAO
2025-11-23 18:24:08.953 [main] DEBUG r.s.t.c.laba2.jdbc.FunctionDAOTest - Создана тестовая функция: Function{id=null, userId=1, name='test_func_cupiditate_1763907848951', signature='x^2'}
2025-11-23 18:24:08.956 [main] INFO  r.s.t.c.laba2.jdbc.FunctionDAOTest - Запуск теста: создание функции
2025-11-23 18:24:08.956 [main] INFO  r.s.t.c.laba2.jdbc.FunctionDAO - Создание новой функции: Function{id=null, userId=1, name='test_func_cupiditate_1763907848951', signature='x^2'}
2025-11-23 18:24:09.232 [main] DEBUG r.s.t.c.laba2.jdbc.FunctionDAO - Выполнение SQL: INSERT INTO functions (u_id, name, signature) VALUES (?, ?, ?) с параметрами u_id=1, name=test_func_cupiditate_1763907848951, signature=***
2025-11-23 18:24:09.244 [main] DEBUG r.s.t.c.laba2.jdbc.FunctionDAO - Количество затронутых строк: 1
2025-11-23 18:24:09.244 [main] INFO  r.s.t.c.laba2.jdbc.FunctionDAO - Функция успешно создана с ID: 40269
2025-11-23 18:24:09.245 [main] INFO  r.s.t.c.laba2.jdbc.FunctionDAOTest - Успешно создана функция с ID: 40269
2025-11-23 18:24:09.248 [main] INFO  r.s.t.c.laba2.jdbc.FunctionDAOTest - Запуск теста: поиск функции по ID
2025-11-23 18:24:09.248 [main] DEBUG r.s.t.c.laba2.jdbc.FunctionDAO - Поиск функции по ID: 40269
2025-11-23 18:24:09.279 [main] DEBUG r.s.t.c.laba2.jdbc.FunctionDAO - Выполнение SQL: SELECT id, u_id, name, signature FROM functions WHERE id = ? с параметром id=40269
2025-11-23 18:24:09.282 [main] DEBUG r.s.t.c.laba2.jdbc.FunctionDAO - Найдена функция: Function{id=40269, userId=1, name='test_func_cupiditate_1763907848951', signature='x^2'}
2025-11-23 18:24:09.283 [main] DEBUG r.s.t.c.laba2.jdbc.FunctionDAOTest - Найдена функция: Function{id=40269, userId=1, name='test_func_cupiditate_1763907848951', signature='x^2'}
2025-11-23 18:24:09.284 [main] INFO  r.s.t.c.laba2.jdbc.FunctionDAOTest - Запуск теста: поиск функций по ID пользователя
2025-11-23 18:24:09.284 [main] DEBUG r.s.t.c.laba2.jdbc.FunctionDAO - Поиск функций по ID пользователя: 1
2025-11-23 18:24:09.312 [main] DEBUG r.s.t.c.laba2.jdbc.FunctionDAO - Выполнение SQL: SELECT id, u_id, name, signature FROM functions WHERE u_id = ? с параметром userId=1
2025-11-23 18:24:09.314 [main] DEBUG r.s.t.c.laba2.jdbc.FunctionDAO - Найдено 66 функций для пользователя 1
2025-11-23 18:24:09.316 [main] INFO  r.s.t.c.laba2.jdbc.FunctionDAOTest - Найдено 66 функций для пользователя с ID: 1
2025-11-23 18:24:09.317 [main] INFO  r.s.t.c.laba2.jdbc.FunctionDAOTest - Запуск теста: поиск функций по имени (частичное совпадение)
2025-11-23 18:24:09.318 [main] DEBUG r.s.t.c.laba2.jdbc.FunctionDAO - Поиск функций по имени: test_fun
2025-11-23 18:24:09.350 [main] DEBUG r.s.t.c.laba2.jdbc.FunctionDAO - Выполнение SQL: SELECT id, u_id, name, signature FROM functions WHERE name LIKE ? с параметром name=%test_fun%
2025-11-23 18:24:09.353 [main] DEBUG r.s.t.c.laba2.jdbc.FunctionDAO - Найдено 66 функций по шаблону имени: test_fun
2025-11-23 18:24:09.354 [main] INFO  r.s.t.c.laba2.jdbc.FunctionDAOTest - Найдено 66 функций по частичному имени 'test_fun'
2025-11-23 18:24:09.355 [main] INFO  r.s.t.c.laba2.jdbc.FunctionDAOTest - Запуск теста: поиск функций по имени и ID пользователя
2025-11-23 18:24:09.356 [main] DEBUG r.s.t.c.laba2.jdbc.FunctionDAO - Поиск функций по имени test_func_cupiditate_1763907848951 и ID пользователя 1
2025-11-23 18:24:09.387 [main] DEBUG r.s.t.c.laba2.jdbc.FunctionDAO - Выполнение SQL: SELECT id, u_id, name, signature FROM functions WHERE name = ? AND u_id = ? с параметрами name=test_func_cupiditate_1763907848951, userId=1
2025-11-23 18:24:09.389 [main] DEBUG r.s.t.c.laba2.jdbc.FunctionDAO - Найдено 1 функций по имени и ID пользователя
2025-11-23 18:24:09.389 [main] DEBUG r.s.t.c.laba2.jdbc.FunctionDAOTest - Найдена функция по имени и пользователю: Function{id=40269, userId=1, name='test_func_cupiditate_1763907848951', signature='x^2'}
2025-11-23 18:24:09.391 [main] INFO  r.s.t.c.laba2.jdbc.FunctionDAOTest - Запуск теста: проверка существования функции по имени и пользователю
2025-11-23 18:24:09.391 [main] DEBUG r.s.t.c.laba2.jdbc.FunctionDAO - Проверка существования функции с именем test_func_cupiditate_1763907848951 для пользователя 1
2025-11-23 18:24:09.421 [main] DEBUG r.s.t.c.laba2.jdbc.FunctionDAO - Выполнение SQL: SELECT 1 FROM functions WHERE name = ? AND u_id = ? LIMIT 1 с параметрами name=test_func_cupiditate_1763907848951, userId=1
2025-11-23 18:24:09.424 [main] DEBUG r.s.t.c.laba2.jdbc.FunctionDAO - Функция с именем test_func_cupiditate_1763907848951 для пользователя 1 существует
2025-11-23 18:24:09.424 [main] DEBUG r.s.t.c.laba2.jdbc.FunctionDAO - Проверка существования функции с именем non_existent_function_name для пользователя 1
2025-11-23 18:24:09.454 [main] DEBUG r.s.t.c.laba2.jdbc.FunctionDAO - Выполнение SQL: SELECT 1 FROM functions WHERE name = ? AND u_id = ? LIMIT 1 с параметрами name=non_existent_function_name, userId=1
2025-11-23 18:24:09.458 [main] DEBUG r.s.t.c.laba2.jdbc.FunctionDAO - Функция с именем non_existent_function_name для пользователя 1 не существует
2025-11-23 18:24:09.459 [main] INFO  r.s.t.c.laba2.jdbc.FunctionDAOTest - Проверка существования функции завершена успешно
2025-11-23 18:24:09.460 [main] INFO  r.s.t.c.laba2.jdbc.FunctionDAOTest - Запуск теста: обновление функции
2025-11-23 18:24:09.461 [main] INFO  r.s.t.c.laba2.jdbc.FunctionDAO - Обновление функции с ID: 40269
2025-11-23 18:24:09.498 [main] DEBUG r.s.t.c.laba2.jdbc.FunctionDAO - Выполнение SQL: UPDATE functions SET u_id = ?, name = ?, signature = ? WHERE id = ? с параметрами u_id=2, name=updated_func_1763907849461, signature=***, id=40269
2025-11-23 18:24:09.500 [main] INFO  r.s.t.c.laba2.jdbc.FunctionDAO - Функция с ID 40269 успешно обновлена
2025-11-23 18:24:09.501 [main] DEBUG r.s.t.c.laba2.jdbc.FunctionDAO - Поиск функции по ID: 40269
2025-11-23 18:24:09.525 [main] DEBUG r.s.t.c.laba2.jdbc.FunctionDAO - Выполнение SQL: SELECT id, u_id, name, signature FROM functions WHERE id = ? с параметром id=40269
2025-11-23 18:24:09.527 [main] DEBUG r.s.t.c.laba2.jdbc.FunctionDAO - Найдена функция: Function{id=40269, userId=2, name='updated_func_1763907849461', signature='x^2'}
2025-11-23 18:24:09.528 [main] INFO  r.s.t.c.laba2.jdbc.FunctionDAOTest - Функция успешно обновлена: Function{id=40269, userId=2, name='updated_func_1763907849461', signature='x^2'}
2025-11-23 18:24:09.529 [main] INFO  r.s.t.c.laba2.jdbc.FunctionDAOTest - Запуск теста: обновление только сигнатуры функции
2025-11-23 18:24:09.529 [main] INFO  r.s.t.c.laba2.jdbc.FunctionDAO - Обновление сигнатуры функции с ID: 40269
2025-11-23 18:24:09.573 [main] DEBUG r.s.t.c.laba2.jdbc.FunctionDAO - Выполнение SQL: UPDATE functions SET signature = ? WHERE id = ? с параметрами signature=***, id=40269
2025-11-23 18:24:09.575 [main] INFO  r.s.t.c.laba2.jdbc.FunctionDAO - Сигнатура функции с ID 40269 успешно обновлена
2025-11-23 18:24:09.575 [main] DEBUG r.s.t.c.laba2.jdbc.FunctionDAO - Поиск функции по ID: 40269
2025-11-23 18:24:09.599 [main] DEBUG r.s.t.c.laba2.jdbc.FunctionDAO - Выполнение SQL: SELECT id, u_id, name, signature FROM functions WHERE id = ? с параметром id=40269
2025-11-23 18:24:09.601 [main] DEBUG r.s.t.c.laba2.jdbc.FunctionDAO - Найдена функция: Function{id=40269, userId=2, name='updated_func_1763907849461', signature='String processData(int input, String config)'}
2025-11-23 18:24:09.601 [main] INFO  r.s.t.c.laba2.jdbc.FunctionDAOTest - Сигнатура функции успешно обновлена
2025-11-23 18:24:09.603 [main] INFO  r.s.t.c.laba2.jdbc.FunctionDAOTest - Запуск теста: подсчет количества функций пользователя
2025-11-23 18:24:09.603 [main] DEBUG r.s.t.c.laba2.jdbc.FunctionDAO - Подсчет количества функций пользователя с ID: 2
2025-11-23 18:24:09.631 [main] DEBUG r.s.t.c.laba2.jdbc.FunctionDAO - Выполнение SQL: SELECT COUNT(*) FROM functions WHERE u_id = ? с параметром userId=2
2025-11-23 18:24:09.634 [main] DEBUG r.s.t.c.laba2.jdbc.FunctionDAO - Найдено 17 функций пользователя с ID 2
2025-11-23 18:24:09.635 [main] INFO  r.s.t.c.laba2.jdbc.FunctionDAO - Создание новой функции: Function{id=null, userId=2, name='test_func_ea_1763907849634', signature='x'}
2025-11-23 18:24:09.664 [main] DEBUG r.s.t.c.laba2.jdbc.FunctionDAO - Выполнение SQL: INSERT INTO functions (u_id, name, signature) VALUES (?, ?, ?) с параметрами u_id=2, name=test_func_ea_1763907849634, signature=***
2025-11-23 18:24:09.666 [main] DEBUG r.s.t.c.laba2.jdbc.FunctionDAO - Количество затронутых строк: 1
2025-11-23 18:24:09.666 [main] INFO  r.s.t.c.laba2.jdbc.FunctionDAO - Функция успешно создана с ID: 40270
2025-11-23 18:24:09.667 [main] DEBUG r.s.t.c.laba2.jdbc.FunctionDAO - Подсчет количества функций пользователя с ID: 2
2025-11-23 18:24:09.691 [main] DEBUG r.s.t.c.laba2.jdbc.FunctionDAO - Выполнение SQL: SELECT COUNT(*) FROM functions WHERE u_id = ? с параметром userId=2
2025-11-23 18:24:09.693 [main] DEBUG r.s.t.c.laba2.jdbc.FunctionDAO - Найдено 18 функций пользователя с ID 2
2025-11-23 18:24:09.694 [main] INFO  r.s.t.c.laba2.jdbc.FunctionDAO - Удаление функции с ID: 40270
2025-11-23 18:24:09.716 [main] DEBUG r.s.t.c.laba2.jdbc.FunctionDAO - Выполнение SQL: DELETE FROM functions WHERE id = ? с параметром id=40270
2025-11-23 18:24:09.719 [main] INFO  r.s.t.c.laba2.jdbc.FunctionDAO - Функция с ID 40270 успешно удалена
2025-11-23 18:24:09.719 [main] INFO  r.s.t.c.laba2.jdbc.FunctionDAOTest - Подсчет функций: до=17, после=18
2025-11-23 18:24:09.720 [main] INFO  r.s.t.c.laba2.jdbc.FunctionDAOTest - Запуск теста: создание нескольких функций с Faker
2025-11-23 18:24:09.720 [main] INFO  r.s.t.c.laba2.jdbc.FunctionDAO - Создание новой функции: Function{id=null, userId=1, name='test_func_adipisci_1763907849720', signature='2'}
2025-11-23 18:24:09.743 [main] DEBUG r.s.t.c.laba2.jdbc.FunctionDAO - Выполнение SQL: INSERT INTO functions (u_id, name, signature) VALUES (?, ?, ?) с параметрами u_id=1, name=test_func_adipisci_1763907849720, signature=***
2025-11-23 18:24:09.745 [main] DEBUG r.s.t.c.laba2.jdbc.FunctionDAO - Количество затронутых строк: 1
2025-11-23 18:24:09.745 [main] INFO  r.s.t.c.laba2.jdbc.FunctionDAO - Функция успешно создана с ID: 40271
2025-11-23 18:24:09.745 [main] DEBUG r.s.t.c.laba2.jdbc.FunctionDAOTest - Создана случайная функция #1/5: Function{id=40271, userId=1, name='test_func_adipisci_1763907849720', signature='2'}
2025-11-23 18:24:09.745 [main] INFO  r.s.t.c.laba2.jdbc.FunctionDAO - Создание новой функции: Function{id=null, userId=1, name='test_func_rerum_1763907849745', signature='4'}
2025-11-23 18:24:09.889 [main] DEBUG r.s.t.c.laba2.jdbc.FunctionDAO - Выполнение SQL: INSERT INTO functions (u_id, name, signature) VALUES (?, ?, ?) с параметрами u_id=1, name=test_func_rerum_1763907849745, signature=***
2025-11-23 18:24:09.894 [main] DEBUG r.s.t.c.laba2.jdbc.FunctionDAO - Количество затронутых строк: 1
2025-11-23 18:24:09.894 [main] INFO  r.s.t.c.laba2.jdbc.FunctionDAO - Функция успешно создана с ID: 40272
2025-11-23 18:24:09.895 [main] DEBUG r.s.t.c.laba2.jdbc.FunctionDAOTest - Создана случайная функция #2/5: Function{id=40272, userId=1, name='test_func_rerum_1763907849745', signature='4'}
2025-11-23 18:24:09.895 [main] INFO  r.s.t.c.laba2.jdbc.FunctionDAO - Создание новой функции: Function{id=null, userId=1, name='test_func_ipsam_1763907849895', signature='2'}
2025-11-23 18:24:10.065 [main] DEBUG r.s.t.c.laba2.jdbc.FunctionDAO - Выполнение SQL: INSERT INTO functions (u_id, name, signature) VALUES (?, ?, ?) с параметрами u_id=1, name=test_func_ipsam_1763907849895, signature=***
2025-11-23 18:24:10.070 [main] DEBUG r.s.t.c.laba2.jdbc.FunctionDAO - Количество затронутых строк: 1
2025-11-23 18:24:10.070 [main] INFO  r.s.t.c.laba2.jdbc.FunctionDAO - Функция успешно создана с ID: 40273
2025-11-23 18:24:10.071 [main] DEBUG r.s.t.c.laba2.jdbc.FunctionDAOTest - Создана случайная функция #3/5: Function{id=40273, userId=1, name='test_func_ipsam_1763907849895', signature='2'}
2025-11-23 18:24:10.071 [main] INFO  r.s.t.c.laba2.jdbc.FunctionDAO - Создание новой функции: Function{id=null, userId=1, name='test_func_quo_1763907850071', signature='2'}
2025-11-23 18:24:10.118 [main] DEBUG r.s.t.c.laba2.jdbc.FunctionDAO - Выполнение SQL: INSERT INTO functions (u_id, name, signature) VALUES (?, ?, ?) с параметрами u_id=1, name=test_func_quo_1763907850071, signature=***
2025-11-23 18:24:10.122 [main] DEBUG r.s.t.c.laba2.jdbc.FunctionDAO - Количество затронутых строк: 1
2025-11-23 18:24:10.122 [main] INFO  r.s.t.c.laba2.jdbc.FunctionDAO - Функция успешно создана с ID: 40274
2025-11-23 18:24:10.122 [main] DEBUG r.s.t.c.laba2.jdbc.FunctionDAOTest - Создана случайная функция #4/5: Function{id=40274, userId=1, name='test_func_quo_1763907850071', signature='2'}
2025-11-23 18:24:10.123 [main] INFO  r.s.t.c.laba2.jdbc.FunctionDAO - Создание новой функции: Function{id=null, userId=1, name='test_func_dicta_1763907850123', signature='2'}
2025-11-23 18:24:10.269 [main] DEBUG r.s.t.c.laba2.jdbc.FunctionDAO - Выполнение SQL: INSERT INTO functions (u_id, name, signature) VALUES (?, ?, ?) с параметрами u_id=1, name=test_func_dicta_1763907850123, signature=***
2025-11-23 18:24:10.274 [main] DEBUG r.s.t.c.laba2.jdbc.FunctionDAO - Количество затронутых строк: 1
2025-11-23 18:24:10.274 [main] INFO  r.s.t.c.laba2.jdbc.FunctionDAO - Функция успешно создана с ID: 40275
2025-11-23 18:24:10.274 [main] DEBUG r.s.t.c.laba2.jdbc.FunctionDAOTest - Создана случайная функция #5/5: Function{id=40275, userId=1, name='test_func_dicta_1763907850123', signature='2'}
2025-11-23 18:24:10.274 [main] INFO  r.s.t.c.laba2.jdbc.FunctionDAOTest - Успешно создано 5 случайных функций
2025-11-23 18:24:10.276 [main] INFO  r.s.t.c.laba2.jdbc.FunctionDAOTest - Запуск теста: получение всех функций
2025-11-23 18:24:10.276 [main] INFO  r.s.t.c.laba2.jdbc.FunctionDAO - Начало получения всех функций
2025-11-23 18:24:10.305 [main] DEBUG r.s.t.c.laba2.jdbc.FunctionDAO - Выполнение SQL: SELECT id, u_id, name, signature FROM functions
2025-11-23 18:24:10.305 [main] INFO  r.s.t.c.laba2.jdbc.FunctionDAO - Успешно получено 91 функций
2025-11-23 18:24:10.306 [main] INFO  r.s.t.c.laba2.jdbc.FunctionDAOTest - Найдено 91 функций в базе данных
2025-11-23 18:24:10.307 [main] DEBUG r.s.t.c.laba2.jdbc.FunctionDAOTest - Функция из общего списка: Function{id=40073, userId=2, name='updated_func_1762755229170', signature='String processData(int input, String config)'}
2025-11-23 18:24:10.307 [main] DEBUG r.s.t.c.laba2.jdbc.FunctionDAOTest - Функция из общего списка: Function{id=40172, userId=2, name='updated_func_1762804916109', signature='String processData(int input, String config)'}
2025-11-23 18:24:10.307 [main] DEBUG r.s.t.c.laba2.jdbc.FunctionDAOTest - Функция из общего списка: Function{id=40076, userId=1, name='test_func_et_1762755229845', signature='4'}
2025-11-23 18:24:10.308 [main] INFO  r.s.t.c.laba2.jdbc.FunctionDAOTest - Запуск теста: проверка граничных случаев
2025-11-23 18:24:10.308 [main] DEBUG r.s.t.c.laba2.jdbc.FunctionDAO - Поиск функции по ID: -1
2025-11-23 18:24:10.331 [main] DEBUG r.s.t.c.laba2.jdbc.FunctionDAO - Выполнение SQL: SELECT id, u_id, name, signature FROM functions WHERE id = ? с параметром id=-1
2025-11-23 18:24:10.333 [main] DEBUG r.s.t.c.laba2.jdbc.FunctionDAO - Функция с ID -1 не найдена
2025-11-23 18:24:10.333 [main] DEBUG r.s.t.c.laba2.jdbc.FunctionDAO - Поиск функций по ID пользователя: -1
2025-11-23 18:24:10.469 [main] DEBUG r.s.t.c.laba2.jdbc.FunctionDAO - Выполнение SQL: SELECT id, u_id, name, signature FROM functions WHERE u_id = ? с параметром userId=-1
2025-11-23 18:24:10.471 [main] DEBUG r.s.t.c.laba2.jdbc.FunctionDAO - Найдено 0 функций для пользователя -1
2025-11-23 18:24:10.471 [main] DEBUG r.s.t.c.laba2.jdbc.FunctionDAO - Поиск функций по имени: non_existent_function_name_12345
2025-11-23 18:24:10.598 [main] DEBUG r.s.t.c.laba2.jdbc.FunctionDAO - Выполнение SQL: SELECT id, u_id, name, signature FROM functions WHERE name LIKE ? с параметром name=%non_existent_function_name_12345%
2025-11-23 18:24:10.600 [main] DEBUG r.s.t.c.laba2.jdbc.FunctionDAO - Найдено 0 функций по шаблону имени: non_existent_function_name_12345
2025-11-23 18:24:10.600 [main] INFO  r.s.t.c.laba2.jdbc.FunctionDAO - Обновление функции с ID: -1
2025-11-23 18:24:10.622 [main] DEBUG r.s.t.c.laba2.jdbc.FunctionDAO - Выполнение SQL: UPDATE functions SET u_id = ?, name = ?, signature = ? WHERE id = ? с параметрами u_id=1, name=test, signature=***, id=-1
2025-11-23 18:24:10.624 [main] WARN  r.s.t.c.laba2.jdbc.FunctionDAO - Функция с ID -1 не найдена для обновления
2025-11-23 18:24:10.624 [main] INFO  r.s.t.c.laba2.jdbc.FunctionDAO - Обновление сигнатуры функции с ID: -1
2025-11-23 18:24:10.752 [main] DEBUG r.s.t.c.laba2.jdbc.FunctionDAO - Выполнение SQL: UPDATE functions SET signature = ? WHERE id = ? с параметрами signature=***, id=-1
2025-11-23 18:24:10.754 [main] WARN  r.s.t.c.laba2.jdbc.FunctionDAO - Функция с ID -1 не найдена для обновления сигнатуры
2025-11-23 18:24:10.755 [main] INFO  r.s.t.c.laba2.jdbc.FunctionDAOTest - Все граничные случаи обработаны корректно
2025-11-23 18:24:10.756 [main] INFO  r.s.t.c.laba2.jdbc.FunctionDAOTest - Запуск теста: создание функции со специальными символами
2025-11-23 18:24:10.756 [main] INFO  r.s.t.c.laba2.jdbc.FunctionDAO - Создание новой функции: Function{id=null, userId=1, name='function_with_special_测试_тест_1763907850756', signature='List<String> processData(Map<String, Object> input, int maxSize) throws IOException'}
2025-11-23 18:24:10.895 [main] DEBUG r.s.t.c.laba2.jdbc.FunctionDAO - Выполнение SQL: INSERT INTO functions (u_id, name, signature) VALUES (?, ?, ?) с параметрами u_id=1, name=function_with_special_测试_тест_1763907850756, signature=***
2025-11-23 18:24:10.897 [main] DEBUG r.s.t.c.laba2.jdbc.FunctionDAO - Количество затронутых строк: 1
2025-11-23 18:24:10.898 [main] INFO  r.s.t.c.laba2.jdbc.FunctionDAO - Функция успешно создана с ID: 40276
2025-11-23 18:24:10.898 [main] DEBUG r.s.t.c.laba2.jdbc.FunctionDAO - Поиск функции по ID: 40276
2025-11-23 18:24:10.924 [main] DEBUG r.s.t.c.laba2.jdbc.FunctionDAO - Выполнение SQL: SELECT id, u_id, name, signature FROM functions WHERE id = ? с параметром id=40276
2025-11-23 18:24:10.925 [main] DEBUG r.s.t.c.laba2.jdbc.FunctionDAO - Найдена функция: Function{id=40276, userId=1, name='function_with_special_测试_тест_1763907850756', signature='List<String> processData(Map<String, Object> input, int maxSize) throws IOException'}
2025-11-23 18:24:10.925 [main] INFO  r.s.t.c.laba2.jdbc.FunctionDAO - Удаление функции с ID: 40276
2025-11-23 18:24:10.947 [main] DEBUG r.s.t.c.laba2.jdbc.FunctionDAO - Выполнение SQL: DELETE FROM functions WHERE id = ? с параметром id=40276
2025-11-23 18:24:10.949 [main] INFO  r.s.t.c.laba2.jdbc.FunctionDAO - Функция с ID 40276 успешно удалена
2025-11-23 18:24:10.949 [main] INFO  r.s.t.c.laba2.jdbc.FunctionDAOTest - Тест со специальными символами завершен успешно
2025-11-23 18:24:10.950 [main] INFO  r.s.t.c.laba2.jdbc.FunctionDAOTest - Запуск теста: удаление всех функций пользователя
2025-11-23 18:24:10.950 [main] INFO  r.s.t.c.laba2.jdbc.FunctionDAO - Создание новой функции: Function{id=null, userId=999, name='test_func_mollitia_1763907850950', signature='2'}
2025-11-23 18:24:11.079 [main] DEBUG r.s.t.c.laba2.jdbc.FunctionDAO - Выполнение SQL: INSERT INTO functions (u_id, name, signature) VALUES (?, ?, ?) с параметрами u_id=999, name=test_func_mollitia_1763907850950, signature=***
2025-11-23 18:24:11.080 [main] DEBUG r.s.t.c.laba2.jdbc.FunctionDAO - Количество затронутых строк: 1
2025-11-23 18:24:11.081 [main] INFO  r.s.t.c.laba2.jdbc.FunctionDAO - Функция успешно создана с ID: 40277
2025-11-23 18:24:11.081 [main] INFO  r.s.t.c.laba2.jdbc.FunctionDAO - Создание новой функции: Function{id=null, userId=999, name='test_func_accusamus_1763907851081', signature='x'}
2025-11-23 18:24:11.103 [main] DEBUG r.s.t.c.laba2.jdbc.FunctionDAO - Выполнение SQL: INSERT INTO functions (u_id, name, signature) VALUES (?, ?, ?) с параметрами u_id=999, name=test_func_accusamus_1763907851081, signature=***
2025-11-23 18:24:11.105 [main] DEBUG r.s.t.c.laba2.jdbc.FunctionDAO - Количество затронутых строк: 1
2025-11-23 18:24:11.105 [main] INFO  r.s.t.c.laba2.jdbc.FunctionDAO - Функция успешно создана с ID: 40278
2025-11-23 18:24:11.105 [main] INFO  r.s.t.c.laba2.jdbc.FunctionDAO - Создание новой функции: Function{id=null, userId=999, name='test_func_repudiandae_1763907851105', signature='4'}
2025-11-23 18:24:11.127 [main] DEBUG r.s.t.c.laba2.jdbc.FunctionDAO - Выполнение SQL: INSERT INTO functions (u_id, name, signature) VALUES (?, ?, ?) с параметрами u_id=999, name=test_func_repudiandae_1763907851105, signature=***
2025-11-23 18:24:11.129 [main] DEBUG r.s.t.c.laba2.jdbc.FunctionDAO - Количество затронутых строк: 1
2025-11-23 18:24:11.129 [main] INFO  r.s.t.c.laba2.jdbc.FunctionDAO - Функция успешно создана с ID: 40279
2025-11-23 18:24:11.129 [main] DEBUG r.s.t.c.laba2.jdbc.FunctionDAO - Подсчет количества функций пользователя с ID: 999
2025-11-23 18:24:11.151 [main] DEBUG r.s.t.c.laba2.jdbc.FunctionDAO - Выполнение SQL: SELECT COUNT(*) FROM functions WHERE u_id = ? с параметром userId=999
2025-11-23 18:24:11.153 [main] DEBUG r.s.t.c.laba2.jdbc.FunctionDAO - Найдено 3 функций пользователя с ID 999
2025-11-23 18:24:11.153 [main] INFO  r.s.t.c.laba2.jdbc.FunctionDAO - Удаление всех функций пользователя с ID: 999
2025-11-23 18:24:11.277 [main] DEBUG r.s.t.c.laba2.jdbc.FunctionDAO - Выполнение SQL: DELETE FROM functions WHERE u_id = ? с параметром userId=999
2025-11-23 18:24:11.280 [main] INFO  r.s.t.c.laba2.jdbc.FunctionDAO - Удалено 3 функций пользователя с ID 999
2025-11-23 18:24:11.280 [main] DEBUG r.s.t.c.laba2.jdbc.FunctionDAO - Подсчет количества функций пользователя с ID: 999
2025-11-23 18:24:11.302 [main] DEBUG r.s.t.c.laba2.jdbc.FunctionDAO - Выполнение SQL: SELECT COUNT(*) FROM functions WHERE u_id = ? с параметром userId=999
2025-11-23 18:24:11.303 [main] DEBUG r.s.t.c.laba2.jdbc.FunctionDAO - Найдено 0 функций пользователя с ID 999
2025-11-23 18:24:11.304 [main] INFO  r.s.t.c.laba2.jdbc.FunctionDAOTest - Успешно удалено 3 функций пользователя с ID: 999
2025-11-23 18:24:11.305 [main] INFO  r.s.t.c.laba2.jdbc.FunctionDAOTest - Запуск теста: удаление основной тестовой функции по ID
2025-11-23 18:24:11.305 [main] INFO  r.s.t.c.laba2.jdbc.FunctionDAO - Удаление функции с ID: 40271
2025-11-23 18:24:11.436 [main] DEBUG r.s.t.c.laba2.jdbc.FunctionDAO - Выполнение SQL: DELETE FROM functions WHERE id = ? с параметром id=40271
2025-11-23 18:24:11.438 [main] INFO  r.s.t.c.laba2.jdbc.FunctionDAO - Функция с ID 40271 успешно удалена
2025-11-23 18:24:11.438 [main] DEBUG r.s.t.c.laba2.jdbc.FunctionDAO - Поиск функции по ID: 40271
2025-11-23 18:24:11.460 [main] DEBUG r.s.t.c.laba2.jdbc.FunctionDAO - Выполнение SQL: SELECT id, u_id, name, signature FROM functions WHERE id = ? с параметром id=40271
2025-11-23 18:24:11.461 [main] DEBUG r.s.t.c.laba2.jdbc.FunctionDAO - Функция с ID 40271 не найдена
2025-11-23 18:24:11.462 [main] INFO  r.s.t.c.laba2.jdbc.FunctionDAOTest - Основная тестовая функция с ID 40271 успешно удалена
2025-11-23 18:24:11.463 [main] INFO  r.s.t.c.laba2.jdbc.FunctionDAOTest - Запуск теста производительности: поиск всех функций
2025-11-23 18:24:11.463 [main] INFO  r.s.t.c.laba2.jdbc.FunctionDAO - Начало получения всех функций
2025-11-23 18:24:11.489 [main] DEBUG r.s.t.c.laba2.jdbc.FunctionDAO - Выполнение SQL: SELECT id, u_id, name, signature FROM functions
2025-11-23 18:24:11.489 [main] INFO  r.s.t.c.laba2.jdbc.FunctionDAO - Успешно получено 90 функций
2025-11-23 18:24:11.490 [main] INFO  r.s.t.c.laba2.jdbc.FunctionDAOTest - Поиск всех функций выполнен за 27 мс. Найдено 90 записей
2025-11-23 18:24:11.492 [main] INFO  r.s.t.c.laba2.jdbc.FunctionDAOTest - Завершение тестов functionDAO
2025-11-23 18:24:11.513 [main] INFO  r.s.t.c.laba2.jdbc.PointDAOTest - Начало подготовки тестовых данных для функции ID: 9747
2025-11-23 18:24:11.516 [main] INFO  r.s.tk.cheefkeef.laba2.jdbc.PointDAO - Удаление всех точек функции ID: 9747
2025-11-23 18:24:11.544 [main] DEBUG r.s.tk.cheefkeef.laba2.jdbc.PointDAO - Выполнение SQL: DELETE FROM points WHERE f_id = ? с параметром functionId: 9747
2025-11-23 18:24:11.546 [main] INFO  r.s.tk.cheefkeef.laba2.jdbc.PointDAO - Не найдено точек для удаления функции ID: 9747
2025-11-23 18:24:11.546 [main] INFO  r.s.tk.cheefkeef.laba2.jdbc.PointDAO - Создание новой точки: functionId=9747, x=5.5, y=3.53
2025-11-23 18:24:11.684 [main] DEBUG r.s.tk.cheefkeef.laba2.jdbc.PointDAO - Выполнение SQL: INSERT INTO points (f_id, x_value, y_value) VALUES (?, ?, ?) с параметрами: functionId=9747, x=5.5, y=3.53
2025-11-23 18:24:11.687 [main] DEBUG r.s.tk.cheefkeef.laba2.jdbc.PointDAO - Количество затронутых строк: 1
2025-11-23 18:24:11.688 [main] INFO  r.s.tk.cheefkeef.laba2.jdbc.PointDAO - Точка успешно создана с ID: 81050
2025-11-23 18:24:11.688 [main] INFO  r.s.tk.cheefkeef.laba2.jdbc.PointDAO - Создание новой точки: functionId=9747, x=20.59, y=99.42
2025-11-23 18:24:11.721 [main] DEBUG r.s.tk.cheefkeef.laba2.jdbc.PointDAO - Выполнение SQL: INSERT INTO points (f_id, x_value, y_value) VALUES (?, ?, ?) с параметрами: functionId=9747, x=20.59, y=99.42
2025-11-23 18:24:11.723 [main] DEBUG r.s.tk.cheefkeef.laba2.jdbc.PointDAO - Количество затронутых строк: 1
2025-11-23 18:24:11.723 [main] INFO  r.s.tk.cheefkeef.laba2.jdbc.PointDAO - Точка успешно создана с ID: 81051
2025-11-23 18:24:11.723 [main] INFO  r.s.tk.cheefkeef.laba2.jdbc.PointDAO - Создание новой точки: functionId=9747, x=32.99, y=86.48
2025-11-23 18:24:11.745 [main] DEBUG r.s.tk.cheefkeef.laba2.jdbc.PointDAO - Выполнение SQL: INSERT INTO points (f_id, x_value, y_value) VALUES (?, ?, ?) с параметрами: functionId=9747, x=32.99, y=86.48
2025-11-23 18:24:11.746 [main] DEBUG r.s.tk.cheefkeef.laba2.jdbc.PointDAO - Количество затронутых строк: 1
2025-11-23 18:24:11.746 [main] INFO  r.s.tk.cheefkeef.laba2.jdbc.PointDAO - Точка успешно создана с ID: 81052
2025-11-23 18:24:11.746 [main] INFO  r.s.tk.cheefkeef.laba2.jdbc.PointDAO - Создание новой точки: functionId=9747, x=11.44, y=14.42
2025-11-23 18:24:11.767 [main] DEBUG r.s.tk.cheefkeef.laba2.jdbc.PointDAO - Выполнение SQL: INSERT INTO points (f_id, x_value, y_value) VALUES (?, ?, ?) с параметрами: functionId=9747, x=11.44, y=14.42
2025-11-23 18:24:11.769 [main] DEBUG r.s.tk.cheefkeef.laba2.jdbc.PointDAO - Количество затронутых строк: 1
2025-11-23 18:24:11.769 [main] INFO  r.s.tk.cheefkeef.laba2.jdbc.PointDAO - Точка успешно создана с ID: 81053
2025-11-23 18:24:11.769 [main] INFO  r.s.tk.cheefkeef.laba2.jdbc.PointDAO - Создание новой точки: functionId=9747, x=7.52, y=80.13
2025-11-23 18:24:11.910 [main] DEBUG r.s.tk.cheefkeef.laba2.jdbc.PointDAO - Выполнение SQL: INSERT INTO points (f_id, x_value, y_value) VALUES (?, ?, ?) с параметрами: functionId=9747, x=7.52, y=80.13
2025-11-23 18:24:11.912 [main] DEBUG r.s.tk.cheefkeef.laba2.jdbc.PointDAO - Количество затронутых строк: 1
2025-11-23 18:24:11.912 [main] INFO  r.s.tk.cheefkeef.laba2.jdbc.PointDAO - Точка успешно создана с ID: 81054
2025-11-23 18:24:11.912 [main] INFO  r.s.tk.cheefkeef.laba2.jdbc.PointDAO - Поиск точек по ID функции: 9747
2025-11-23 18:24:12.044 [main] DEBUG r.s.tk.cheefkeef.laba2.jdbc.PointDAO - Выполнение SQL: SELECT id, f_id, x_value, y_value FROM points WHERE f_id = ? ORDER BY x_value с параметром functionId: 9747
2025-11-23 18:24:12.047 [main] INFO  r.s.tk.cheefkeef.laba2.jdbc.PointDAO - Найдено 5 точек для функции ID: 9747
2025-11-23 18:24:12.051 [main] INFO  r.s.tk.cheefkeef.laba2.jdbc.PointDAO - Удаление всех точек функции ID: 9747
2025-11-23 18:24:12.183 [main] DEBUG r.s.tk.cheefkeef.laba2.jdbc.PointDAO - Выполнение SQL: DELETE FROM points WHERE f_id = ? с параметром functionId: 9747
2025-11-23 18:24:12.186 [main] INFO  r.s.tk.cheefkeef.laba2.jdbc.PointDAO - Удалено 5 точек функции ID: 9747
2025-11-23 18:24:12.186 [main] INFO  r.s.tk.cheefkeef.laba2.jdbc.PointDAO - Создание новой точки: functionId=9747, x=2.5, y=-0.22
2025-11-23 18:24:12.309 [main] DEBUG r.s.tk.cheefkeef.laba2.jdbc.PointDAO - Выполнение SQL: INSERT INTO points (f_id, x_value, y_value) VALUES (?, ?, ?) с параметрами: functionId=9747, x=2.5, y=-0.22
2025-11-23 18:24:12.311 [main] DEBUG r.s.tk.cheefkeef.laba2.jdbc.PointDAO - Количество затронутых строк: 1
2025-11-23 18:24:12.311 [main] INFO  r.s.tk.cheefkeef.laba2.jdbc.PointDAO - Точка успешно создана с ID: 81055
2025-11-23 18:24:12.311 [main] INFO  r.s.tk.cheefkeef.laba2.jdbc.PointDAO - Создание новой точки: functionId=9747, x=7.8, y=-9.38
2025-11-23 18:24:12.333 [main] DEBUG r.s.tk.cheefkeef.laba2.jdbc.PointDAO - Выполнение SQL: INSERT INTO points (f_id, x_value, y_value) VALUES (?, ?, ?) с параметрами: functionId=9747, x=7.8, y=-9.38
2025-11-23 18:24:12.335 [main] DEBUG r.s.tk.cheefkeef.laba2.jdbc.PointDAO - Количество затронутых строк: 1
2025-11-23 18:24:12.335 [main] INFO  r.s.tk.cheefkeef.laba2.jdbc.PointDAO - Точка успешно создана с ID: 81056
2025-11-23 18:24:12.335 [main] INFO  r.s.tk.cheefkeef.laba2.jdbc.PointDAO - Создание новой точки: functionId=9747, x=12.3, y=6.44
2025-11-23 18:24:12.355 [main] DEBUG r.s.tk.cheefkeef.laba2.jdbc.PointDAO - Выполнение SQL: INSERT INTO points (f_id, x_value, y_value) VALUES (?, ?, ?) с параметрами: functionId=9747, x=12.3, y=6.44
2025-11-23 18:24:12.356 [main] DEBUG r.s.tk.cheefkeef.laba2.jdbc.PointDAO - Количество затронутых строк: 1
2025-11-23 18:24:12.356 [main] INFO  r.s.tk.cheefkeef.laba2.jdbc.PointDAO - Точка успешно создана с ID: 81057
2025-11-23 18:24:12.356 [main] INFO  r.s.tk.cheefkeef.laba2.jdbc.PointDAO - Создание новой точки: functionId=9747, x=18.9, y=-1.64
2025-11-23 18:24:12.479 [main] DEBUG r.s.tk.cheefkeef.laba2.jdbc.PointDAO - Выполнение SQL: INSERT INTO points (f_id, x_value, y_value) VALUES (?, ?, ?) с параметрами: functionId=9747, x=18.9, y=-1.64
2025-11-23 18:24:12.481 [main] DEBUG r.s.tk.cheefkeef.laba2.jdbc.PointDAO - Количество затронутых строк: 1
2025-11-23 18:24:12.481 [main] INFO  r.s.tk.cheefkeef.laba2.jdbc.PointDAO - Точка успешно создана с ID: 81058
2025-11-23 18:24:12.481 [main] INFO  r.s.tk.cheefkeef.laba2.jdbc.PointDAO - Создание новой точки: functionId=9747, x=25.1, y=-1.41
2025-11-23 18:24:12.505 [main] DEBUG r.s.tk.cheefkeef.laba2.jdbc.PointDAO - Выполнение SQL: INSERT INTO points (f_id, x_value, y_value) VALUES (?, ?, ?) с параметрами: functionId=9747, x=25.1, y=-1.41
2025-11-23 18:24:12.507 [main] DEBUG r.s.tk.cheefkeef.laba2.jdbc.PointDAO - Количество затронутых строк: 1
2025-11-23 18:24:12.507 [main] INFO  r.s.tk.cheefkeef.laba2.jdbc.PointDAO - Точка успешно создана с ID: 81059
2025-11-23 18:24:12.507 [main] INFO  r.s.tk.cheefkeef.laba2.jdbc.PointDAO - Поиск точек по диапазону X: от 5.0 до 15.0
2025-11-23 18:24:12.528 [main] DEBUG r.s.tk.cheefkeef.laba2.jdbc.PointDAO - Выполнение SQL: SELECT id, f_id, x_value, y_value FROM points WHERE x_value BETWEEN ? AND ? ORDER BY x_value с параметрами minX: 5.0, maxX: 15.0
2025-11-23 18:24:12.533 [main] INFO  r.s.tk.cheefkeef.laba2.jdbc.PointDAO - Найдено 103 точек в диапазоне X от 5.0 до 15.0
2025-11-23 18:24:12.534 [main] INFO  r.s.tk.cheefkeef.laba2.jdbc.PointDAO - Удаление всех точек функции ID: 9747
2025-11-23 18:24:12.555 [main] DEBUG r.s.tk.cheefkeef.laba2.jdbc.PointDAO - Выполнение SQL: DELETE FROM points WHERE f_id = ? с параметром functionId: 9747
2025-11-23 18:24:12.558 [main] INFO  r.s.tk.cheefkeef.laba2.jdbc.PointDAO - Удалено 5 точек функции ID: 9747
2025-11-23 18:24:12.558 [main] INFO  r.s.tk.cheefkeef.laba2.jdbc.PointDAO - Создание новой точки: functionId=9747, x=17.74, y=-7.2
2025-11-23 18:24:12.681 [main] DEBUG r.s.tk.cheefkeef.laba2.jdbc.PointDAO - Выполнение SQL: INSERT INTO points (f_id, x_value, y_value) VALUES (?, ?, ?) с параметрами: functionId=9747, x=17.74, y=-7.2
2025-11-23 18:24:12.682 [main] DEBUG r.s.tk.cheefkeef.laba2.jdbc.PointDAO - Количество затронутых строк: 1
2025-11-23 18:24:12.682 [main] INFO  r.s.tk.cheefkeef.laba2.jdbc.PointDAO - Точка успешно создана с ID: 81060
2025-11-23 18:24:12.682 [main] INFO  r.s.tk.cheefkeef.laba2.jdbc.PointDAO - Создание новой точки: functionId=9747, x=4.66, y=-3.1
2025-11-23 18:24:12.704 [main] DEBUG r.s.tk.cheefkeef.laba2.jdbc.PointDAO - Выполнение SQL: INSERT INTO points (f_id, x_value, y_value) VALUES (?, ?, ?) с параметрами: functionId=9747, x=4.66, y=-3.1
2025-11-23 18:24:12.706 [main] DEBUG r.s.tk.cheefkeef.laba2.jdbc.PointDAO - Количество затронутых строк: 1
2025-11-23 18:24:12.706 [main] INFO  r.s.tk.cheefkeef.laba2.jdbc.PointDAO - Точка успешно создана с ID: 81061
2025-11-23 18:24:12.706 [main] INFO  r.s.tk.cheefkeef.laba2.jdbc.PointDAO - Создание новой точки: functionId=9747, x=13.82, y=0.0
2025-11-23 18:24:12.727 [main] DEBUG r.s.tk.cheefkeef.laba2.jdbc.PointDAO - Выполнение SQL: INSERT INTO points (f_id, x_value, y_value) VALUES (?, ?, ?) с параметрами: functionId=9747, x=13.82, y=0.0
2025-11-23 18:24:12.728 [main] DEBUG r.s.tk.cheefkeef.laba2.jdbc.PointDAO - Количество затронутых строк: 1
2025-11-23 18:24:12.728 [main] INFO  r.s.tk.cheefkeef.laba2.jdbc.PointDAO - Точка успешно создана с ID: 81062
2025-11-23 18:24:12.729 [main] INFO  r.s.tk.cheefkeef.laba2.jdbc.PointDAO - Создание новой точки: functionId=9747, x=12.99, y=2.8
2025-11-23 18:24:12.750 [main] DEBUG r.s.tk.cheefkeef.laba2.jdbc.PointDAO - Выполнение SQL: INSERT INTO points (f_id, x_value, y_value) VALUES (?, ?, ?) с параметрами: functionId=9747, x=12.99, y=2.8
2025-11-23 18:24:12.751 [main] DEBUG r.s.tk.cheefkeef.laba2.jdbc.PointDAO - Количество затронутых строк: 1
2025-11-23 18:24:12.751 [main] INFO  r.s.tk.cheefkeef.laba2.jdbc.PointDAO - Точка успешно создана с ID: 81063
2025-11-23 18:24:12.751 [main] INFO  r.s.tk.cheefkeef.laba2.jdbc.PointDAO - Создание новой точки: functionId=9747, x=7.28, y=8.5
2025-11-23 18:24:12.771 [main] DEBUG r.s.tk.cheefkeef.laba2.jdbc.PointDAO - Выполнение SQL: INSERT INTO points (f_id, x_value, y_value) VALUES (?, ?, ?) с параметрами: functionId=9747, x=7.28, y=8.5
2025-11-23 18:24:12.773 [main] DEBUG r.s.tk.cheefkeef.laba2.jdbc.PointDAO - Количество затронутых строк: 1
2025-11-23 18:24:12.773 [main] INFO  r.s.tk.cheefkeef.laba2.jdbc.PointDAO - Точка успешно создана с ID: 81064
2025-11-23 18:24:12.773 [main] INFO  r.s.tk.cheefkeef.laba2.jdbc.PointDAO - Создание новой точки: functionId=9747, x=6.79, y=15.3
2025-11-23 18:24:12.903 [main] DEBUG r.s.tk.cheefkeef.laba2.jdbc.PointDAO - Выполнение SQL: INSERT INTO points (f_id, x_value, y_value) VALUES (?, ?, ?) с параметрами: functionId=9747, x=6.79, y=15.3
2025-11-23 18:24:12.905 [main] DEBUG r.s.tk.cheefkeef.laba2.jdbc.PointDAO - Количество затронутых строк: 1
2025-11-23 18:24:12.905 [main] INFO  r.s.tk.cheefkeef.laba2.jdbc.PointDAO - Точка успешно создана с ID: 81065
2025-11-23 18:24:12.905 [main] INFO  r.s.tk.cheefkeef.laba2.jdbc.PointDAO - Поиск точек по диапазону Y: от -5.0 до 5.0
2025-11-23 18:24:12.930 [main] DEBUG r.s.tk.cheefkeef.laba2.jdbc.PointDAO - Выполнение SQL: SELECT id, f_id, x_value, y_value FROM points WHERE y_value BETWEEN ? AND ? ORDER BY y_value с параметрами minY: -5.0, maxY: 5.0
2025-11-23 18:24:12.961 [main] INFO  r.s.tk.cheefkeef.laba2.jdbc.PointDAO - Найдено 5380 точек в диапазоне Y от -5.0 до 5.0
2025-11-23 18:24:12.964 [main] INFO  r.s.tk.cheefkeef.laba2.jdbc.PointDAO - Удаление всех точек функции ID: 9747
2025-11-23 18:24:13.089 [main] DEBUG r.s.tk.cheefkeef.laba2.jdbc.PointDAO - Выполнение SQL: DELETE FROM points WHERE f_id = ? с параметром functionId: 9747
2025-11-23 18:24:13.092 [main] INFO  r.s.tk.cheefkeef.laba2.jdbc.PointDAO - Удалено 6 точек функции ID: 9747
2025-11-23 18:24:13.092 [main] INFO  r.s.tk.cheefkeef.laba2.jdbc.PointDAO - Создание новой точки: functionId=9747, x=69.32, y=51.09
2025-11-23 18:24:13.233 [main] DEBUG r.s.tk.cheefkeef.laba2.jdbc.PointDAO - Выполнение SQL: INSERT INTO points (f_id, x_value, y_value) VALUES (?, ?, ?) с параметрами: functionId=9747, x=69.32, y=51.09
2025-11-23 18:24:13.235 [main] DEBUG r.s.tk.cheefkeef.laba2.jdbc.PointDAO - Количество затронутых строк: 1
2025-11-23 18:24:13.235 [main] INFO  r.s.tk.cheefkeef.laba2.jdbc.PointDAO - Точка успешно создана с ID: 81066
2025-11-23 18:24:13.235 [main] INFO  r.s.tk.cheefkeef.laba2.jdbc.PointDAO - Создание новой точки: functionId=9747, x=59.24, y=63.52
2025-11-23 18:24:13.372 [main] DEBUG r.s.tk.cheefkeef.laba2.jdbc.PointDAO - Выполнение SQL: INSERT INTO points (f_id, x_value, y_value) VALUES (?, ?, ?) с параметрами: functionId=9747, x=59.24, y=63.52
2025-11-23 18:24:13.374 [main] DEBUG r.s.tk.cheefkeef.laba2.jdbc.PointDAO - Количество затронутых строк: 1
2025-11-23 18:24:13.374 [main] INFO  r.s.tk.cheefkeef.laba2.jdbc.PointDAO - Точка успешно создана с ID: 81067
2025-11-23 18:24:13.374 [main] INFO  r.s.tk.cheefkeef.laba2.jdbc.PointDAO - Создание новой точки: functionId=9747, x=26.85, y=18.89
2025-11-23 18:24:13.403 [main] DEBUG r.s.tk.cheefkeef.laba2.jdbc.PointDAO - Выполнение SQL: INSERT INTO points (f_id, x_value, y_value) VALUES (?, ?, ?) с параметрами: functionId=9747, x=26.85, y=18.89
2025-11-23 18:24:13.405 [main] DEBUG r.s.tk.cheefkeef.laba2.jdbc.PointDAO - Количество затронутых строк: 1
2025-11-23 18:24:13.405 [main] INFO  r.s.tk.cheefkeef.laba2.jdbc.PointDAO - Точка успешно создана с ID: 81068
2025-11-23 18:24:13.406 [main] INFO  r.s.tk.cheefkeef.laba2.jdbc.PointDAO - Начало получения всех точек
2025-11-23 18:24:13.435 [main] DEBUG r.s.tk.cheefkeef.laba2.jdbc.PointDAO - Выполнение SQL: SELECT id, f_id, x_value, y_value FROM points
2025-11-23 18:24:13.458 [main] INFO  r.s.tk.cheefkeef.laba2.jdbc.PointDAO - Успешно получено 10003 точек
2025-11-23 18:24:13.460 [main] INFO  r.s.tk.cheefkeef.laba2.jdbc.PointDAO - Удаление всех точек функции ID: 9747
2025-11-23 18:24:13.492 [main] DEBUG r.s.tk.cheefkeef.laba2.jdbc.PointDAO - Выполнение SQL: DELETE FROM points WHERE f_id = ? с параметром functionId: 9747
2025-11-23 18:24:13.496 [main] INFO  r.s.tk.cheefkeef.laba2.jdbc.PointDAO - Удалено 3 точек функции ID: 9747
2025-11-23 18:24:13.496 [main] INFO  r.s.tk.cheefkeef.laba2.jdbc.PointDAO - Создание новой точки: functionId=9747, x=33.3, y=2.29
2025-11-23 18:24:13.525 [main] DEBUG r.s.tk.cheefkeef.laba2.jdbc.PointDAO - Выполнение SQL: INSERT INTO points (f_id, x_value, y_value) VALUES (?, ?, ?) с параметрами: functionId=9747, x=33.3, y=2.29
2025-11-23 18:24:13.527 [main] DEBUG r.s.tk.cheefkeef.laba2.jdbc.PointDAO - Количество затронутых строк: 1
2025-11-23 18:24:13.527 [main] INFO  r.s.tk.cheefkeef.laba2.jdbc.PointDAO - Точка успешно создана с ID: 81069
2025-11-23 18:24:13.528 [main] DEBUG r.s.tk.cheefkeef.laba2.jdbc.PointDAO - Проверка существования точки functionId: 9747, x: 33.3
2025-11-23 18:24:13.554 [main] DEBUG r.s.tk.cheefkeef.laba2.jdbc.PointDAO - Выполнение SQL: SELECT 1 FROM points WHERE f_id = ? AND x_value = ? LIMIT 1 с параметрами: functionId=9747, xValue=33.3
2025-11-23 18:24:13.558 [main] DEBUG r.s.tk.cheefkeef.laba2.jdbc.PointDAO - Точка functionId: 9747, x: 33.3 существует: true
2025-11-23 18:24:13.558 [main] DEBUG r.s.tk.cheefkeef.laba2.jdbc.PointDAO - Проверка существования точки functionId: 9747, x: 999.9
2025-11-23 18:24:13.583 [main] DEBUG r.s.tk.cheefkeef.laba2.jdbc.PointDAO - Выполнение SQL: SELECT 1 FROM points WHERE f_id = ? AND x_value = ? LIMIT 1 с параметрами: functionId=9747, xValue=999.9
2025-11-23 18:24:13.585 [main] DEBUG r.s.tk.cheefkeef.laba2.jdbc.PointDAO - Точка functionId: 9747, x: 999.9 существует: false
2025-11-23 18:24:13.586 [main] INFO  r.s.tk.cheefkeef.laba2.jdbc.PointDAO - Удаление всех точек функции ID: 9747
2025-11-23 18:24:13.611 [main] DEBUG r.s.tk.cheefkeef.laba2.jdbc.PointDAO - Выполнение SQL: DELETE FROM points WHERE f_id = ? с параметром functionId: 9747
2025-11-23 18:24:13.613 [main] INFO  r.s.tk.cheefkeef.laba2.jdbc.PointDAO - Удалено 1 точек функции ID: 9747
2025-11-23 18:24:13.614 [main] INFO  r.s.tk.cheefkeef.laba2.jdbc.PointDAO - Массовое добавление 10 точек
2025-11-23 18:24:13.636 [main] DEBUG r.s.tk.cheefkeef.laba2.jdbc.PointDAO - Начало массовой вставки, авто-коммит отключен
2025-11-23 18:24:13.641 [main] DEBUG r.s.tk.cheefkeef.laba2.jdbc.PointDAO - Массовая вставка выполнена, коммит завершен
2025-11-23 18:24:13.641 [main] INFO  r.s.tk.cheefkeef.laba2.jdbc.PointDAO - Успешно добавлено 10 из 10 точек
2025-11-23 18:24:13.641 [main] INFO  r.s.tk.cheefkeef.laba2.jdbc.PointDAO - Поиск точек по ID функции: 9747
2025-11-23 18:24:13.661 [main] DEBUG r.s.tk.cheefkeef.laba2.jdbc.PointDAO - Выполнение SQL: SELECT id, f_id, x_value, y_value FROM points WHERE f_id = ? ORDER BY x_value с параметром functionId: 9747
2025-11-23 18:24:13.664 [main] INFO  r.s.tk.cheefkeef.laba2.jdbc.PointDAO - Найдено 10 точек для функции ID: 9747
2025-11-23 18:24:13.665 [main] INFO  r.s.tk.cheefkeef.laba2.jdbc.PointDAO - Удаление всех точек функции ID: 9747
2025-11-23 18:24:13.687 [main] DEBUG r.s.tk.cheefkeef.laba2.jdbc.PointDAO - Выполнение SQL: DELETE FROM points WHERE f_id = ? с параметром functionId: 9747
2025-11-23 18:24:13.690 [main] INFO  r.s.tk.cheefkeef.laba2.jdbc.PointDAO - Удалено 10 точек функции ID: 9747
2025-11-23 18:24:13.690 [main] INFO  r.s.tk.cheefkeef.laba2.jdbc.PointDAO - Создание новой точки: functionId=9747, x=75.23, y=60.57
2025-11-23 18:24:13.844 [main] DEBUG r.s.tk.cheefkeef.laba2.jdbc.PointDAO - Выполнение SQL: INSERT INTO points (f_id, x_value, y_value) VALUES (?, ?, ?) с параметрами: functionId=9747, x=75.23, y=60.57
2025-11-23 18:24:13.848 [main] DEBUG r.s.tk.cheefkeef.laba2.jdbc.PointDAO - Количество затронутых строк: 1
2025-11-23 18:24:13.849 [main] INFO  r.s.tk.cheefkeef.laba2.jdbc.PointDAO - Точка успешно создана с ID: 81080
2025-11-23 18:24:13.849 [main] INFO  r.s.tk.cheefkeef.laba2.jdbc.PointDAO - Создание новой точки: functionId=9747, x=22.52, y=17.56
2025-11-23 18:24:14.009 [main] DEBUG r.s.tk.cheefkeef.laba2.jdbc.PointDAO - Выполнение SQL: INSERT INTO points (f_id, x_value, y_value) VALUES (?, ?, ?) с параметрами: functionId=9747, x=22.52, y=17.56
2025-11-23 18:24:14.011 [main] DEBUG r.s.tk.cheefkeef.laba2.jdbc.PointDAO - Количество затронутых строк: 1
2025-11-23 18:24:14.012 [main] INFO  r.s.tk.cheefkeef.laba2.jdbc.PointDAO - Точка успешно создана с ID: 81081
2025-11-23 18:24:14.012 [main] INFO  r.s.tk.cheefkeef.laba2.jdbc.PointDAO - Создание новой точки: functionId=9747, x=26.25, y=83.15
2025-11-23 18:24:14.035 [main] DEBUG r.s.tk.cheefkeef.laba2.jdbc.PointDAO - Выполнение SQL: INSERT INTO points (f_id, x_value, y_value) VALUES (?, ?, ?) с параметрами: functionId=9747, x=26.25, y=83.15
2025-11-23 18:24:14.036 [main] DEBUG r.s.tk.cheefkeef.laba2.jdbc.PointDAO - Количество затронутых строк: 1
2025-11-23 18:24:14.036 [main] INFO  r.s.tk.cheefkeef.laba2.jdbc.PointDAO - Точка успешно создана с ID: 81082
2025-11-23 18:24:14.036 [main] INFO  r.s.tk.cheefkeef.laba2.jdbc.PointDAO - Создание новой точки: functionId=9747, x=40.92, y=14.82
2025-11-23 18:24:14.169 [main] DEBUG r.s.tk.cheefkeef.laba2.jdbc.PointDAO - Выполнение SQL: INSERT INTO points (f_id, x_value, y_value) VALUES (?, ?, ?) с параметрами: functionId=9747, x=40.92, y=14.82
2025-11-23 18:24:14.171 [main] DEBUG r.s.tk.cheefkeef.laba2.jdbc.PointDAO - Количество затронутых строк: 1
2025-11-23 18:24:14.171 [main] INFO  r.s.tk.cheefkeef.laba2.jdbc.PointDAO - Точка успешно создана с ID: 81083
2025-11-23 18:24:14.172 [main] INFO  r.s.tk.cheefkeef.laba2.jdbc.PointDAO - Создание новой точки: functionId=9747, x=50.38, y=79.12
2025-11-23 18:24:14.198 [main] DEBUG r.s.tk.cheefkeef.laba2.jdbc.PointDAO - Выполнение SQL: INSERT INTO points (f_id, x_value, y_value) VALUES (?, ?, ?) с параметрами: functionId=9747, x=50.38, y=79.12
2025-11-23 18:24:14.199 [main] DEBUG r.s.tk.cheefkeef.laba2.jdbc.PointDAO - Количество затронутых строк: 1
2025-11-23 18:24:14.199 [main] INFO  r.s.tk.cheefkeef.laba2.jdbc.PointDAO - Точка успешно создана с ID: 81084
2025-11-23 18:24:14.200 [main] INFO  r.s.tk.cheefkeef.laba2.jdbc.PointDAO - Начало поиска точек с сортировкой: поле=id, направление=ASC
2025-11-23 18:24:14.345 [main] DEBUG r.s.tk.cheefkeef.laba2.jdbc.PointDAO - Выполнение SQL с сортировкой: SELECT id, f_id, x_value, y_value FROM points ORDER BY id ASC
2025-11-23 18:24:14.354 [main] INFO  r.s.tk.cheefkeef.laba2.jdbc.PointDAO - Успешно получено 10005 точек с сортировкой по id ASC
2025-11-23 18:24:14.354 [main] INFO  r.s.tk.cheefkeef.laba2.jdbc.PointDAO - Начало поиска точек с сортировкой: поле=x_value, направление=DESC
2025-11-23 18:24:14.504 [main] DEBUG r.s.tk.cheefkeef.laba2.jdbc.PointDAO - Выполнение SQL с сортировкой: SELECT id, f_id, x_value, y_value FROM points ORDER BY x_value DESC
2025-11-23 18:24:14.513 [main] INFO  r.s.tk.cheefkeef.laba2.jdbc.PointDAO - Успешно получено 10005 точек с сортировкой по x_value DESC
2025-11-23 18:24:14.514 [main] INFO  r.s.tk.cheefkeef.laba2.jdbc.PointDAO - Начало поиска точек с сортировкой: поле=y_value, направление=ASC
2025-11-23 18:24:14.542 [main] DEBUG r.s.tk.cheefkeef.laba2.jdbc.PointDAO - Выполнение SQL с сортировкой: SELECT id, f_id, x_value, y_value FROM points ORDER BY y_value ASC
2025-11-23 18:24:14.550 [main] INFO  r.s.tk.cheefkeef.laba2.jdbc.PointDAO - Успешно получено 10005 точек с сортировкой по y_value ASC
2025-11-23 18:24:14.550 [main] INFO  r.s.tk.cheefkeef.laba2.jdbc.PointDAO - Начало поиска точек с сортировкой: поле=f_id, направление=DESC
2025-11-23 18:24:14.685 [main] DEBUG r.s.tk.cheefkeef.laba2.jdbc.PointDAO - Выполнение SQL с сортировкой: SELECT id, f_id, x_value, y_value FROM points ORDER BY f_id DESC
2025-11-23 18:24:14.692 [main] INFO  r.s.tk.cheefkeef.laba2.jdbc.PointDAO - Успешно получено 10005 точек с сортировкой по f_id DESC
2025-11-23 18:24:14.693 [main] INFO  r.s.tk.cheefkeef.laba2.jdbc.PointDAO - Удаление всех точек функции ID: 9747
2025-11-23 18:24:14.719 [main] DEBUG r.s.tk.cheefkeef.laba2.jdbc.PointDAO - Выполнение SQL: DELETE FROM points WHERE f_id = ? с параметром functionId: 9747
2025-11-23 18:24:14.722 [main] INFO  r.s.tk.cheefkeef.laba2.jdbc.PointDAO - Удалено 5 точек функции ID: 9747
2025-11-23 18:24:14.722 [main] INFO  r.s.tk.cheefkeef.laba2.jdbc.PointDAO - Создание новой точки: functionId=9747, x=74.25, y=72.95
2025-11-23 18:24:14.745 [main] DEBUG r.s.tk.cheefkeef.laba2.jdbc.PointDAO - Выполнение SQL: INSERT INTO points (f_id, x_value, y_value) VALUES (?, ?, ?) с параметрами: functionId=9747, x=74.25, y=72.95
2025-11-23 18:24:14.747 [main] DEBUG r.s.tk.cheefkeef.laba2.jdbc.PointDAO - Количество затронутых строк: 1
2025-11-23 18:24:14.747 [main] INFO  r.s.tk.cheefkeef.laba2.jdbc.PointDAO - Точка успешно создана с ID: 81085
2025-11-23 18:24:14.747 [main] INFO  r.s.tk.cheefkeef.laba2.jdbc.PointDAO - Создание новой точки: functionId=9747, x=73.75, y=52.58
2025-11-23 18:24:14.768 [main] DEBUG r.s.tk.cheefkeef.laba2.jdbc.PointDAO - Выполнение SQL: INSERT INTO points (f_id, x_value, y_value) VALUES (?, ?, ?) с параметрами: functionId=9747, x=73.75, y=52.58
2025-11-23 18:24:14.770 [main] DEBUG r.s.tk.cheefkeef.laba2.jdbc.PointDAO - Количество затронутых строк: 1
2025-11-23 18:24:14.770 [main] INFO  r.s.tk.cheefkeef.laba2.jdbc.PointDAO - Точка успешно создана с ID: 81086
2025-11-23 18:24:14.770 [main] INFO  r.s.tk.cheefkeef.laba2.jdbc.PointDAO - Создание новой точки: functionId=9747, x=48.69, y=91.12
2025-11-23 18:24:14.903 [main] DEBUG r.s.tk.cheefkeef.laba2.jdbc.PointDAO - Выполнение SQL: INSERT INTO points (f_id, x_value, y_value) VALUES (?, ?, ?) с параметрами: functionId=9747, x=48.69, y=91.12
2025-11-23 18:24:14.905 [main] DEBUG r.s.tk.cheefkeef.laba2.jdbc.PointDAO - Количество затронутых строк: 1
2025-11-23 18:24:14.905 [main] INFO  r.s.tk.cheefkeef.laba2.jdbc.PointDAO - Точка успешно создана с ID: 81087
2025-11-23 18:24:14.906 [main] INFO  r.s.tk.cheefkeef.laba2.jdbc.PointDAO - Создание новой точки: functionId=9747, x=16.44, y=23.01
2025-11-23 18:24:14.932 [main] DEBUG r.s.tk.cheefkeef.laba2.jdbc.PointDAO - Выполнение SQL: INSERT INTO points (f_id, x_value, y_value) VALUES (?, ?, ?) с параметрами: functionId=9747, x=16.44, y=23.01
2025-11-23 18:24:14.934 [main] DEBUG r.s.tk.cheefkeef.laba2.jdbc.PointDAO - Количество затронутых строк: 1
2025-11-23 18:24:14.934 [main] INFO  r.s.tk.cheefkeef.laba2.jdbc.PointDAO - Точка успешно создана с ID: 81088
2025-11-23 18:24:14.934 [main] INFO  r.s.tk.cheefkeef.laba2.jdbc.PointDAO - Создание новой точки: functionId=9747, x=82.55, y=85.79
2025-11-23 18:24:15.057 [main] DEBUG r.s.tk.cheefkeef.laba2.jdbc.PointDAO - Выполнение SQL: INSERT INTO points (f_id, x_value, y_value) VALUES (?, ?, ?) с параметрами: functionId=9747, x=82.55, y=85.79
2025-11-23 18:24:15.059 [main] DEBUG r.s.tk.cheefkeef.laba2.jdbc.PointDAO - Количество затронутых строк: 1
2025-11-23 18:24:15.059 [main] INFO  r.s.tk.cheefkeef.laba2.jdbc.PointDAO - Точка успешно создана с ID: 81089
2025-11-23 18:24:15.059 [main] INFO  r.s.tk.cheefkeef.laba2.jdbc.PointDAO - Удаление всех точек функции ID: 9747
2025-11-23 18:24:15.194 [main] DEBUG r.s.tk.cheefkeef.laba2.jdbc.PointDAO - Выполнение SQL: DELETE FROM points WHERE f_id = ? с параметром functionId: 9747
2025-11-23 18:24:15.196 [main] INFO  r.s.tk.cheefkeef.laba2.jdbc.PointDAO - Удалено 5 точек функции ID: 9747
2025-11-23 18:24:15.196 [main] INFO  r.s.tk.cheefkeef.laba2.jdbc.PointDAO - Поиск точек по ID функции: 9747
2025-11-23 18:24:15.217 [main] DEBUG r.s.tk.cheefkeef.laba2.jdbc.PointDAO - Выполнение SQL: SELECT id, f_id, x_value, y_value FROM points WHERE f_id = ? ORDER BY x_value с параметром functionId: 9747
2025-11-23 18:24:15.219 [main] INFO  r.s.tk.cheefkeef.laba2.jdbc.PointDAO - Найдено 0 точек для функции ID: 9747
2025-11-23 18:24:15.221 [main] INFO  r.s.tk.cheefkeef.laba2.jdbc.PointDAO - Удаление всех точек функции ID: 9747
2025-11-23 18:24:15.244 [main] DEBUG r.s.tk.cheefkeef.laba2.jdbc.PointDAO - Выполнение SQL: DELETE FROM points WHERE f_id = ? с параметром functionId: 9747
2025-11-23 18:24:15.246 [main] INFO  r.s.tk.cheefkeef.laba2.jdbc.PointDAO - Не найдено точек для удаления функции ID: 9747
2025-11-23 18:24:15.247 [main] INFO  r.s.tk.cheefkeef.laba2.jdbc.PointDAO - Создание новой точки: functionId=9747, x=2.5, y=-5.58
2025-11-23 18:24:15.366 [main] DEBUG r.s.tk.cheefkeef.laba2.jdbc.PointDAO - Выполнение SQL: INSERT INTO points (f_id, x_value, y_value) VALUES (?, ?, ?) с параметрами: functionId=9747, x=2.5, y=-5.58
2025-11-23 18:24:15.368 [main] DEBUG r.s.tk.cheefkeef.laba2.jdbc.PointDAO - Количество затронутых строк: 1
2025-11-23 18:24:15.368 [main] INFO  r.s.tk.cheefkeef.laba2.jdbc.PointDAO - Точка успешно создана с ID: 81090
2025-11-23 18:24:15.368 [main] INFO  r.s.tk.cheefkeef.laba2.jdbc.PointDAO - Создание новой точки: functionId=9747, x=7.8, y=1.21
2025-11-23 18:24:15.390 [main] DEBUG r.s.tk.cheefkeef.laba2.jdbc.PointDAO - Выполнение SQL: INSERT INTO points (f_id, x_value, y_value) VALUES (?, ?, ?) с параметрами: functionId=9747, x=7.8, y=1.21
2025-11-23 18:24:15.391 [main] DEBUG r.s.tk.cheefkeef.laba2.jdbc.PointDAO - Количество затронутых строк: 1
2025-11-23 18:24:15.391 [main] INFO  r.s.tk.cheefkeef.laba2.jdbc.PointDAO - Точка успешно создана с ID: 81091
2025-11-23 18:24:15.392 [main] INFO  r.s.tk.cheefkeef.laba2.jdbc.PointDAO - Создание новой точки: functionId=9747, x=12.3, y=-5.49
2025-11-23 18:24:15.412 [main] DEBUG r.s.tk.cheefkeef.laba2.jdbc.PointDAO - Выполнение SQL: INSERT INTO points (f_id, x_value, y_value) VALUES (?, ?, ?) с параметрами: functionId=9747, x=12.3, y=-5.49
2025-11-23 18:24:15.414 [main] DEBUG r.s.tk.cheefkeef.laba2.jdbc.PointDAO - Количество затронутых строк: 1
2025-11-23 18:24:15.414 [main] INFO  r.s.tk.cheefkeef.laba2.jdbc.PointDAO - Точка успешно создана с ID: 81092
2025-11-23 18:24:15.414 [main] INFO  r.s.tk.cheefkeef.laba2.jdbc.PointDAO - Создание новой точки: functionId=9747, x=18.9, y=2.94
2025-11-23 18:24:15.436 [main] DEBUG r.s.tk.cheefkeef.laba2.jdbc.PointDAO - Выполнение SQL: INSERT INTO points (f_id, x_value, y_value) VALUES (?, ?, ?) с параметрами: functionId=9747, x=18.9, y=2.94
2025-11-23 18:24:15.437 [main] DEBUG r.s.tk.cheefkeef.laba2.jdbc.PointDAO - Количество затронутых строк: 1
2025-11-23 18:24:15.437 [main] INFO  r.s.tk.cheefkeef.laba2.jdbc.PointDAO - Точка успешно создана с ID: 81093
2025-11-23 18:24:15.438 [main] INFO  r.s.tk.cheefkeef.laba2.jdbc.PointDAO - Создание новой точки: functionId=9747, x=25.1, y=6.31
2025-11-23 18:24:15.460 [main] DEBUG r.s.tk.cheefkeef.laba2.jdbc.PointDAO - Выполнение SQL: INSERT INTO points (f_id, x_value, y_value) VALUES (?, ?, ?) с параметрами: functionId=9747, x=25.1, y=6.31
2025-11-23 18:24:15.461 [main] DEBUG r.s.tk.cheefkeef.laba2.jdbc.PointDAO - Количество затронутых строк: 1
2025-11-23 18:24:15.461 [main] INFO  r.s.tk.cheefkeef.laba2.jdbc.PointDAO - Точка успешно создана с ID: 81094
2025-11-23 18:24:15.462 [main] DEBUG r.s.tk.cheefkeef.laba2.jdbc.PointDAO - Получение диапазона X для функции ID: 9747
2025-11-23 18:24:15.586 [main] DEBUG r.s.tk.cheefkeef.laba2.jdbc.PointDAO - Выполнение SQL: SELECT MIN(x_value), MAX(x_value) FROM points WHERE f_id = ? с параметром functionId: 9747
2025-11-23 18:24:15.589 [main] DEBUG r.s.tk.cheefkeef.laba2.jdbc.PointDAO - Диапазон X для функции ID: 9747 - от 2.5 до 25.1
2025-11-23 18:24:15.591 [main] INFO  r.s.tk.cheefkeef.laba2.jdbc.PointDAO - Удаление всех точек функции ID: 9747
2025-11-23 18:24:15.615 [main] DEBUG r.s.tk.cheefkeef.laba2.jdbc.PointDAO - Выполнение SQL: DELETE FROM points WHERE f_id = ? с параметром functionId: 9747
2025-11-23 18:24:15.617 [main] INFO  r.s.tk.cheefkeef.laba2.jdbc.PointDAO - Удалено 5 точек функции ID: 9747
2025-11-23 18:24:15.617 [main] INFO  r.s.tk.cheefkeef.laba2.jdbc.PointDAO - Создание новой точки: functionId=9747, x=81.47, y=62.7
2025-11-23 18:24:15.739 [main] DEBUG r.s.tk.cheefkeef.laba2.jdbc.PointDAO - Выполнение SQL: INSERT INTO points (f_id, x_value, y_value) VALUES (?, ?, ?) с параметрами: functionId=9747, x=81.47, y=62.7
2025-11-23 18:24:15.740 [main] DEBUG r.s.tk.cheefkeef.laba2.jdbc.PointDAO - Количество затронутых строк: 1
2025-11-23 18:24:15.740 [main] INFO  r.s.tk.cheefkeef.laba2.jdbc.PointDAO - Точка успешно создана с ID: 81095
2025-11-23 18:24:15.740 [main] INFO  r.s.tk.cheefkeef.laba2.jdbc.PointDAO - Создание новой точки: functionId=9747, x=63.58, y=64.82
2025-11-23 18:24:15.762 [main] DEBUG r.s.tk.cheefkeef.laba2.jdbc.PointDAO - Выполнение SQL: INSERT INTO points (f_id, x_value, y_value) VALUES (?, ?, ?) с параметрами: functionId=9747, x=63.58, y=64.82
2025-11-23 18:24:15.763 [main] DEBUG r.s.tk.cheefkeef.laba2.jdbc.PointDAO - Количество затронутых строк: 1
2025-11-23 18:24:15.763 [main] INFO  r.s.tk.cheefkeef.laba2.jdbc.PointDAO - Точка успешно создана с ID: 81096
2025-11-23 18:24:15.763 [main] INFO  r.s.tk.cheefkeef.laba2.jdbc.PointDAO - Создание новой точки: functionId=9747, x=60.87, y=7.49
2025-11-23 18:24:15.905 [main] DEBUG r.s.tk.cheefkeef.laba2.jdbc.PointDAO - Выполнение SQL: INSERT INTO points (f_id, x_value, y_value) VALUES (?, ?, ?) с параметрами: functionId=9747, x=60.87, y=7.49
2025-11-23 18:24:15.907 [main] DEBUG r.s.tk.cheefkeef.laba2.jdbc.PointDAO - Количество затронутых строк: 1
2025-11-23 18:24:15.907 [main] INFO  r.s.tk.cheefkeef.laba2.jdbc.PointDAO - Точка успешно создана с ID: 81097
2025-11-23 18:24:15.907 [main] INFO  r.s.tk.cheefkeef.laba2.jdbc.PointDAO - Начало поиска точек с сортировкой: поле=invalid_field, направление=INVALID_DIRECTION
2025-11-23 18:24:15.907 [main] WARN  r.s.tk.cheefkeef.laba2.jdbc.PointDAO - Попытка сортировки по недопустимому полю: invalid_field
2025-11-23 18:24:15.907 [main] WARN  r.s.tk.cheefkeef.laba2.jdbc.PointDAO - Недопустимое направление сортировки: INVALID_DIRECTION, установлено ASC
2025-11-23 18:24:16.045 [main] DEBUG r.s.tk.cheefkeef.laba2.jdbc.PointDAO - Выполнение SQL с сортировкой: SELECT id, f_id, x_value, y_value FROM points ORDER BY id ASC
2025-11-23 18:24:16.053 [main] INFO  r.s.tk.cheefkeef.laba2.jdbc.PointDAO - Успешно получено 10003 точек с сортировкой по id ASC
2025-11-23 18:24:16.054 [main] INFO  r.s.tk.cheefkeef.laba2.jdbc.PointDAO - Удаление всех точек функции ID: 9747
2025-11-23 18:24:16.175 [main] DEBUG r.s.tk.cheefkeef.laba2.jdbc.PointDAO - Выполнение SQL: DELETE FROM points WHERE f_id = ? с параметром functionId: 9747
2025-11-23 18:24:16.177 [main] INFO  r.s.tk.cheefkeef.laba2.jdbc.PointDAO - Удалено 3 точек функции ID: 9747
2025-11-23 18:24:16.178 [main] INFO  r.s.tk.cheefkeef.laba2.jdbc.PointDAO - Создание новой точки: functionId=9747, x=42.5, y=-45.01
2025-11-23 18:24:16.298 [main] DEBUG r.s.tk.cheefkeef.laba2.jdbc.PointDAO - Выполнение SQL: INSERT INTO points (f_id, x_value, y_value) VALUES (?, ?, ?) с параметрами: functionId=9747, x=42.5, y=-45.01
2025-11-23 18:24:16.300 [main] DEBUG r.s.tk.cheefkeef.laba2.jdbc.PointDAO - Количество затронутых строк: 1
2025-11-23 18:24:16.300 [main] INFO  r.s.tk.cheefkeef.laba2.jdbc.PointDAO - Точка успешно создана с ID: 81098
2025-11-23 18:24:16.300 [main] INFO  r.s.tk.cheefkeef.laba2.jdbc.PointDAO - Поиск точки по functionId: 9747 и X: 42.5
2025-11-23 18:24:16.320 [main] DEBUG r.s.tk.cheefkeef.laba2.jdbc.PointDAO - Выполнение SQL: SELECT id, f_id, x_value, y_value FROM points WHERE f_id = ? AND x_value = ? с параметрами functionId: 9747, xValue: 42.5
2025-11-23 18:24:16.322 [main] INFO  r.s.tk.cheefkeef.laba2.jdbc.PointDAO - Точка найдена для functionId: 9747 и X: 42.5
2025-11-23 18:24:16.325 [main] INFO  r.s.tk.cheefkeef.laba2.jdbc.PointDAO - Удаление всех точек функции ID: 9747
2025-11-23 18:24:16.458 [main] DEBUG r.s.tk.cheefkeef.laba2.jdbc.PointDAO - Выполнение SQL: DELETE FROM points WHERE f_id = ? с параметром functionId: 9747
2025-11-23 18:24:16.461 [main] INFO  r.s.tk.cheefkeef.laba2.jdbc.PointDAO - Удалено 1 точек функции ID: 9747
2025-11-23 18:24:16.461 [main] INFO  r.s.tk.cheefkeef.laba2.jdbc.PointDAO - Поиск точки по ID: -1
2025-11-23 18:24:16.483 [main] DEBUG r.s.tk.cheefkeef.laba2.jdbc.PointDAO - Выполнение SQL: SELECT id, f_id, x_value, y_value FROM points WHERE id = ? с параметром ID: -1
2025-11-23 18:24:16.484 [main] INFO  r.s.tk.cheefkeef.laba2.jdbc.PointDAO - Точка с ID -1 не найдена
2025-11-23 18:24:16.485 [main] INFO  r.s.tk.cheefkeef.laba2.jdbc.PointDAO - Удаление всех точек функции ID: 9747
2025-11-23 18:24:16.507 [main] DEBUG r.s.tk.cheefkeef.laba2.jdbc.PointDAO - Выполнение SQL: DELETE FROM points WHERE f_id = ? с параметром functionId: 9747
2025-11-23 18:24:16.510 [main] INFO  r.s.tk.cheefkeef.laba2.jdbc.PointDAO - Не найдено точек для удаления функции ID: 9747
2025-11-23 18:24:16.510 [main] INFO  r.s.tk.cheefkeef.laba2.jdbc.PointDAO - Создание новой точки: functionId=9747, x=87.13, y=4.75
2025-11-23 18:24:16.530 [main] DEBUG r.s.tk.cheefkeef.laba2.jdbc.PointDAO - Выполнение SQL: INSERT INTO points (f_id, x_value, y_value) VALUES (?, ?, ?) с параметрами: functionId=9747, x=87.13, y=4.75
2025-11-23 18:24:16.532 [main] DEBUG r.s.tk.cheefkeef.laba2.jdbc.PointDAO - Количество затронутых строк: 1
2025-11-23 18:24:16.532 [main] INFO  r.s.tk.cheefkeef.laba2.jdbc.PointDAO - Точка успешно создана с ID: 81099
2025-11-23 18:24:16.532 [main] INFO  r.s.tk.cheefkeef.laba2.jdbc.PointDAO - Создание новой точки: functionId=9747, x=55.4, y=37.55
2025-11-23 18:24:16.554 [main] DEBUG r.s.tk.cheefkeef.laba2.jdbc.PointDAO - Выполнение SQL: INSERT INTO points (f_id, x_value, y_value) VALUES (?, ?, ?) с параметрами: functionId=9747, x=55.4, y=37.55
2025-11-23 18:24:16.556 [main] DEBUG r.s.tk.cheefkeef.laba2.jdbc.PointDAO - Количество затронутых строк: 1
2025-11-23 18:24:16.556 [main] INFO  r.s.tk.cheefkeef.laba2.jdbc.PointDAO - Точка успешно создана с ID: 81100
2025-11-23 18:24:16.556 [main] INFO  r.s.tk.cheefkeef.laba2.jdbc.PointDAO - Создание новой точки: functionId=9747, x=36.93, y=70.28
2025-11-23 18:24:16.577 [main] DEBUG r.s.tk.cheefkeef.laba2.jdbc.PointDAO - Выполнение SQL: INSERT INTO points (f_id, x_value, y_value) VALUES (?, ?, ?) с параметрами: functionId=9747, x=36.93, y=70.28
2025-11-23 18:24:16.578 [main] DEBUG r.s.tk.cheefkeef.laba2.jdbc.PointDAO - Количество затронутых строк: 1
2025-11-23 18:24:16.579 [main] INFO  r.s.tk.cheefkeef.laba2.jdbc.PointDAO - Точка успешно создана с ID: 81101
2025-11-23 18:24:16.579 [main] INFO  r.s.tk.cheefkeef.laba2.jdbc.PointDAO - Создание новой точки: functionId=9747, x=43.89, y=10.86
2025-11-23 18:24:16.599 [main] DEBUG r.s.tk.cheefkeef.laba2.jdbc.PointDAO - Выполнение SQL: INSERT INTO points (f_id, x_value, y_value) VALUES (?, ?, ?) с параметрами: functionId=9747, x=43.89, y=10.86
2025-11-23 18:24:16.601 [main] DEBUG r.s.tk.cheefkeef.laba2.jdbc.PointDAO - Количество затронутых строк: 1
2025-11-23 18:24:16.601 [main] INFO  r.s.tk.cheefkeef.laba2.jdbc.PointDAO - Точка успешно создана с ID: 81102
2025-11-23 18:24:16.601 [main] INFO  r.s.tk.cheefkeef.laba2.jdbc.PointDAO - Создание новой точки: functionId=9747, x=88.51, y=48.38
2025-11-23 18:24:16.622 [main] DEBUG r.s.tk.cheefkeef.laba2.jdbc.PointDAO - Выполнение SQL: INSERT INTO points (f_id, x_value, y_value) VALUES (?, ?, ?) с параметрами: functionId=9747, x=88.51, y=48.38
2025-11-23 18:24:16.623 [main] DEBUG r.s.tk.cheefkeef.laba2.jdbc.PointDAO - Количество затронутых строк: 1
2025-11-23 18:24:16.623 [main] INFO  r.s.tk.cheefkeef.laba2.jdbc.PointDAO - Точка успешно создана с ID: 81103
2025-11-23 18:24:16.623 [main] INFO  r.s.tk.cheefkeef.laba2.jdbc.PointDAO - Создание новой точки: functionId=9747, x=61.62, y=0.15
2025-11-23 18:24:16.645 [main] DEBUG r.s.tk.cheefkeef.laba2.jdbc.PointDAO - Выполнение SQL: INSERT INTO points (f_id, x_value, y_value) VALUES (?, ?, ?) с параметрами: functionId=9747, x=61.62, y=0.15
2025-11-23 18:24:16.647 [main] DEBUG r.s.tk.cheefkeef.laba2.jdbc.PointDAO - Количество затронутых строк: 1
2025-11-23 18:24:16.647 [main] INFO  r.s.tk.cheefkeef.laba2.jdbc.PointDAO - Точка успешно создана с ID: 81104
2025-11-23 18:24:16.647 [main] INFO  r.s.tk.cheefkeef.laba2.jdbc.PointDAO - Создание новой точки: functionId=9747, x=21.76, y=68.56
2025-11-23 18:24:16.781 [main] DEBUG r.s.tk.cheefkeef.laba2.jdbc.PointDAO - Выполнение SQL: INSERT INTO points (f_id, x_value, y_value) VALUES (?, ?, ?) с параметрами: functionId=9747, x=21.76, y=68.56
2025-11-23 18:24:16.782 [main] DEBUG r.s.tk.cheefkeef.laba2.jdbc.PointDAO - Количество затронутых строк: 1
2025-11-23 18:24:16.782 [main] INFO  r.s.tk.cheefkeef.laba2.jdbc.PointDAO - Точка успешно создана с ID: 81105
2025-11-23 18:24:16.782 [main] DEBUG r.s.tk.cheefkeef.laba2.jdbc.PointDAO - Подсчет количества точек функции ID: 9747
2025-11-23 18:24:16.912 [main] DEBUG r.s.tk.cheefkeef.laba2.jdbc.PointDAO - Выполнение SQL: SELECT COUNT(*) FROM points WHERE f_id = ? с параметром functionId: 9747
2025-11-23 18:24:16.915 [main] DEBUG r.s.tk.cheefkeef.laba2.jdbc.PointDAO - Найдено 7 точек для функции ID: 9747
2025-11-23 18:24:16.916 [main] INFO  r.s.tk.cheefkeef.laba2.jdbc.PointDAO - Удаление всех точек функции ID: 9747
2025-11-23 18:24:17.052 [main] DEBUG r.s.tk.cheefkeef.laba2.jdbc.PointDAO - Выполнение SQL: DELETE FROM points WHERE f_id = ? с параметром functionId: 9747
2025-11-23 18:24:17.055 [main] INFO  r.s.tk.cheefkeef.laba2.jdbc.PointDAO - Удалено 7 точек функции ID: 9747
2025-11-23 18:24:17.055 [main] INFO  r.s.t.c.laba2.jdbc.PointDAOTest - Очистка тестовых данных завершена
2025-11-23 18:24:17.059 [main] INFO  r.s.t.c.laba2.jdbc.UserDAOTest - Инициализация тестового окружения UserDAO
2025-11-23 18:24:17.091 [main] DEBUG r.s.t.c.laba2.jdbc.UserDAOTest - Создан тестовый пользователь: User{id=null, login='testuser_владимир_голубева_1763907857090', role=user, enabled=true}
2025-11-23 18:24:17.091 [main] INFO  r.s.t.c.laba2.jdbc.UserDAOTest - Запуск теста: создание пользователя
2025-11-23 18:24:17.091 [main] INFO  r.s.tk.cheefkeef.laba2.jdbc.UserDAO - Создание нового пользователя: testuser_владимир_голубева_1763907857090
2025-11-23 18:24:17.116 [main] INFO  r.s.tk.cheefkeef.laba2.jdbc.UserDAO - Пользователь testuser_владимир_голубева_1763907857090 успешно создан с ID: 40268
2025-11-23 18:24:17.117 [main] INFO  r.s.t.c.laba2.jdbc.UserDAOTest - Успешно создан пользователь с ID: 40268
2025-11-23 18:24:17.118 [main] INFO  r.s.t.c.laba2.jdbc.UserDAOTest - Запуск теста: поиск пользователя по ID
2025-11-23 18:24:17.118 [main] DEBUG r.s.tk.cheefkeef.laba2.jdbc.UserDAO - Поиск пользователя по ID: 40268
2025-11-23 18:24:17.256 [main] DEBUG r.s.tk.cheefkeef.laba2.jdbc.UserDAO - Пользователь с ID 40268 найден: testuser_владимир_голубева_1763907857090
2025-11-23 18:24:17.256 [main] DEBUG r.s.t.c.laba2.jdbc.UserDAOTest - Найден пользователь: User{id=40268, login='testuser_владимир_голубева_1763907857090', role=user, enabled=true}
2025-11-23 18:24:17.258 [main] INFO  r.s.t.c.laba2.jdbc.UserDAOTest - Запуск теста: поиск пользователя по логину
2025-11-23 18:24:17.258 [main] DEBUG r.s.tk.cheefkeef.laba2.jdbc.UserDAO - Поиск пользователя по login: testuser_владимир_голубева_1763907857090
2025-11-23 18:24:17.284 [main] DEBUG r.s.tk.cheefkeef.laba2.jdbc.UserDAO - Пользователь с login testuser_владимир_голубева_1763907857090 найден
2025-11-23 18:24:17.284 [main] DEBUG r.s.t.c.laba2.jdbc.UserDAOTest - Найден пользователь по логину testuser_владимир_голубева_1763907857090: User{id=40268, login='testuser_владимир_голубева_1763907857090', role=user, enabled=true}
2025-11-23 18:24:17.285 [main] INFO  r.s.t.c.laba2.jdbc.UserDAOTest - Запуск теста: получение всех пользователей
2025-11-23 18:24:17.285 [main] INFO  r.s.tk.cheefkeef.laba2.jdbc.UserDAO - Начало получения всех пользователей
2025-11-23 18:24:17.312 [main] INFO  r.s.tk.cheefkeef.laba2.jdbc.UserDAO - Успешно получено 114 пользователей
2025-11-23 18:24:17.312 [main] INFO  r.s.t.c.laba2.jdbc.UserDAOTest - Найдено 114 пользователей
2025-11-23 18:24:17.314 [main] INFO  r.s.t.c.laba2.jdbc.UserDAOTest - Запуск теста: поиск пользователей по роли
2025-11-23 18:24:17.314 [main] DEBUG r.s.tk.cheefkeef.laba2.jdbc.UserDAO - Поиск пользователей по роли: user
2025-11-23 18:24:17.341 [main] DEBUG r.s.tk.cheefkeef.laba2.jdbc.UserDAO - Найдено 55 пользователей с ролью user
2025-11-23 18:24:17.341 [main] INFO  r.s.t.c.laba2.jdbc.UserDAOTest - Найдено 55 пользователей с ролью 'user'
2025-11-23 18:24:17.342 [main] INFO  r.s.t.c.laba2.jdbc.UserDAOTest - Запуск теста: поиск пользователей по статусу enabled
2025-11-23 18:24:17.342 [main] DEBUG r.s.tk.cheefkeef.laba2.jdbc.UserDAO - Поиск пользователей по статусу enabled: true
2025-11-23 18:24:17.367 [main] DEBUG r.s.tk.cheefkeef.laba2.jdbc.UserDAO - Найдено 66 пользователей со статусом enabled = true
2025-11-23 18:24:17.368 [main] DEBUG r.s.tk.cheefkeef.laba2.jdbc.UserDAO - Поиск пользователей по статусу enabled: false
2025-11-23 18:24:17.517 [main] DEBUG r.s.tk.cheefkeef.laba2.jdbc.UserDAO - Найдено 48 пользователей со статусом enabled = false
2025-11-23 18:24:17.518 [main] INFO  r.s.t.c.laba2.jdbc.UserDAOTest - Найдено 66 активных и 48 неактивных пользователей
2025-11-23 18:24:17.520 [main] INFO  r.s.t.c.laba2.jdbc.UserDAOTest - Запуск теста: обновление пользователя
2025-11-23 18:24:17.521 [main] INFO  r.s.tk.cheefkeef.laba2.jdbc.UserDAO - Обновление пользователя с ID: 40268
2025-11-23 18:24:17.693 [main] INFO  r.s.tk.cheefkeef.laba2.jdbc.UserDAO - Пользователь с ID 40268 успешно обновлен
2025-11-23 18:24:17.693 [main] DEBUG r.s.tk.cheefkeef.laba2.jdbc.UserDAO - Поиск пользователя по ID: 40268
2025-11-23 18:24:17.828 [main] DEBUG r.s.tk.cheefkeef.laba2.jdbc.UserDAO - Пользователь с ID 40268 найден: testuser_наталья_панов_1763907857521
2025-11-23 18:24:17.828 [main] INFO  r.s.t.c.laba2.jdbc.UserDAOTest - Пользователь успешно обновлен: User{id=40268, login='testuser_наталья_панов_1763907857521', role=admin, enabled=false}
2025-11-23 18:24:17.829 [main] INFO  r.s.t.c.laba2.jdbc.UserDAOTest - Запуск теста: обновление только статуса enabled
2025-11-23 18:24:17.829 [main] INFO  r.s.tk.cheefkeef.laba2.jdbc.UserDAO - Обновление статуса enabled для пользователя с ID: 40268, новое значение: true
2025-11-23 18:24:17.856 [main] INFO  r.s.tk.cheefkeef.laba2.jdbc.UserDAO - Статус enabled для пользователя с ID 40268 успешно обновлен на true
2025-11-23 18:24:17.856 [main] DEBUG r.s.tk.cheefkeef.laba2.jdbc.UserDAO - Поиск пользователя по ID: 40268
2025-11-23 18:24:17.995 [main] DEBUG r.s.tk.cheefkeef.laba2.jdbc.UserDAO - Пользователь с ID 40268 найден: testuser_наталья_панов_1763907857521
2025-11-23 18:24:17.995 [main] INFO  r.s.t.c.laba2.jdbc.UserDAOTest - Статус enabled успешно обновлен на true
2025-11-23 18:24:17.997 [main] INFO  r.s.t.c.laba2.jdbc.UserDAOTest - Запуск теста: создание нескольких пользователей с Faker
2025-11-23 18:24:17.998 [main] INFO  r.s.tk.cheefkeef.laba2.jdbc.UserDAO - Создание нового пользователя: testuser_артём_елисеева_1763907857997
2025-11-23 18:24:18.121 [main] INFO  r.s.tk.cheefkeef.laba2.jdbc.UserDAO - Пользователь testuser_артём_елисеева_1763907857997 успешно создан с ID: 40269
2025-11-23 18:24:18.122 [main] DEBUG r.s.t.c.laba2.jdbc.UserDAOTest - Создан случайный пользователь #1/5: User{id=40269, login='testuser_артём_елисеева_1763907857997', role=admin, enabled=false}
2025-11-23 18:24:18.122 [main] INFO  r.s.tk.cheefkeef.laba2.jdbc.UserDAO - Создание нового пользователя: testuser_татьяна_зуев_1763907858122
2025-11-23 18:24:18.249 [main] INFO  r.s.tk.cheefkeef.laba2.jdbc.UserDAO - Пользователь testuser_татьяна_зуев_1763907858122 успешно создан с ID: 40270
2025-11-23 18:24:18.250 [main] DEBUG r.s.t.c.laba2.jdbc.UserDAOTest - Создан случайный пользователь #2/5: User{id=40270, login='testuser_татьяна_зуев_1763907858122', role=admin, enabled=true}
2025-11-23 18:24:18.250 [main] INFO  r.s.tk.cheefkeef.laba2.jdbc.UserDAO - Создание нового пользователя: testuser_александр_дементьева_1763907858250
2025-11-23 18:24:18.398 [main] INFO  r.s.tk.cheefkeef.laba2.jdbc.UserDAO - Пользователь testuser_александр_дементьева_1763907858250 успешно создан с ID: 40271
2025-11-23 18:24:18.398 [main] DEBUG r.s.t.c.laba2.jdbc.UserDAOTest - Создан случайный пользователь #3/5: User{id=40271, login='testuser_александр_дементьева_1763907858250', role=user, enabled=true}
2025-11-23 18:24:18.398 [main] INFO  r.s.tk.cheefkeef.laba2.jdbc.UserDAO - Создание нового пользователя: testuser_владимир_горбачева_1763907858398
2025-11-23 18:24:18.529 [main] INFO  r.s.tk.cheefkeef.laba2.jdbc.UserDAO - Пользователь testuser_владимир_горбачева_1763907858398 успешно создан с ID: 40272
2025-11-23 18:24:18.529 [main] DEBUG r.s.t.c.laba2.jdbc.UserDAOTest - Создан случайный пользователь #4/5: User{id=40272, login='testuser_владимир_горбачева_1763907858398', role=admin, enabled=false}
2025-11-23 18:24:18.529 [main] INFO  r.s.tk.cheefkeef.laba2.jdbc.UserDAO - Создание нового пользователя: testuser_мария_самсонова_1763907858529
2025-11-23 18:24:18.672 [main] INFO  r.s.tk.cheefkeef.laba2.jdbc.UserDAO - Пользователь testuser_мария_самсонова_1763907858529 успешно создан с ID: 40273
2025-11-23 18:24:18.672 [main] DEBUG r.s.t.c.laba2.jdbc.UserDAOTest - Создан случайный пользователь #5/5: User{id=40273, login='testuser_мария_самсонова_1763907858529', role=user, enabled=true}
2025-11-23 18:24:18.672 [main] INFO  r.s.t.c.laba2.jdbc.UserDAOTest - Успешно создано 5 случайных пользователей
2025-11-23 18:24:18.673 [main] INFO  r.s.t.c.laba2.jdbc.UserDAOTest - Запуск теста: поиск по ролям после создания нескольких пользователей
2025-11-23 18:24:18.673 [main] DEBUG r.s.tk.cheefkeef.laba2.jdbc.UserDAO - Поиск пользователей по роли: admin
2025-11-23 18:24:18.811 [main] DEBUG r.s.tk.cheefkeef.laba2.jdbc.UserDAO - Найдено 63 пользователей с ролью admin
2025-11-23 18:24:18.811 [main] DEBUG r.s.tk.cheefkeef.laba2.jdbc.UserDAO - Поиск пользователей по роли: user
2025-11-23 18:24:18.833 [main] DEBUG r.s.tk.cheefkeef.laba2.jdbc.UserDAO - Найдено 56 пользователей с ролью user
2025-11-23 18:24:18.833 [main] INFO  r.s.t.c.laba2.jdbc.UserDAOTest - Найдено 63 администраторов и 56 обычных пользователей
2025-11-23 18:24:18.833 [main] DEBUG r.s.t.c.laba2.jdbc.UserDAOTest - Администратор: User{id=40038, login='testuser_вера_егоров_1762755231983', role=admin, enabled=false}
2025-11-23 18:24:18.834 [main] DEBUG r.s.t.c.laba2.jdbc.UserDAOTest - Администратор: User{id=40039, login='testuser_жанна_рябов_1762755232385', role=admin, enabled=true}
2025-11-23 18:24:18.834 [main] DEBUG r.s.t.c.laba2.jdbc.UserDAOTest - Администратор: User{id=40043, login='testuser_никита_волкова_1762755831263', role=admin, enabled=false}
2025-11-23 18:24:18.834 [main] DEBUG r.s.t.c.laba2.jdbc.UserDAOTest - Обычный пользователь: User{id=40037, login='testuser_степан_сазонова_1762755231365', role=user, enabled=true}
2025-11-23 18:24:18.834 [main] DEBUG r.s.t.c.laba2.jdbc.UserDAOTest - Обычный пользователь: User{id=40040, login='testuser_василиса_носкова_1762755232711', role=user, enabled=true}
2025-11-23 18:24:18.834 [main] DEBUG r.s.t.c.laba2.jdbc.UserDAOTest - Обычный пользователь: User{id=40041, login='user_with_special_chars_测试_тест_1762755233041', role=user, enabled=true}
2025-11-23 18:24:18.835 [main] INFO  r.s.t.c.laba2.jdbc.UserDAOTest - Запуск теста: множественный поиск по IDs
2025-11-23 18:24:18.835 [main] INFO  r.s.tk.cheefkeef.laba2.jdbc.UserDAO - Создание нового пользователя: testuser_марина_марков_1763907858835
2025-11-23 18:24:18.967 [main] INFO  r.s.tk.cheefkeef.laba2.jdbc.UserDAO - Пользователь testuser_марина_марков_1763907858835 успешно создан с ID: 40274
2025-11-23 18:24:18.967 [main] DEBUG r.s.tk.cheefkeef.laba2.jdbc.UserDAO - Множественный поиск пользователей по IDs: [40268, 40274]
2025-11-23 18:24:19.108 [main] DEBUG r.s.tk.cheefkeef.laba2.jdbc.UserDAO - Найдено 2 пользователей из запрошенных 2
2025-11-23 18:24:19.109 [main] INFO  r.s.tk.cheefkeef.laba2.jdbc.UserDAO - Удаление пользователя с ID: 40274
2025-11-23 18:24:19.245 [main] INFO  r.s.tk.cheefkeef.laba2.jdbc.UserDAO - Пользователь с ID 40274 успешно удален
2025-11-23 18:24:19.245 [main] INFO  r.s.t.c.laba2.jdbc.UserDAOTest - Множественный поиск по IDs выполнен успешно
2025-11-23 18:24:19.246 [main] INFO  r.s.t.c.laba2.jdbc.UserDAOTest - Запуск теста: получение пользователей с сортировкой
2025-11-23 18:24:19.247 [main] DEBUG r.s.tk.cheefkeef.laba2.jdbc.UserDAO - Получение всех пользователей с сортировкой по полю: id, порядок: ASC
2025-11-23 18:24:19.274 [main] DEBUG r.s.tk.cheefkeef.laba2.jdbc.UserDAO - Успешно получено 119 пользователей с сортировкой
2025-11-23 18:24:19.274 [main] DEBUG r.s.tk.cheefkeef.laba2.jdbc.UserDAO - Получение всех пользователей с сортировкой по полю: id, порядок: DESC
2025-11-23 18:24:19.296 [main] DEBUG r.s.tk.cheefkeef.laba2.jdbc.UserDAO - Успешно получено 119 пользователей с сортировкой
2025-11-23 18:24:19.296 [main] DEBUG r.s.tk.cheefkeef.laba2.jdbc.UserDAO - Получение всех пользователей с сортировкой по полю: login, порядок: ASC
2025-11-23 18:24:19.319 [main] DEBUG r.s.tk.cheefkeef.laba2.jdbc.UserDAO - Успешно получено 119 пользователей с сортировкой
2025-11-23 18:24:19.320 [main] INFO  r.s.t.c.laba2.jdbc.UserDAOTest - Тест сортировки завершен: ASC=119, DESC=119, login=119
2025-11-23 18:24:19.321 [main] INFO  r.s.t.c.laba2.jdbc.UserDAOTest - Запуск теста: удаление пользователя по логину
2025-11-23 18:24:19.321 [main] INFO  r.s.tk.cheefkeef.laba2.jdbc.UserDAO - Создание нового пользователя: testuser_анна_кузьмина_1763907859321
2025-11-23 18:24:19.344 [main] INFO  r.s.tk.cheefkeef.laba2.jdbc.UserDAO - Пользователь testuser_анна_кузьмина_1763907859321 успешно создан с ID: 40275
2025-11-23 18:24:19.344 [main] INFO  r.s.tk.cheefkeef.laba2.jdbc.UserDAO - Удаление пользователя с login: testuser_анна_кузьмина_1763907859321
2025-11-23 18:24:19.368 [main] INFO  r.s.tk.cheefkeef.laba2.jdbc.UserDAO - Пользователь с login testuser_анна_кузьмина_1763907859321 успешно удален
2025-11-23 18:24:19.368 [main] DEBUG r.s.tk.cheefkeef.laba2.jdbc.UserDAO - Поиск пользователя по login: testuser_анна_кузьмина_1763907859321
2025-11-23 18:24:19.505 [main] DEBUG r.s.tk.cheefkeef.laba2.jdbc.UserDAO - Пользователь с login testuser_анна_кузьмина_1763907859321 не найден
2025-11-23 18:24:19.506 [main] INFO  r.s.t.c.laba2.jdbc.UserDAOTest - Пользователь с логином testuser_анна_кузьмина_1763907859321 успешно удален
2025-11-23 18:24:19.507 [main] INFO  r.s.t.c.laba2.jdbc.UserDAOTest - Запуск теста: удаление основного тестового пользователя по ID
2025-11-23 18:24:19.507 [main] INFO  r.s.tk.cheefkeef.laba2.jdbc.UserDAO - Удаление пользователя с ID: 40268
2025-11-23 18:24:19.649 [main] INFO  r.s.tk.cheefkeef.laba2.jdbc.UserDAO - Пользователь с ID 40268 успешно удален
2025-11-23 18:24:19.650 [main] DEBUG r.s.tk.cheefkeef.laba2.jdbc.UserDAO - Поиск пользователя по ID: 40268
2025-11-23 18:24:19.674 [main] DEBUG r.s.tk.cheefkeef.laba2.jdbc.UserDAO - Пользователь с ID 40268 не найден
2025-11-23 18:24:19.674 [main] INFO  r.s.t.c.laba2.jdbc.UserDAOTest - Основной тестовый пользователь с ID 40268 успешно удален
2025-11-23 18:24:19.675 [main] INFO  r.s.t.c.laba2.jdbc.UserDAOTest - Запуск теста: проверка граничных случаев
2025-11-23 18:24:19.675 [main] DEBUG r.s.tk.cheefkeef.laba2.jdbc.UserDAO - Поиск пользователя по ID: -1
2025-11-23 18:24:19.698 [main] DEBUG r.s.tk.cheefkeef.laba2.jdbc.UserDAO - Пользователь с ID -1 не найден
2025-11-23 18:24:19.699 [main] DEBUG r.s.tk.cheefkeef.laba2.jdbc.UserDAO - Поиск пользователя по login: non_existent_login_12345
2025-11-23 18:24:19.834 [main] DEBUG r.s.tk.cheefkeef.laba2.jdbc.UserDAO - Пользователь с login non_existent_login_12345 не найден
2025-11-23 18:24:19.835 [main] INFO  r.s.tk.cheefkeef.laba2.jdbc.UserDAO - Удаление пользователя с ID: -1
2025-11-23 18:24:19.984 [main] WARN  r.s.tk.cheefkeef.laba2.jdbc.UserDAO - Пользователь с ID -1 не найден для удаления
2025-11-23 18:24:19.984 [main] DEBUG r.s.tk.cheefkeef.laba2.jdbc.UserDAO - Множественный поиск пользователей по IDs: []
2025-11-23 18:24:19.984 [main] DEBUG r.s.tk.cheefkeef.laba2.jdbc.UserDAO - Передан пустой список IDs
2025-11-23 18:24:19.984 [main] INFO  r.s.t.c.laba2.jdbc.UserDAOTest - Все граничные случаи обработаны корректно
2025-11-23 18:24:19.985 [main] INFO  r.s.t.c.laba2.jdbc.UserDAOTest - Запуск теста: создание пользователя со специальными символами
2025-11-23 18:24:19.986 [main] INFO  r.s.tk.cheefkeef.laba2.jdbc.UserDAO - Создание нового пользователя: user_with_special_chars_测试_тест_1763907859985
2025-11-23 18:24:20.010 [main] INFO  r.s.tk.cheefkeef.laba2.jdbc.UserDAO - Пользователь user_with_special_chars_测试_тест_1763907859985 успешно создан с ID: 40276
2025-11-23 18:24:20.010 [main] INFO  r.s.tk.cheefkeef.laba2.jdbc.UserDAO - Удаление пользователя с ID: 40276
2025-11-23 18:24:20.151 [main] INFO  r.s.tk.cheefkeef.laba2.jdbc.UserDAO - Пользователь с ID 40276 успешно удален
2025-11-23 18:24:20.152 [main] INFO  r.s.t.c.laba2.jdbc.UserDAOTest - Тест со специальными символами завершен успешно
2025-11-23 18:24:20.153 [main] INFO  r.s.t.c.laba2.jdbc.UserDAOTest - Запуск теста: поиск пользователей по роли с сортировкой
2025-11-23 18:24:20.153 [main] INFO  r.s.tk.cheefkeef.laba2.jdbc.UserDAO - Создание нового пользователя: zzz_last_user_1763907860153
2025-11-23 18:24:20.290 [main] INFO  r.s.tk.cheefkeef.laba2.jdbc.UserDAO - Пользователь zzz_last_user_1763907860153 успешно создан с ID: 40277
2025-11-23 18:24:20.290 [main] INFO  r.s.tk.cheefkeef.laba2.jdbc.UserDAO - Создание нового пользователя: aaa_first_user_1763907860153
2025-11-23 18:24:20.431 [main] INFO  r.s.tk.cheefkeef.laba2.jdbc.UserDAO - Пользователь aaa_first_user_1763907860153 успешно создан с ID: 40278
2025-11-23 18:24:20.432 [main] DEBUG r.s.tk.cheefkeef.laba2.jdbc.UserDAO - Поиск пользователей по роли editor с сортировкой по полю: login, порядок: ASC
2025-11-23 18:24:20.456 [main] DEBUG r.s.tk.cheefkeef.laba2.jdbc.UserDAO - Найдено 2 пользователей с ролью editor с сортировкой
2025-11-23 18:24:20.456 [main] DEBUG r.s.tk.cheefkeef.laba2.jdbc.UserDAO - Поиск пользователей по роли editor с сортировкой по полю: id, порядок: DESC
2025-11-23 18:24:20.583 [main] DEBUG r.s.tk.cheefkeef.laba2.jdbc.UserDAO - Найдено 2 пользователей с ролью editor с сортировкой
2025-11-23 18:24:20.583 [main] DEBUG r.s.tk.cheefkeef.laba2.jdbc.UserDAO - Поиск пользователей по роли editor с сортировкой по полю: invalid_field, порядок: ASC
2025-11-23 18:24:20.583 [main] WARN  r.s.tk.cheefkeef.laba2.jdbc.UserDAO - Недопустимое поле для сортировки: invalid_field, используется поле по умолчанию: id
2025-11-23 18:24:20.607 [main] DEBUG r.s.tk.cheefkeef.laba2.jdbc.UserDAO - Найдено 2 пользователей с ролью editor с сортировкой
2025-11-23 18:24:20.607 [main] INFO  r.s.t.c.laba2.jdbc.UserDAOTest - Тест findByRoleWithSorting успешно завершён
2025-11-23 18:24:20.607 [main] INFO  r.s.tk.cheefkeef.laba2.jdbc.UserDAO - Удаление пользователя с ID: 40277
2025-11-23 18:24:20.740 [main] INFO  r.s.tk.cheefkeef.laba2.jdbc.UserDAO - Пользователь с ID 40277 успешно удален
2025-11-23 18:24:20.740 [main] INFO  r.s.tk.cheefkeef.laba2.jdbc.UserDAO - Удаление пользователя с ID: 40278
2025-11-23 18:24:20.885 [main] INFO  r.s.tk.cheefkeef.laba2.jdbc.UserDAO - Пользователь с ID 40278 успешно удален
2025-11-23 18:24:20.887 [main] INFO  r.s.t.c.laba2.jdbc.UserDAOTest - Запуск теста производительности: поиск всех пользователей
2025-11-23 18:24:20.887 [main] INFO  r.s.tk.cheefkeef.laba2.jdbc.UserDAO - Начало получения всех пользователей
2025-11-23 18:24:20.912 [main] INFO  r.s.tk.cheefkeef.laba2.jdbc.UserDAO - Успешно получено 118 пользователей
2025-11-23 18:24:20.913 [main] INFO  r.s.t.c.laba2.jdbc.UserDAOTest - Поиск всех пользователей выполнен за 26 мс. Найдено 118 записей
2025-11-23 18:24:20.913 [main] INFO  r.s.t.c.laba2.jdbc.UserDAOTest - Завершение тестов UserDAO
2025-11-23 18:24:20.913 [main] INFO  r.s.tk.cheefkeef.laba2.jdbc.UserDAO - Удаление пользователя с ID: 40268
2025-11-23 18:24:21.047 [main] WARN  r.s.tk.cheefkeef.laba2.jdbc.UserDAO - Пользователь с ID 40268 не найден для удаления
2025-11-23 18:24:21.049 [main] DEBUG r.s.t.c.laba2.mapper.FunctionMapper - Преобразование Function(id=1) в FunctionDTO
2025-11-23 18:24:21.050 [main] WARN  r.s.t.c.laba2.mapper.FunctionMapper - Попытка преобразования null-объекта Function в DTO
2025-11-23 18:24:21.051 [main] WARN  r.s.t.c.laba2.mapper.FunctionMapper - Попытка преобразования null-объекта FunctionDTO в сущность
2025-11-23 18:24:21.052 [main] DEBUG r.s.t.c.laba2.mapper.FunctionMapper - Преобразование FunctionDTO в Function
2025-11-23 18:24:21.054 [main] DEBUG r.s.t.c.laba2.mapper.PointMapper - Преобразование Point(id=10) в PointDTO
2025-11-23 18:24:21.055 [main] WARN  r.s.t.c.laba2.mapper.PointMapper - Попытка преобразования null-объекта Point в DTO
2025-11-23 18:24:21.055 [main] WARN  r.s.t.c.laba2.mapper.PointMapper - Попытка преобразования null-объекта PointDTO в сущность
2025-11-23 18:24:21.056 [main] DEBUG r.s.t.c.laba2.mapper.PointMapper - Преобразование PointDTO в Point
2025-11-23 18:24:21.059 [main] WARN  r.s.t.c.laba2.mapper.UserMapper - Попытка преобразования null-объекта User в DTO
2025-11-23 18:24:21.060 [main] WARN  r.s.t.c.laba2.mapper.UserMapper - Попытка преобразования null-объекта UserDTO в сущность
2025-11-23 18:24:21.061 [main] DEBUG r.s.t.c.laba2.mapper.UserMapper - Преобразование User(id=5) в UserDTO
2025-11-23 18:24:21.062 [main] DEBUG r.s.t.c.laba2.mapper.UserMapper - Преобразование UserDTO в User
2025-11-23 18:24:21.075 [main] INFO  r.s.t.c.l.f.LinkedListTabulatedFunction - Creating LinkedListTabulatedFunction from arrays with length: 3
2025-11-23 18:24:21.075 [main] DEBUG r.s.t.c.l.f.LinkedListTabulatedFunction - Created first node in empty list
2025-11-23 18:24:21.075 [main] INFO  r.s.t.c.l.f.LinkedListTabulatedFunction - Successfully created LinkedListTabulatedFunction with 3 points
2025-11-23 18:24:21.076 [main] INFO  r.s.t.c.l.f.LinkedListTabulatedFunction - Creating LinkedListTabulatedFunction from arrays with length: 3
2025-11-23 18:24:21.076 [main] DEBUG r.s.t.c.l.f.LinkedListTabulatedFunction - Created first node in empty list
2025-11-23 18:24:21.076 [main] INFO  r.s.t.c.l.f.LinkedListTabulatedFunction - Successfully created LinkedListTabulatedFunction with 3 points
2025-11-23 18:24:21.077 [main] INFO  r.s.t.c.l.f.ArrayTabulatedFunction - Creating ArrayTabulatedFunction from arrays with length: 3
2025-11-23 18:24:21.077 [main] DEBUG r.s.t.c.l.f.ArrayTabulatedFunction - Successfully created ArrayTabulatedFunction with 3 points
2025-11-23 18:24:21.077 [main] INFO  r.s.t.c.l.f.ArrayTabulatedFunction - Creating ArrayTabulatedFunction from arrays with length: 3
2025-11-23 18:24:21.077 [main] DEBUG r.s.t.c.l.f.ArrayTabulatedFunction - Successfully created ArrayTabulatedFunction with 3 points
2025-11-23 18:24:21.077 [main] INFO  r.s.t.c.l.f.ArrayTabulatedFunction - Creating ArrayTabulatedFunction from arrays with length: 3
2025-11-23 18:24:21.077 [main] DEBUG r.s.t.c.l.f.ArrayTabulatedFunction - Successfully created ArrayTabulatedFunction with 3 points
2025-11-23 18:24:21.078 [main] INFO  r.s.t.c.l.f.ArrayTabulatedFunction - Creating ArrayTabulatedFunction from arrays with length: 3
2025-11-23 18:24:21.078 [main] DEBUG r.s.t.c.l.f.ArrayTabulatedFunction - Successfully created ArrayTabulatedFunction with 3 points
2025-11-23 18:24:21.078 [main] INFO  r.s.t.c.l.f.ArrayTabulatedFunction - Creating ArrayTabulatedFunction from arrays with length: 3
2025-11-23 18:24:21.078 [main] DEBUG r.s.t.c.l.f.ArrayTabulatedFunction - Successfully created ArrayTabulatedFunction with 3 points
2025-11-23 18:24:21.079 [main] INFO  r.s.t.c.l.f.ArrayTabulatedFunction - Creating ArrayTabulatedFunction from arrays with length: 2
2025-11-23 18:24:21.079 [main] DEBUG r.s.t.c.l.f.ArrayTabulatedFunction - Successfully created ArrayTabulatedFunction with 2 points
2025-11-23 18:24:21.079 [main] INFO  r.s.t.c.l.f.ArrayTabulatedFunction - Creating ArrayTabulatedFunction from arrays with length: 2
2025-11-23 18:24:21.079 [main] DEBUG r.s.t.c.l.f.ArrayTabulatedFunction - Successfully created ArrayTabulatedFunction with 2 points
2025-11-23 18:24:21.080 [main] INFO  r.s.t.c.l.f.ArrayTabulatedFunction - Creating ArrayTabulatedFunction from arrays with length: 4
2025-11-23 18:24:21.080 [main] DEBUG r.s.t.c.l.f.ArrayTabulatedFunction - Successfully created ArrayTabulatedFunction with 4 points
2025-11-23 18:24:21.080 [main] INFO  r.s.t.c.l.f.ArrayTabulatedFunction - Creating ArrayTabulatedFunction from arrays with length: 4
2025-11-23 18:24:21.080 [main] DEBUG r.s.t.c.l.f.ArrayTabulatedFunction - Successfully created ArrayTabulatedFunction with 4 points
2025-11-23 18:24:21.081 [main] INFO  r.s.t.c.l.f.LinkedListTabulatedFunction - Creating LinkedListTabulatedFunction from arrays with length: 3
2025-11-23 18:24:21.081 [main] DEBUG r.s.t.c.l.f.LinkedListTabulatedFunction - Created first node in empty list
2025-11-23 18:24:21.081 [main] INFO  r.s.t.c.l.f.LinkedListTabulatedFunction - Successfully created LinkedListTabulatedFunction with 3 points
2025-11-23 18:24:21.081 [main] INFO  r.s.t.c.l.f.LinkedListTabulatedFunction - Creating LinkedListTabulatedFunction from arrays with length: 3
2025-11-23 18:24:21.081 [main] DEBUG r.s.t.c.l.f.LinkedListTabulatedFunction - Created first node in empty list
2025-11-23 18:24:21.081 [main] INFO  r.s.t.c.l.f.LinkedListTabulatedFunction - Successfully created LinkedListTabulatedFunction with 3 points
2025-11-23 18:24:21.082 [main] INFO  r.s.t.c.l.f.ArrayTabulatedFunction - Creating ArrayTabulatedFunction from arrays with length: 4
2025-11-23 18:24:21.082 [main] DEBUG r.s.t.c.l.f.ArrayTabulatedFunction - Successfully created ArrayTabulatedFunction with 4 points
2025-11-23 18:24:21.082 [main] INFO  r.s.t.c.l.f.ArrayTabulatedFunction - Creating ArrayTabulatedFunction from arrays with length: 4
2025-11-23 18:24:21.082 [main] DEBUG r.s.t.c.l.f.ArrayTabulatedFunction - Successfully created ArrayTabulatedFunction with 4 points
2025-11-23 18:24:21.085 [main] INFO  r.s.t.c.l.f.ArrayTabulatedFunction - Creating ArrayTabulatedFunction from arrays with length: 4
2025-11-23 18:24:21.085 [main] DEBUG r.s.t.c.l.f.ArrayTabulatedFunction - Successfully created ArrayTabulatedFunction with 4 points
2025-11-23 18:24:21.085 [main] INFO  r.s.t.c.l.f.ArrayTabulatedFunction - Creating ArrayTabulatedFunction from arrays with length: 4
2025-11-23 18:24:21.085 [main] DEBUG r.s.t.c.l.f.ArrayTabulatedFunction - Successfully created ArrayTabulatedFunction with 4 points
2025-11-23 18:24:21.085 [main] INFO  r.s.t.c.l.f.ArrayTabulatedFunction - Creating ArrayTabulatedFunction from arrays with length: 4
2025-11-23 18:24:21.086 [main] DEBUG r.s.t.c.l.f.ArrayTabulatedFunction - Successfully created ArrayTabulatedFunction with 4 points
2025-11-23 18:24:21.086 [main] INFO  r.s.t.c.l.f.ArrayTabulatedFunction - Creating ArrayTabulatedFunction from arrays with length: 4
2025-11-23 18:24:21.086 [main] DEBUG r.s.t.c.l.f.ArrayTabulatedFunction - Successfully created ArrayTabulatedFunction with 4 points
2025-11-23 18:24:21.086 [main] INFO  r.s.t.c.l.f.ArrayTabulatedFunction - Creating ArrayTabulatedFunction from arrays with length: 3
2025-11-23 18:24:21.086 [main] DEBUG r.s.t.c.l.f.ArrayTabulatedFunction - Successfully created ArrayTabulatedFunction with 3 points
2025-11-23 18:24:21.086 [main] INFO  r.s.t.c.l.f.LinkedListTabulatedFunction - Creating LinkedListTabulatedFunction from arrays with length: 3
2025-11-23 18:24:21.086 [main] DEBUG r.s.t.c.l.f.LinkedListTabulatedFunction - Created first node in empty list
2025-11-23 18:24:21.086 [main] INFO  r.s.t.c.l.f.LinkedListTabulatedFunction - Successfully created LinkedListTabulatedFunction with 3 points
2025-11-23 18:24:21.088 [main] INFO  r.s.t.c.l.f.ArrayTabulatedFunction - Creating ArrayTabulatedFunction from arrays with length: 3
2025-11-23 18:24:21.088 [main] DEBUG r.s.t.c.l.f.ArrayTabulatedFunction - Successfully created ArrayTabulatedFunction with 3 points
2025-11-23 18:24:21.088 [main] INFO  r.s.t.c.l.f.ArrayTabulatedFunction - Creating ArrayTabulatedFunction from arrays with length: 3
2025-11-23 18:24:21.088 [main] DEBUG r.s.t.c.l.f.ArrayTabulatedFunction - Successfully created ArrayTabulatedFunction with 3 points
2025-11-23 18:24:21.089 [main] INFO  r.s.t.c.l.f.ArrayTabulatedFunction - Creating ArrayTabulatedFunction from arrays with length: 4
2025-11-23 18:24:21.089 [main] DEBUG r.s.t.c.l.f.ArrayTabulatedFunction - Successfully created ArrayTabulatedFunction with 4 points
2025-11-23 18:24:21.089 [main] INFO  r.s.t.c.l.f.ArrayTabulatedFunction - Creating ArrayTabulatedFunction from arrays with length: 4
2025-11-23 18:24:21.089 [main] DEBUG r.s.t.c.l.f.ArrayTabulatedFunction - Successfully created ArrayTabulatedFunction with 4 points
2025-11-23 18:24:21.091 [main] INFO  r.s.t.c.l.f.ArrayTabulatedFunction - Creating ArrayTabulatedFunction from arrays with length: 3
2025-11-23 18:24:21.091 [main] DEBUG r.s.t.c.l.f.ArrayTabulatedFunction - Successfully created ArrayTabulatedFunction with 3 points
2025-11-23 18:24:21.091 [main] INFO  r.s.t.c.l.f.LinkedListTabulatedFunction - Creating LinkedListTabulatedFunction from arrays with length: 3
2025-11-23 18:24:21.091 [main] DEBUG r.s.t.c.l.f.LinkedListTabulatedFunction - Created first node in empty list
2025-11-23 18:24:21.091 [main] INFO  r.s.t.c.l.f.LinkedListTabulatedFunction - Successfully created LinkedListTabulatedFunction with 3 points
2025-11-23 18:24:21.093 [main] INFO  r.s.t.c.l.f.ArrayTabulatedFunction - Creating ArrayTabulatedFunction from arrays with length: 3
2025-11-23 18:24:21.093 [main] DEBUG r.s.t.c.l.f.ArrayTabulatedFunction - Successfully created ArrayTabulatedFunction with 3 points
2025-11-23 18:24:21.094 [main] INFO  r.s.t.c.l.f.ArrayTabulatedFunction - Creating ArrayTabulatedFunction from arrays with length: 3
2025-11-23 18:24:21.094 [main] DEBUG r.s.t.c.l.f.ArrayTabulatedFunction - Successfully created ArrayTabulatedFunction with 3 points
2025-11-23 18:24:21.094 [main] INFO  r.s.t.c.l.f.ArrayTabulatedFunction - Creating ArrayTabulatedFunction from arrays with length: 2
2025-11-23 18:24:21.094 [main] DEBUG r.s.t.c.l.f.ArrayTabulatedFunction - Successfully created ArrayTabulatedFunction with 2 points
2025-11-23 18:24:21.096 [main] INFO  r.s.t.c.l.f.ArrayTabulatedFunction - Creating ArrayTabulatedFunction from arrays with length: 3
2025-11-23 18:24:21.096 [main] DEBUG r.s.t.c.l.f.ArrayTabulatedFunction - Successfully created ArrayTabulatedFunction with 3 points
2025-11-23 18:24:21.096 [main] INFO  r.s.t.c.l.f.LinkedListTabulatedFunction - Creating LinkedListTabulatedFunction from arrays with length: 3
2025-11-23 18:24:21.096 [main] DEBUG r.s.t.c.l.f.LinkedListTabulatedFunction - Created first node in empty list
2025-11-23 18:24:21.096 [main] INFO  r.s.t.c.l.f.LinkedListTabulatedFunction - Successfully created LinkedListTabulatedFunction with 3 points
2025-11-23 18:24:21.097 [main] INFO  r.s.t.c.l.f.LinkedListTabulatedFunction - Creating LinkedListTabulatedFunction from arrays with length: 3
2025-11-23 18:24:21.097 [main] DEBUG r.s.t.c.l.f.LinkedListTabulatedFunction - Created first node in empty list
2025-11-23 18:24:21.097 [main] INFO  r.s.t.c.l.f.LinkedListTabulatedFunction - Successfully created LinkedListTabulatedFunction with 3 points
2025-11-23 18:24:21.098 [main] INFO  r.s.t.c.l.f.ArrayTabulatedFunction - Creating ArrayTabulatedFunction from arrays with length: 2
2025-11-23 18:24:21.098 [main] DEBUG r.s.t.c.l.f.ArrayTabulatedFunction - Successfully created ArrayTabulatedFunction with 2 points
2025-11-23 18:24:21.098 [main] INFO  r.s.t.c.l.f.ArrayTabulatedFunction - Creating ArrayTabulatedFunction from arrays with length: 2
2025-11-23 18:24:21.099 [main] DEBUG r.s.t.c.l.f.ArrayTabulatedFunction - Successfully created ArrayTabulatedFunction with 2 points
2025-11-23 18:24:21.100 [main] INFO  r.s.t.c.l.f.ArrayTabulatedFunction - Creating ArrayTabulatedFunction from arrays with length: 2
2025-11-23 18:24:21.101 [main] DEBUG r.s.t.c.l.f.ArrayTabulatedFunction - Successfully created ArrayTabulatedFunction with 2 points
2025-11-23 18:24:21.101 [main] INFO  r.s.t.c.l.f.LinkedListTabulatedFunction - Creating LinkedListTabulatedFunction from arrays with length: 2
2025-11-23 18:24:21.101 [main] DEBUG r.s.t.c.l.f.LinkedListTabulatedFunction - Created first node in empty list
2025-11-23 18:24:21.101 [main] INFO  r.s.t.c.l.f.LinkedListTabulatedFunction - Successfully created LinkedListTabulatedFunction with 2 points
2025-11-23 18:24:21.101 [main] INFO  r.s.t.c.l.f.LinkedListTabulatedFunction - Creating LinkedListTabulatedFunction from arrays with length: 2
2025-11-23 18:24:21.101 [main] DEBUG r.s.t.c.l.f.LinkedListTabulatedFunction - Created first node in empty list
2025-11-23 18:24:21.101 [main] INFO  r.s.t.c.l.f.LinkedListTabulatedFunction - Successfully created LinkedListTabulatedFunction with 2 points
2025-11-23 18:24:21.102 [main] INFO  r.s.t.c.l.f.ArrayTabulatedFunction - Creating ArrayTabulatedFunction from arrays with length: 3
2025-11-23 18:24:21.102 [main] DEBUG r.s.t.c.l.f.ArrayTabulatedFunction - Successfully created ArrayTabulatedFunction with 3 points
2025-11-23 18:24:21.102 [main] INFO  r.s.t.c.l.f.ArrayTabulatedFunction - Creating ArrayTabulatedFunction from arrays with length: 3
2025-11-23 18:24:21.102 [main] DEBUG r.s.t.c.l.f.ArrayTabulatedFunction - Successfully created ArrayTabulatedFunction with 3 points
2025-11-23 18:24:21.102 [main] INFO  r.s.t.c.l.f.ArrayTabulatedFunction - Creating ArrayTabulatedFunction from arrays with length: 3
2025-11-23 18:24:21.102 [main] DEBUG r.s.t.c.l.f.ArrayTabulatedFunction - Successfully created ArrayTabulatedFunction with 3 points
2025-11-23 18:24:21.103 [main] INFO  r.s.t.c.l.f.ArrayTabulatedFunction - Creating ArrayTabulatedFunction from arrays with length: 3
2025-11-23 18:24:21.103 [main] DEBUG r.s.t.c.l.f.ArrayTabulatedFunction - Successfully created ArrayTabulatedFunction with 3 points
2025-11-23 18:24:21.103 [main] INFO  r.s.t.c.l.f.ArrayTabulatedFunction - Creating ArrayTabulatedFunction from arrays with length: 3
2025-11-23 18:24:21.103 [main] DEBUG r.s.t.c.l.f.ArrayTabulatedFunction - Successfully created ArrayTabulatedFunction with 3 points
2025-11-23 18:24:21.103 [main] INFO  r.s.t.c.l.f.ArrayTabulatedFunction - Creating ArrayTabulatedFunction from arrays with length: 3
2025-11-23 18:24:21.103 [main] DEBUG r.s.t.c.l.f.ArrayTabulatedFunction - Successfully created ArrayTabulatedFunction with 3 points
2025-11-23 18:24:21.104 [main] INFO  r.s.t.c.l.f.ArrayTabulatedFunction - Creating ArrayTabulatedFunction from arrays with length: 2
2025-11-23 18:24:21.104 [main] DEBUG r.s.t.c.l.f.ArrayTabulatedFunction - Successfully created ArrayTabulatedFunction with 2 points
2025-11-23 18:24:21.104 [main] INFO  r.s.t.c.l.f.ArrayTabulatedFunction - Creating ArrayTabulatedFunction from arrays with length: 2
2025-11-23 18:24:21.104 [main] DEBUG r.s.t.c.l.f.ArrayTabulatedFunction - Successfully created ArrayTabulatedFunction with 2 points
2025-11-23 18:24:21.106 [main] INFO  r.s.t.c.l.f.ArrayTabulatedFunction - Creating ArrayTabulatedFunction from arrays with length: 3
2025-11-23 18:24:21.106 [main] DEBUG r.s.t.c.l.f.ArrayTabulatedFunction - Successfully created ArrayTabulatedFunction with 3 points
2025-11-23 18:24:21.106 [main] INFO  r.s.t.c.l.f.LinkedListTabulatedFunction - Creating LinkedListTabulatedFunction from arrays with length: 3
2025-11-23 18:24:21.106 [main] DEBUG r.s.t.c.l.f.LinkedListTabulatedFunction - Created first node in empty list
2025-11-23 18:24:21.106 [main] INFO  r.s.t.c.l.f.LinkedListTabulatedFunction - Successfully created LinkedListTabulatedFunction with 3 points
2025-11-23 18:24:21.107 [main] INFO  r.s.t.c.l.f.LinkedListTabulatedFunction - Creating LinkedListTabulatedFunction from arrays with length: 3
2025-11-23 18:24:21.107 [main] DEBUG r.s.t.c.l.f.LinkedListTabulatedFunction - Created first node in empty list
2025-11-23 18:24:21.107 [main] INFO  r.s.t.c.l.f.LinkedListTabulatedFunction - Successfully created LinkedListTabulatedFunction with 3 points
2025-11-23 18:24:21.109 [main] INFO  r.s.t.c.l.f.ArrayTabulatedFunction - Creating ArrayTabulatedFunction from arrays with length: 3
2025-11-23 18:24:21.109 [main] DEBUG r.s.t.c.l.f.ArrayTabulatedFunction - Successfully created ArrayTabulatedFunction with 3 points
2025-11-23 18:24:21.112 [main] INFO  r.s.t.c.laba2.util.DtoTransformer - Преобразование данных функции из UI
2025-11-23 18:24:21.113 [main] DEBUG r.s.t.c.laba2.util.DtoTransformer - Создан FunctionDTO: userId=null, name=null
2025-11-23 18:24:21.114 [main] INFO  r.s.t.c.laba2.util.DtoTransformer - Массовое преобразование 1 точек из UI
2025-11-23 18:24:21.114 [main] INFO  r.s.t.c.laba2.util.DtoTransformer - Преобразование данных точки из UI
2025-11-23 18:24:21.114 [main] ERROR r.s.t.c.laba2.util.DtoTransformer - Ошибка при преобразовании данных точки: class java.lang.String cannot be cast to class java.lang.Integer (java.lang.String and java.lang.Integer are in module java.base of loader 'bootstrap')
2025-11-23 18:24:21.117 [main] INFO  r.s.t.c.laba2.util.DtoTransformer - Преобразование данных пользователя из UI
2025-11-23 18:24:21.117 [main] ERROR r.s.t.c.laba2.util.DtoTransformer - Ошибка при преобразовании данных пользователя: Cannot invoke "java.util.Map.get(Object)" because "uiData" is null
2025-11-23 18:24:21.119 [main] INFO  r.s.t.c.laba2.util.DtoTransformer - Преобразование данных функции из UI
2025-11-23 18:24:21.119 [main] ERROR r.s.t.c.laba2.util.DtoTransformer - Ошибка при преобразовании данных функции: class java.lang.String cannot be cast to class java.lang.Integer (java.lang.String and java.lang.Integer are in module java.base of loader 'bootstrap')
2025-11-23 18:24:21.120 [main] INFO  r.s.t.c.laba2.util.DtoTransformer - Преобразование данных пользователя из UI
2025-11-23 18:24:21.120 [main] DEBUG r.s.t.c.laba2.util.DtoTransformer - Создан UserDTO: login=user123, role=null
2025-11-23 18:24:21.121 [main] INFO  r.s.t.c.laba2.util.DtoTransformer - Преобразование данных функции из UI
2025-11-23 18:24:21.121 [main] DEBUG r.s.t.c.laba2.util.DtoTransformer - Создан FunctionDTO: userId=100, name=quadratic
2025-11-23 18:24:21.122 [main] INFO  r.s.t.c.laba2.util.DtoTransformer - Преобразование данных точки из UI
2025-11-23 18:24:21.122 [main] DEBUG r.s.t.c.laba2.util.DtoTransformer - Создан PointDTO: functionId=42, x=3.14, y=2.71
2025-11-23 18:24:21.123 [main] INFO  r.s.t.c.laba2.util.DtoTransformer - Преобразование данных точки из UI
2025-11-23 18:24:21.123 [main] DEBUG r.s.t.c.laba2.util.DtoTransformer - Создан PointDTO: functionId=42, x=3.14, y=null
2025-11-23 18:24:21.125 [main] INFO  r.s.t.c.laba2.util.DtoTransformer - Преобразование данных пользователя из UI
2025-11-23 18:24:21.125 [main] DEBUG r.s.t.c.laba2.util.DtoTransformer - Создан UserDTO: login=user123, role=ADMIN
2025-11-23 18:24:21.127 [main] INFO  r.s.t.c.laba2.util.DtoTransformer - Преобразование данных пользователя из UI
2025-11-23 18:24:21.127 [main] ERROR r.s.t.c.laba2.util.DtoTransformer - Ошибка при преобразовании данных пользователя: class java.lang.Integer cannot be cast to class java.lang.String (java.lang.Integer and java.lang.String are in module java.base of loader 'bootstrap')
2025-11-23 18:24:21.129 [main] INFO  r.s.t.c.laba2.util.DtoTransformer - Массовое преобразование 0 точек из UI
2025-11-23 18:24:21.129 [main] INFO  r.s.t.c.laba2.util.DtoTransformer - Успешно преобразовано 0 точек
2025-11-23 18:24:21.130 [main] INFO  r.s.t.c.laba2.util.DtoTransformer - Массовое преобразование 2 точек из UI
2025-11-23 18:24:21.131 [main] INFO  r.s.t.c.laba2.util.DtoTransformer - Преобразование данных точки из UI
2025-11-23 18:24:21.131 [main] DEBUG r.s.t.c.laba2.util.DtoTransformer - Создан PointDTO: functionId=1, x=1.0, y=1.0
2025-11-23 18:24:21.131 [main] INFO  r.s.t.c.laba2.util.DtoTransformer - Преобразование данных точки из UI
2025-11-23 18:24:21.131 [main] DEBUG r.s.t.c.laba2.util.DtoTransformer - Создан PointDTO: functionId=1, x=2.0, y=4.0
2025-11-23 18:24:21.131 [main] INFO  r.s.t.c.laba2.util.DtoTransformer - Успешно преобразовано 2 точек
2025-11-23 18:57:27.274 [main] INFO  r.s.t.c.l.f.LinkedListTabulatedFunction - Creating LinkedListTabulatedFunction from arrays with length: 3
2025-11-23 18:57:27.278 [main] DEBUG r.s.t.c.l.f.LinkedListTabulatedFunction - Created first node in empty list
2025-11-23 18:57:27.278 [main] INFO  r.s.t.c.l.f.LinkedListTabulatedFunction - Successfully created LinkedListTabulatedFunction with 3 points
2025-11-23 18:57:27.282 [main] DEBUG r.s.t.c.l.f.LinkedListTabulatedFunction - Found x=2.5 at index 2
2025-11-23 18:57:27.294 [main] INFO  r.s.t.c.l.f.ArrayTabulatedFunction - Creating ArrayTabulatedFunction from arrays with length: 2
2025-11-23 18:57:27.295 [main] DEBUG r.s.t.c.l.f.ArrayTabulatedFunction - Successfully created ArrayTabulatedFunction with 2 points
2025-11-23 18:57:27.299 [main] DEBUG r.s.t.c.l.f.ArrayTabulatedFunction - Set y[0] from 1.0 to 999.0
2025-11-23 18:57:27.299 [main] DEBUG r.s.t.c.l.f.ArrayTabulatedFunction - Set y[1] from 4.0 to 888.0
2025-11-23 18:57:27.302 [main] INFO  r.s.t.c.l.f.ArrayTabulatedFunction - Creating ArrayTabulatedFunction from arrays with length: 3
2025-11-23 18:57:27.302 [main] DEBUG r.s.t.c.l.f.ArrayTabulatedFunction - Successfully created ArrayTabulatedFunction with 3 points
2025-11-23 18:57:27.302 [main] DEBUG r.s.t.c.l.f.ArrayTabulatedFunction - Found x=0.0 at index 0
2025-11-23 18:57:27.302 [main] DEBUG r.s.t.c.l.f.ArrayTabulatedFunction - Found x=1.0 at index 1
2025-11-23 18:57:27.302 [main] DEBUG r.s.t.c.l.f.ArrayTabulatedFunction - x=1.5 not found in xValues
2025-11-23 18:57:27.303 [main] DEBUG r.s.t.c.l.f.ArrayTabulatedFunction - Floor index for x=1.5 is 1
2025-11-23 18:57:27.303 [main] DEBUG r.s.t.c.l.f.ArrayTabulatedFunction - Interpolation for x=1.5 at floorIndex=1: result=2.5
2025-11-23 18:57:27.305 [main] INFO  r.s.t.c.l.f.ArrayTabulatedFunction - Creating ArrayTabulatedFunction from arrays with length: 2
2025-11-23 18:57:27.305 [main] DEBUG r.s.t.c.l.f.ArrayTabulatedFunction - Successfully created ArrayTabulatedFunction with 2 points
2025-11-23 18:57:27.306 [main] DEBUG r.s.t.c.l.f.ArrayTabulatedFunction - Set y[0] from 10.0 to 100.0
2025-11-23 18:57:27.308 [main] INFO  r.s.t.c.l.f.ArrayTabulatedFunction - Creating ArrayTabulatedFunction from arrays with length: 3
2025-11-23 18:57:27.308 [main] DEBUG r.s.t.c.l.f.ArrayTabulatedFunction - Successfully created ArrayTabulatedFunction with 3 points
2025-11-23 18:57:27.314 [main] INFO  r.s.t.c.l.f.ArrayTabulatedFunction - Creating ArrayTabulatedFunction from arrays with length: 3
2025-11-23 18:57:27.314 [main] DEBUG r.s.t.c.l.f.ArrayTabulatedFunction - Successfully created ArrayTabulatedFunction with 3 points
2025-11-23 18:57:27.318 [main] INFO  r.s.t.c.l.f.ArrayTabulatedFunction - Creating ArrayTabulatedFunction from arrays with length: 3
2025-11-23 18:57:27.319 [main] DEBUG r.s.t.c.l.f.ArrayTabulatedFunction - Successfully created ArrayTabulatedFunction with 3 points
2025-11-23 18:57:27.322 [main] INFO  r.s.t.c.l.f.ArrayTabulatedFunction - Creating ArrayTabulatedFunction from arrays with length: 3
2025-11-23 18:57:27.323 [main] DEBUG r.s.t.c.l.f.ArrayTabulatedFunction - Successfully created ArrayTabulatedFunction with 3 points
2025-11-23 18:57:27.323 [main] DEBUG r.s.t.c.l.f.ArrayTabulatedFunction - Found y=30.0 at index 2
2025-11-23 18:57:27.325 [main] INFO  r.s.t.c.l.f.LinkedListTabulatedFunction - Creating LinkedListTabulatedFunction from arrays with length: 2
2025-11-23 18:57:27.326 [main] DEBUG r.s.t.c.l.f.LinkedListTabulatedFunction - Created first node in empty list
2025-11-23 18:57:27.326 [main] INFO  r.s.t.c.l.f.LinkedListTabulatedFunction - Successfully created LinkedListTabulatedFunction with 2 points
2025-11-23 18:57:27.340 [main] INFO  r.s.t.c.l.f.ArrayTabulatedFunction - Creating ArrayTabulatedFunction from arrays with length: 2
2025-11-23 18:57:27.340 [main] DEBUG r.s.t.c.l.f.ArrayTabulatedFunction - Successfully created ArrayTabulatedFunction with 2 points
2025-11-23 18:57:27.341 [main] DEBUG r.s.t.c.l.f.ArrayTabulatedFunction - Set y[0] from 10.0 to 20.0
2025-11-23 18:57:27.341 [main] DEBUG r.s.t.c.l.f.ArrayTabulatedFunction - Set y[1] from 20.0 to 40.0
2025-11-23 18:57:27.343 [main] INFO  r.s.t.c.l.f.ArrayTabulatedFunction - Creating ArrayTabulatedFunction from arrays with length: 2
2025-11-23 18:57:27.344 [main] DEBUG r.s.t.c.l.f.ArrayTabulatedFunction - Successfully created ArrayTabulatedFunction with 2 points
2025-11-23 18:57:27.351 [main] INFO  r.s.t.c.l.f.ArrayTabulatedFunction - Creating ArrayTabulatedFunction from arrays with length: 2
2025-11-23 18:57:27.352 [main] DEBUG r.s.t.c.l.f.ArrayTabulatedFunction - Successfully created ArrayTabulatedFunction with 2 points
2025-11-23 18:57:27.369 [main] INFO  r.s.t.c.l.f.ArrayTabulatedFunction - Creating ArrayTabulatedFunction from arrays with length: 3
2025-11-23 18:57:27.370 [main] DEBUG r.s.t.c.l.f.ArrayTabulatedFunction - Successfully created ArrayTabulatedFunction with 3 points
2025-11-23 18:57:27.374 [main] INFO  r.s.t.c.l.f.LinkedListTabulatedFunction - Creating LinkedListTabulatedFunction from arrays with length: 2
2025-11-23 18:57:27.374 [main] DEBUG r.s.t.c.l.f.LinkedListTabulatedFunction - Created first node in empty list
2025-11-23 18:57:27.374 [main] INFO  r.s.t.c.l.f.LinkedListTabulatedFunction - Successfully created LinkedListTabulatedFunction with 2 points
2025-11-23 18:57:27.389 [main] INFO  r.s.t.c.l.f.ArrayTabulatedFunction - Creating ArrayTabulatedFunction from arrays with length: 3
2025-11-23 18:57:27.391 [main] DEBUG r.s.t.c.l.f.ArrayTabulatedFunction - Successfully created ArrayTabulatedFunction with 3 points
2025-11-23 18:57:27.392 [main] INFO  r.s.t.c.l.f.ArrayTabulatedFunction - Removing point at index -1
2025-11-23 18:57:27.394 [main] ERROR r.s.t.c.l.f.ArrayTabulatedFunction - Index out of bounds: index=-1, count=3
2025-11-23 18:57:27.404 [main] INFO  r.s.t.c.l.f.ArrayTabulatedFunction - Creating ArrayTabulatedFunction from arrays with length: 2
2025-11-23 18:57:27.408 [main] DEBUG r.s.t.c.l.f.ArrayTabulatedFunction - Successfully created ArrayTabulatedFunction with 2 points
2025-11-23 18:57:27.408 [main] DEBUG r.s.t.c.l.f.ArrayTabulatedFunction - Left extrapolation for x=0.0: result=-2.0
2025-11-23 18:57:27.415 [main] INFO  r.s.t.c.l.f.ArrayTabulatedFunction - Creating ArrayTabulatedFunction from function: xFrom=0.0, xTo=1.0, count=1
2025-11-23 18:57:27.417 [main] INFO  r.s.t.c.l.f.ArrayTabulatedFunction - Creating ArrayTabulatedFunction from arrays with length: 3
2025-11-23 18:57:27.418 [main] DEBUG r.s.t.c.l.f.ArrayTabulatedFunction - Successfully created ArrayTabulatedFunction with 3 points
2025-11-23 18:57:27.420 [main] INFO  r.s.t.c.l.f.ArrayTabulatedFunction - Creating ArrayTabulatedFunction from arrays with length: 5
2025-11-23 18:57:27.420 [main] DEBUG r.s.t.c.l.f.ArrayTabulatedFunction - Successfully created ArrayTabulatedFunction with 5 points
2025-11-23 18:57:27.420 [main] ERROR r.s.t.c.l.f.ArrayTabulatedFunction - Interpolation error: x=2.5 not in interval [5.0, 6.0]
2025-11-23 18:57:27.422 [main] INFO  r.s.t.c.l.f.ArrayTabulatedFunction - Creating ArrayTabulatedFunction from function: xFrom=5.0, xTo=5.0, count=4
2025-11-23 18:57:27.423 [main] DEBUG r.s.t.c.l.f.ArrayTabulatedFunction - xFrom equals xTo, creating constant function
2025-11-23 18:57:27.423 [main] INFO  r.s.t.c.l.f.ArrayTabulatedFunction - Successfully created ArrayTabulatedFunction from source function
2025-11-23 18:57:27.425 [main] INFO  r.s.t.c.l.f.ArrayTabulatedFunction - Creating ArrayTabulatedFunction from arrays with length: 2
2025-11-23 18:57:27.425 [main] DEBUG r.s.t.c.l.f.ArrayTabulatedFunction - Successfully created ArrayTabulatedFunction with 2 points
2025-11-23 18:57:27.425 [main] INFO  r.s.t.c.l.f.ArrayTabulatedFunction - Inserting point: x=3.0, y=30.0
2025-11-23 18:57:27.426 [main] DEBUG r.s.t.c.l.f.ArrayTabulatedFunction - x=3.0 not found in xValues
2025-11-23 18:57:27.426 [main] DEBUG r.s.t.c.l.f.ArrayTabulatedFunction - Successfully inserted point at index 2. New count: 3
2025-11-23 18:57:27.429 [main] INFO  r.s.t.c.l.f.ArrayTabulatedFunction - Creating ArrayTabulatedFunction from arrays with length: 3
2025-11-23 18:57:27.429 [main] DEBUG r.s.t.c.l.f.ArrayTabulatedFunction - Successfully created ArrayTabulatedFunction with 3 points
2025-11-23 18:57:27.429 [main] DEBUG r.s.t.c.l.f.ArrayTabulatedFunction - Floor index for x=1.5 is 0
2025-11-23 18:57:27.430 [main] DEBUG r.s.t.c.l.f.ArrayTabulatedFunction - Floor index for x=2.0 is 1
2025-11-23 18:57:27.430 [main] DEBUG r.s.t.c.l.f.ArrayTabulatedFunction - Floor index for x=2.5 is 1
2025-11-23 18:57:27.430 [main] DEBUG r.s.t.c.l.f.ArrayTabulatedFunction - Floor index for x=3.0 is 2
2025-11-23 18:57:27.435 [main] INFO  r.s.t.c.l.f.ArrayTabulatedFunction - Creating ArrayTabulatedFunction from arrays with length: 3
2025-11-23 18:57:27.441 [main] DEBUG r.s.t.c.l.f.ArrayTabulatedFunction - Successfully created ArrayTabulatedFunction with 3 points
2025-11-23 18:57:27.441 [main] ERROR r.s.t.c.l.f.ArrayTabulatedFunction - Interpolation error: x=1.5 not in interval [0.0, 1.0]
2025-11-23 18:57:27.444 [main] INFO  r.s.t.c.l.f.ArrayTabulatedFunction - Creating ArrayTabulatedFunction from arrays with length: 3
2025-11-23 18:57:27.445 [main] DEBUG r.s.t.c.l.f.ArrayTabulatedFunction - Successfully created ArrayTabulatedFunction with 3 points
2025-11-23 18:57:27.445 [main] DEBUG r.s.t.c.l.f.ArrayTabulatedFunction - Interpolation at last point, returning y[2] = 4.0
2025-11-23 18:57:27.447 [main] INFO  r.s.t.c.l.f.ArrayTabulatedFunction - Creating ArrayTabulatedFunction from arrays with length: 2
2025-11-23 18:57:27.448 [main] DEBUG r.s.t.c.l.f.ArrayTabulatedFunction - Successfully created ArrayTabulatedFunction with 2 points
2025-11-23 18:57:27.448 [main] DEBUG r.s.t.c.l.f.ArrayTabulatedFunction - Right extrapolation for x=3.0: result=7.0
2025-11-23 18:57:27.454 [main] INFO  r.s.t.c.l.f.ArrayTabulatedFunction - Creating ArrayTabulatedFunction from arrays with length: 2
2025-11-23 18:57:27.454 [main] DEBUG r.s.t.c.l.f.ArrayTabulatedFunction - Successfully created ArrayTabulatedFunction with 2 points
2025-11-23 18:57:27.459 [main] INFO  r.s.t.c.l.f.ArrayTabulatedFunction - Creating ArrayTabulatedFunction from function: xFrom=0.0, xTo=2.0, count=3
2025-11-23 18:57:27.459 [main] DEBUG r.s.t.c.l.f.ArrayTabulatedFunction - Step size: 1.0
2025-11-23 18:57:27.459 [main] INFO  r.s.t.c.l.f.ArrayTabulatedFunction - Successfully created ArrayTabulatedFunction from source function
2025-11-23 18:57:27.462 [main] INFO  r.s.t.c.l.f.ArrayTabulatedFunction - Creating ArrayTabulatedFunction from arrays with length: 2
2025-11-23 18:57:27.462 [main] DEBUG r.s.t.c.l.f.ArrayTabulatedFunction - Successfully created ArrayTabulatedFunction with 2 points
2025-11-23 18:57:27.466 [main] INFO  r.s.t.c.l.f.ArrayTabulatedFunction - Creating ArrayTabulatedFunction from arrays with length: 2
2025-11-23 18:57:27.467 [main] DEBUG r.s.t.c.l.f.ArrayTabulatedFunction - Successfully created ArrayTabulatedFunction with 2 points
2025-11-23 18:57:27.469 [main] INFO  r.s.t.c.l.f.ArrayTabulatedFunction - Creating ArrayTabulatedFunction from arrays with length: 2
2025-11-23 18:57:27.470 [main] DEBUG r.s.t.c.l.f.ArrayTabulatedFunction - Successfully created ArrayTabulatedFunction with 2 points
2025-11-23 18:57:27.470 [main] DEBUG r.s.t.c.l.f.ArrayTabulatedFunction - Set y[0] from 1.0 to 5.0
2025-11-23 18:57:27.472 [main] INFO  r.s.t.c.l.f.ArrayTabulatedFunction - Creating ArrayTabulatedFunction from arrays with length: 3
2025-11-23 18:57:27.472 [main] DEBUG r.s.t.c.l.f.ArrayTabulatedFunction - Successfully created ArrayTabulatedFunction with 3 points
2025-11-23 18:57:27.473 [main] DEBUG r.s.t.c.l.f.ArrayTabulatedFunction - Found x=2.0 at index 1
2025-11-23 18:57:27.473 [main] DEBUG r.s.t.c.l.f.ArrayTabulatedFunction - x=5.0 not found in xValues
2025-11-23 18:57:27.475 [main] INFO  r.s.t.c.l.f.ArrayTabulatedFunction - Creating ArrayTabulatedFunction from arrays with length: 3
2025-11-23 18:57:27.475 [main] DEBUG r.s.t.c.l.f.ArrayTabulatedFunction - Successfully created ArrayTabulatedFunction with 3 points
2025-11-23 18:57:27.476 [main] DEBUG r.s.t.c.l.f.ArrayTabulatedFunction - Found y=4.0 at index 1
2025-11-23 18:57:27.476 [main] DEBUG r.s.t.c.l.f.ArrayTabulatedFunction - y=5.0 not found in yValues
2025-11-23 18:57:27.477 [main] INFO  r.s.t.c.l.f.ArrayTabulatedFunction - Creating ArrayTabulatedFunction from arrays with length: 2
2025-11-23 18:57:27.478 [main] DEBUG r.s.t.c.l.f.ArrayTabulatedFunction - Successfully created ArrayTabulatedFunction with 2 points
2025-11-23 18:57:27.479 [main] ERROR r.s.t.c.l.f.ArrayTabulatedFunction - Index out of bounds: index=-1, count=2
2025-11-23 18:57:27.480 [main] ERROR r.s.t.c.l.f.ArrayTabulatedFunction - Index out of bounds: index=2, count=2
2025-11-23 18:57:27.483 [main] INFO  r.s.t.c.l.f.ArrayTabulatedFunction - Creating ArrayTabulatedFunction from arrays with length: 2
2025-11-23 18:57:27.484 [main] DEBUG r.s.t.c.l.f.ArrayTabulatedFunction - Successfully created ArrayTabulatedFunction with 2 points
2025-11-23 18:57:27.485 [main] DEBUG r.s.t.c.l.f.ArrayTabulatedFunction - x=1.0 not found in xValues
2025-11-23 18:57:27.487 [main] DEBUG r.s.t.c.l.f.ArrayTabulatedFunction - Floor index for x=1.0 is 0
2025-11-23 18:57:27.487 [main] DEBUG r.s.t.c.l.f.ArrayTabulatedFunction - Interpolation for x=1.0 at floorIndex=0: result=2.0
2025-11-23 18:57:27.490 [main] INFO  r.s.t.c.l.f.ArrayTabulatedFunction - Creating ArrayTabulatedFunction from arrays with length: 3
2025-11-23 18:57:27.490 [main] DEBUG r.s.t.c.l.f.ArrayTabulatedFunction - Successfully created ArrayTabulatedFunction with 3 points
2025-11-23 18:57:27.491 [main] ERROR r.s.t.c.l.f.ArrayTabulatedFunction - X value 0.5 is less than left bound 1.0
2025-11-23 18:57:27.494 [main] INFO  r.s.t.c.l.f.ArrayTabulatedFunction - Creating ArrayTabulatedFunction from arrays with length: 3
2025-11-23 18:57:27.494 [main] DEBUG r.s.t.c.l.f.ArrayTabulatedFunction - Successfully created ArrayTabulatedFunction with 3 points
2025-11-23 18:57:27.494 [main] INFO  r.s.t.c.l.f.ArrayTabulatedFunction - Inserting point: x=2.0, y=25.0
2025-11-23 18:57:27.494 [main] DEBUG r.s.t.c.l.f.ArrayTabulatedFunction - Found x=2.0 at index 1
2025-11-23 18:57:27.495 [main] DEBUG r.s.t.c.l.f.ArrayTabulatedFunction - Point with x=2.0 already exists at index 1, updating y value
2025-11-23 18:57:27.496 [main] INFO  r.s.t.c.l.f.ArrayTabulatedFunction - Creating ArrayTabulatedFunction from arrays with length: 2
2025-11-23 18:57:27.496 [main] DEBUG r.s.t.c.l.f.ArrayTabulatedFunction - Successfully created ArrayTabulatedFunction with 2 points
2025-11-23 18:57:27.497 [main] ERROR r.s.t.c.l.f.ArrayTabulatedFunction - Index out of bounds: index=-1, count=2
2025-11-23 18:57:27.498 [main] ERROR r.s.t.c.l.f.ArrayTabulatedFunction - Index out of bounds: index=2, count=2
2025-11-23 18:57:27.500 [main] INFO  r.s.t.c.l.f.ArrayTabulatedFunction - Creating ArrayTabulatedFunction from arrays with length: 2
2025-11-23 18:57:27.500 [main] DEBUG r.s.t.c.l.f.ArrayTabulatedFunction - Successfully created ArrayTabulatedFunction with 2 points
2025-11-23 18:57:27.501 [main] ERROR r.s.t.c.l.f.ArrayTabulatedFunction - Index out of bounds: index=-1, count=2
2025-11-23 18:57:27.501 [main] ERROR r.s.t.c.l.f.ArrayTabulatedFunction - Index out of bounds: index=2, count=2
2025-11-23 18:57:27.502 [main] ERROR r.s.t.c.l.f.ArrayTabulatedFunction - Index out of bounds: index=5, count=2
2025-11-23 18:57:27.504 [main] INFO  r.s.t.c.l.f.ArrayTabulatedFunction - Creating ArrayTabulatedFunction from arrays with length: 3
2025-11-23 18:57:27.505 [main] DEBUG r.s.t.c.l.f.ArrayTabulatedFunction - Successfully created ArrayTabulatedFunction with 3 points
2025-11-23 18:57:27.505 [main] INFO  r.s.t.c.l.f.ArrayTabulatedFunction - Removing point at index 1
2025-11-23 18:57:27.505 [main] DEBUG r.s.t.c.l.f.ArrayTabulatedFunction - Successfully removed point at index 1. New count: 2
2025-11-23 18:57:27.507 [main] INFO  r.s.t.c.l.f.ArrayTabulatedFunction - Creating ArrayTabulatedFunction from function: xFrom=2.0, xTo=0.0, count=3
2025-11-23 18:57:27.508 [main] WARN  r.s.t.c.l.f.ArrayTabulatedFunction - xFrom (2.0) > xTo (0.0), swapping values
2025-11-23 18:57:27.508 [main] DEBUG r.s.t.c.l.f.ArrayTabulatedFunction - Step size: 1.0
2025-11-23 18:57:27.508 [main] INFO  r.s.t.c.l.f.ArrayTabulatedFunction - Successfully created ArrayTabulatedFunction from source function
2025-11-23 18:57:27.509 [main] INFO  r.s.t.c.l.f.ArrayTabulatedFunction - Creating ArrayTabulatedFunction from arrays with length: 3
2025-11-23 18:57:27.510 [main] DEBUG r.s.t.c.l.f.ArrayTabulatedFunction - Successfully created ArrayTabulatedFunction with 3 points
2025-11-23 18:57:27.510 [main] INFO  r.s.t.c.l.f.ArrayTabulatedFunction - Inserting point: x=3.0, y=30.0
2025-11-23 18:57:27.510 [main] DEBUG r.s.t.c.l.f.ArrayTabulatedFunction - x=3.0 not found in xValues
2025-11-23 18:57:27.510 [main] DEBUG r.s.t.c.l.f.ArrayTabulatedFunction - Successfully inserted point at index 2. New count: 4
2025-11-23 18:57:27.513 [main] INFO  r.s.t.c.l.f.ArrayTabulatedFunction - Creating ArrayTabulatedFunction from arrays with length: 4
2025-11-23 18:57:27.513 [main] DEBUG r.s.t.c.l.f.ArrayTabulatedFunction - Successfully created ArrayTabulatedFunction with 4 points
2025-11-23 18:57:27.515 [main] INFO  r.s.t.c.l.f.ArrayTabulatedFunction - Creating ArrayTabulatedFunction from arrays with length: 2
2025-11-23 18:57:27.516 [main] DEBUG r.s.t.c.l.f.ArrayTabulatedFunction - Successfully created ArrayTabulatedFunction with 2 points
2025-11-23 18:57:27.516 [main] INFO  r.s.t.c.l.f.ArrayTabulatedFunction - Inserting point: x=1.0, y=10.0
2025-11-23 18:57:27.516 [main] DEBUG r.s.t.c.l.f.ArrayTabulatedFunction - x=1.0 not found in xValues
2025-11-23 18:57:27.516 [main] DEBUG r.s.t.c.l.f.ArrayTabulatedFunction - Successfully inserted point at index 0. New count: 3
2025-11-23 18:57:27.520 [main] INFO  r.s.t.c.l.f.ArrayTabulatedFunction - Creating ArrayTabulatedFunction from arrays with length: 3
2025-11-23 18:57:27.520 [main] DEBUG r.s.t.c.l.f.ArrayTabulatedFunction - Successfully created ArrayTabulatedFunction with 3 points
2025-11-23 18:57:27.522 [main] INFO  r.s.t.c.l.f.ArrayTabulatedFunction - Creating ArrayTabulatedFunction from arrays with length: 2
2025-11-23 18:57:27.523 [main] DEBUG r.s.t.c.l.f.ArrayTabulatedFunction - Successfully created ArrayTabulatedFunction with 2 points
2025-11-23 18:57:27.523 [main] INFO  r.s.t.c.l.f.ArrayTabulatedFunction - Removing point at index 0
2025-11-23 18:57:27.523 [main] ERROR r.s.t.c.l.f.ArrayTabulatedFunction - Cannot remove point - minimum points count reached (current: 2)
2025-11-23 18:57:27.524 [main] INFO  r.s.t.c.l.f.ArrayTabulatedFunction - Removing point at index 1
2025-11-23 18:57:27.525 [main] ERROR r.s.t.c.l.f.ArrayTabulatedFunction - Cannot remove point - minimum points count reached (current: 2)
2025-11-23 18:57:27.528 [main] INFO  r.s.t.c.l.f.ArrayTabulatedFunction - Creating ArrayTabulatedFunction from arrays with length: 4
2025-11-23 18:57:27.530 [main] DEBUG r.s.t.c.l.f.ArrayTabulatedFunction - Successfully created ArrayTabulatedFunction with 4 points
2025-11-23 18:57:27.534 [main] ERROR r.s.t.c.l.f.ArrayTabulatedFunction - Iterator has no more elements
2025-11-23 18:57:27.548 [main] INFO  r.s.t.c.l.f.ArrayTabulatedFunction - Creating ArrayTabulatedFunction from arrays with length: 4
2025-11-23 18:57:27.549 [main] DEBUG r.s.t.c.l.f.ArrayTabulatedFunction - Successfully created ArrayTabulatedFunction with 4 points
2025-11-23 18:57:27.554 [main] INFO  r.s.t.c.l.f.ArrayTabulatedFunction - Creating ArrayTabulatedFunction from arrays with length: 2
2025-11-23 18:57:27.554 [main] DEBUG r.s.t.c.l.f.ArrayTabulatedFunction - Successfully created ArrayTabulatedFunction with 2 points
2025-11-23 18:57:27.585 [main] INFO  r.s.t.c.l.f.LinkedListTabulatedFunction - Creating LinkedListTabulatedFunction from arrays with length: 3
2025-11-23 18:57:27.586 [main] DEBUG r.s.t.c.l.f.LinkedListTabulatedFunction - Created first node in empty list
2025-11-23 18:57:27.586 [main] INFO  r.s.t.c.l.f.LinkedListTabulatedFunction - Successfully created LinkedListTabulatedFunction with 3 points
2025-11-23 18:57:27.586 [main] DEBUG r.s.t.c.l.f.LinkedListTabulatedFunction - Found x=2.0 at index 1
2025-11-23 18:57:27.586 [main] DEBUG r.s.t.c.l.f.LinkedListTabulatedFunction - x=1.5 not found in list
2025-11-23 18:57:27.586 [main] DEBUG r.s.t.c.l.f.LinkedListTabulatedFunction - Floor index for x=1.5 is 0
2025-11-23 18:57:27.586 [main] DEBUG r.s.t.c.l.f.LinkedListTabulatedFunction - Interpolation for x=1.5 at floorIndex=0: result=15.0
2025-11-23 18:57:27.588 [main] INFO  r.s.t.c.l.f.ArrayTabulatedFunction - Creating ArrayTabulatedFunction from function: xFrom=0.0, xTo=2.0, count=3
2025-11-23 18:57:27.588 [main] DEBUG r.s.t.c.l.f.ArrayTabulatedFunction - Step size: 1.0
2025-11-23 18:57:27.589 [main] INFO  r.s.t.c.l.f.ArrayTabulatedFunction - Successfully created ArrayTabulatedFunction from source function
2025-11-23 18:57:27.589 [main] DEBUG r.s.t.c.l.f.ArrayTabulatedFunction - Found x=1.0 at index 1
2025-11-23 18:57:27.589 [main] DEBUG r.s.t.c.l.f.ArrayTabulatedFunction - Found x=2.0 at index 2
2025-11-23 18:57:27.589 [main] DEBUG r.s.t.c.l.f.ArrayTabulatedFunction - x=1.5 not found in xValues
2025-11-23 18:57:27.589 [main] DEBUG r.s.t.c.l.f.ArrayTabulatedFunction - Floor index for x=1.5 is 1
2025-11-23 18:57:27.589 [main] DEBUG r.s.t.c.l.f.ArrayTabulatedFunction - Interpolation for x=1.5 at floorIndex=1: result=2.5
2025-11-23 18:57:27.590 [main] INFO  r.s.t.c.l.f.ArrayTabulatedFunction - Creating ArrayTabulatedFunction from function: xFrom=0.0, xTo=2.0, count=3
2025-11-23 18:57:27.590 [main] DEBUG r.s.t.c.l.f.ArrayTabulatedFunction - Step size: 1.0
2025-11-23 18:57:27.592 [main] INFO  r.s.t.c.l.f.ArrayTabulatedFunction - Successfully created ArrayTabulatedFunction from source function
2025-11-23 18:57:27.593 [main] INFO  r.s.t.c.l.f.LinkedListTabulatedFunction - Creating LinkedListTabulatedFunction from function: xFrom=0.0, xTo=4.0, count=3
2025-11-23 18:57:27.594 [main] DEBUG r.s.t.c.l.f.LinkedListTabulatedFunction - Step size: 2.0
2025-11-23 18:57:27.594 [main] DEBUG r.s.t.c.l.f.LinkedListTabulatedFunction - Created first node in empty list
2025-11-23 18:57:27.594 [main] INFO  r.s.t.c.l.f.LinkedListTabulatedFunction - Successfully created LinkedListTabulatedFunction from source function
2025-11-23 18:57:27.594 [main] DEBUG r.s.t.c.l.f.ArrayTabulatedFunction - Found x=0.0 at index 0
2025-11-23 18:57:27.594 [main] DEBUG r.s.t.c.l.f.LinkedListTabulatedFunction - Found x=0.0 at index 0
2025-11-23 18:57:27.594 [main] DEBUG r.s.t.c.l.f.ArrayTabulatedFunction - Found x=1.0 at index 1
2025-11-23 18:57:27.594 [main] DEBUG r.s.t.c.l.f.LinkedListTabulatedFunction - x=1.0 not found in list
2025-11-23 18:57:27.594 [main] DEBUG r.s.t.c.l.f.LinkedListTabulatedFunction - Floor index for x=1.0 is 0
2025-11-23 18:57:27.594 [main] DEBUG r.s.t.c.l.f.LinkedListTabulatedFunction - Interpolation for x=1.0 at floorIndex=0: result=2.0
2025-11-23 18:57:27.594 [main] DEBUG r.s.t.c.l.f.ArrayTabulatedFunction - Found x=2.0 at index 2
2025-11-23 18:57:27.594 [main] DEBUG r.s.t.c.l.f.LinkedListTabulatedFunction - Found x=4.0 at index 2
2025-11-23 18:57:27.594 [main] DEBUG r.s.t.c.l.f.ArrayTabulatedFunction - x=1.5 not found in xValues
2025-11-23 18:57:27.594 [main] DEBUG r.s.t.c.l.f.ArrayTabulatedFunction - Floor index for x=1.5 is 1
2025-11-23 18:57:27.594 [main] DEBUG r.s.t.c.l.f.ArrayTabulatedFunction - Interpolation for x=1.5 at floorIndex=1: result=2.5
2025-11-23 18:57:27.594 [main] DEBUG r.s.t.c.l.f.LinkedListTabulatedFunction - x=2.5 not found in list
2025-11-23 18:57:27.595 [main] DEBUG r.s.t.c.l.f.LinkedListTabulatedFunction - Floor index for x=2.5 is 1
2025-11-23 18:57:27.595 [main] DEBUG r.s.t.c.l.f.LinkedListTabulatedFunction - Interpolation for x=2.5 at floorIndex=1: result=5.0
2025-11-23 18:57:27.615 [main] INFO  r.s.t.c.l.f.LinkedListTabulatedFunction - Creating LinkedListTabulatedFunction from arrays with length: 4
2025-11-23 18:57:27.616 [main] DEBUG r.s.t.c.l.f.LinkedListTabulatedFunction - Created first node in empty list
2025-11-23 18:57:27.616 [main] INFO  r.s.t.c.l.f.LinkedListTabulatedFunction - Successfully created LinkedListTabulatedFunction with 4 points
2025-11-23 18:57:27.619 [main] INFO  r.s.t.c.l.f.ArrayTabulatedFunction - Creating ArrayTabulatedFunction from arrays with length: 2
2025-11-23 18:57:27.619 [main] DEBUG r.s.t.c.l.f.ArrayTabulatedFunction - Successfully created ArrayTabulatedFunction with 2 points
2025-11-23 18:57:27.619 [main] INFO  r.s.t.c.l.f.ArrayTabulatedFunction - Creating ArrayTabulatedFunction from arrays with length: 5
2025-11-23 18:57:27.619 [main] DEBUG r.s.t.c.l.f.ArrayTabulatedFunction - Successfully created ArrayTabulatedFunction with 5 points
2025-11-23 18:57:27.620 [main] INFO  r.s.t.c.l.f.ArrayTabulatedFunction - Creating ArrayTabulatedFunction from arrays with length: 3
2025-11-23 18:57:27.621 [main] DEBUG r.s.t.c.l.f.ArrayTabulatedFunction - Successfully created ArrayTabulatedFunction with 3 points
2025-11-23 18:57:27.622 [main] INFO  r.s.t.c.l.f.ArrayTabulatedFunction - Creating ArrayTabulatedFunction from arrays with length: 1
2025-11-23 18:57:27.623 [main] INFO  r.s.t.c.l.f.LinkedListTabulatedFunction - Creating LinkedListTabulatedFunction from arrays with length: 1
2025-11-23 18:57:27.623 [main] ERROR r.s.t.c.l.f.LinkedListTabulatedFunction - Array length 1 is less than minimum required (2)
2025-11-23 18:57:27.623 [main] INFO  r.s.t.c.l.f.ArrayTabulatedFunction - Creating ArrayTabulatedFunction from arrays with length: 0
2025-11-23 18:57:27.624 [main] INFO  r.s.t.c.l.f.LinkedListTabulatedFunction - Creating LinkedListTabulatedFunction from arrays with length: 0
2025-11-23 18:57:27.624 [main] ERROR r.s.t.c.l.f.LinkedListTabulatedFunction - Array length 0 is less than minimum required (2)
2025-11-23 18:57:27.625 [main] INFO  r.s.t.c.l.f.ArrayTabulatedFunction - Creating ArrayTabulatedFunction from arrays with length: 2
2025-11-23 18:57:27.625 [main] INFO  r.s.t.c.l.f.LinkedListTabulatedFunction - Creating LinkedListTabulatedFunction from arrays with length: 2
2025-11-23 18:57:27.625 [main] ERROR r.s.t.c.l.f.LinkedListTabulatedFunction - Arrays length mismatch: x.length=2, y.length=1
2025-11-23 18:57:27.627 [main] INFO  r.s.t.c.l.f.ArrayTabulatedFunction - Creating ArrayTabulatedFunction from arrays with length: 2
2025-11-23 18:57:27.627 [main] DEBUG r.s.t.c.l.f.ArrayTabulatedFunction - Successfully created ArrayTabulatedFunction with 2 points
2025-11-23 18:57:27.627 [main] INFO  r.s.t.c.l.f.ArrayTabulatedFunction - Creating ArrayTabulatedFunction from arrays with length: 2
2025-11-23 18:57:27.627 [main] DEBUG r.s.t.c.l.f.ArrayTabulatedFunction - Successfully created ArrayTabulatedFunction with 2 points
2025-11-23 18:57:27.628 [main] DEBUG r.s.t.c.l.f.ArrayTabulatedFunction - Set y[0] from 1.0 to 100.0
2025-11-23 18:57:27.629 [main] INFO  r.s.t.c.l.f.ArrayTabulatedFunction - Creating ArrayTabulatedFunction from arrays with length: 3
2025-11-23 18:57:27.630 [main] DEBUG r.s.t.c.l.f.ArrayTabulatedFunction - Successfully created ArrayTabulatedFunction with 3 points
2025-11-23 18:57:27.630 [main] INFO  r.s.t.c.l.f.LinkedListTabulatedFunction - Creating LinkedListTabulatedFunction from arrays with length: 3
2025-11-23 18:57:27.630 [main] DEBUG r.s.t.c.l.f.LinkedListTabulatedFunction - Created first node in empty list
2025-11-23 18:57:27.630 [main] INFO  r.s.t.c.l.f.LinkedListTabulatedFunction - Successfully created LinkedListTabulatedFunction with 3 points
2025-11-23 18:57:27.633 [main] INFO  r.s.t.c.l.f.LinkedListTabulatedFunction - Creating LinkedListTabulatedFunction from arrays with length: 2
2025-11-23 18:57:27.633 [main] DEBUG r.s.t.c.l.f.LinkedListTabulatedFunction - Created first node in empty list
2025-11-23 18:57:27.633 [main] INFO  r.s.t.c.l.f.LinkedListTabulatedFunction - Successfully created LinkedListTabulatedFunction with 2 points
2025-11-23 18:57:27.633 [main] INFO  r.s.t.c.l.f.LinkedListTabulatedFunction - Creating LinkedListTabulatedFunction from arrays with length: 5
2025-11-23 18:57:27.633 [main] DEBUG r.s.t.c.l.f.LinkedListTabulatedFunction - Created first node in empty list
2025-11-23 18:57:27.633 [main] INFO  r.s.t.c.l.f.LinkedListTabulatedFunction - Successfully created LinkedListTabulatedFunction with 5 points
2025-11-23 18:57:27.640 [main] INFO  r.s.t.c.l.f.LinkedListTabulatedFunction - Creating LinkedListTabulatedFunction from arrays with length: 3
2025-11-23 18:57:27.640 [main] DEBUG r.s.t.c.l.f.LinkedListTabulatedFunction - Created first node in empty list
2025-11-23 18:57:27.640 [main] INFO  r.s.t.c.l.f.LinkedListTabulatedFunction - Successfully created LinkedListTabulatedFunction with 3 points
2025-11-23 18:57:27.642 [main] INFO  r.s.t.c.l.f.LinkedListTabulatedFunction - Creating LinkedListTabulatedFunction from arrays with length: 3
2025-11-23 18:57:27.642 [main] DEBUG r.s.t.c.l.f.LinkedListTabulatedFunction - Created first node in empty list
2025-11-23 18:57:27.643 [main] INFO  r.s.t.c.l.f.LinkedListTabulatedFunction - Successfully created LinkedListTabulatedFunction with 3 points
2025-11-23 18:57:27.643 [main] INFO  r.s.t.c.l.f.LinkedListTabulatedFunction - Removing point at index 0
2025-11-23 18:57:27.643 [main] DEBUG r.s.t.c.l.f.LinkedListTabulatedFunction - Removed head node, new head set
2025-11-23 18:57:27.643 [main] DEBUG r.s.t.c.l.f.LinkedListTabulatedFunction - Successfully removed point at index 0. New count: 2
2025-11-23 18:57:27.643 [main] INFO  r.s.t.c.l.f.LinkedListTabulatedFunction - Removing point at index 0
2025-11-23 18:57:27.643 [main] ERROR r.s.t.c.l.f.LinkedListTabulatedFunction - Cannot remove point - minimum points count reached (current: 2)
2025-11-23 18:57:27.644 [main] INFO  r.s.t.c.l.f.LinkedListTabulatedFunction - Creating LinkedListTabulatedFunction from function: xFrom=2.0, xTo=0.0, count=3
2025-11-23 18:57:27.645 [main] WARN  r.s.t.c.l.f.LinkedListTabulatedFunction - xFrom (2.0) > xTo (0.0), swapping values
2025-11-23 18:57:27.645 [main] DEBUG r.s.t.c.l.f.LinkedListTabulatedFunction - Step size: 1.0
2025-11-23 18:57:27.645 [main] DEBUG r.s.t.c.l.f.LinkedListTabulatedFunction - Created first node in empty list
2025-11-23 18:57:27.645 [main] INFO  r.s.t.c.l.f.LinkedListTabulatedFunction - Successfully created LinkedListTabulatedFunction from source function
2025-11-23 18:57:27.646 [main] INFO  r.s.t.c.l.f.LinkedListTabulatedFunction - Creating LinkedListTabulatedFunction from arrays with length: 2
2025-11-23 18:57:27.646 [main] DEBUG r.s.t.c.l.f.LinkedListTabulatedFunction - Created first node in empty list
2025-11-23 18:57:27.646 [main] INFO  r.s.t.c.l.f.LinkedListTabulatedFunction - Successfully created LinkedListTabulatedFunction with 2 points
2025-11-23 18:57:27.646 [main] DEBUG r.s.t.c.l.f.LinkedListTabulatedFunction - x=1.0 not found in list
2025-11-23 18:57:27.646 [main] DEBUG r.s.t.c.l.f.LinkedListTabulatedFunction - Floor index for x=1.0 is 0
2025-11-23 18:57:27.646 [main] DEBUG r.s.t.c.l.f.LinkedListTabulatedFunction - Interpolation for x=1.0 at floorIndex=0: result=2.0
2025-11-23 18:57:27.648 [main] INFO  r.s.t.c.l.f.LinkedListTabulatedFunction - Creating LinkedListTabulatedFunction from function: xFrom=3.0, xTo=3.0, count=4
2025-11-23 18:57:27.648 [main] DEBUG r.s.t.c.l.f.LinkedListTabulatedFunction - xFrom equals xTo, creating constant function
2025-11-23 18:57:27.648 [main] DEBUG r.s.t.c.l.f.LinkedListTabulatedFunction - Created first node in empty list
2025-11-23 18:57:27.648 [main] INFO  r.s.t.c.l.f.LinkedListTabulatedFunction - Successfully created LinkedListTabulatedFunction from source function
2025-11-23 18:57:27.650 [main] INFO  r.s.t.c.l.f.LinkedListTabulatedFunction - Creating LinkedListTabulatedFunction from arrays with length: 2
2025-11-23 18:57:27.650 [main] DEBUG r.s.t.c.l.f.LinkedListTabulatedFunction - Created first node in empty list
2025-11-23 18:57:27.650 [main] INFO  r.s.t.c.l.f.LinkedListTabulatedFunction - Successfully created LinkedListTabulatedFunction with 2 points
2025-11-23 18:57:27.652 [main] DEBUG r.s.t.c.l.f.LinkedListTabulatedFunction - Set y[1] from 1.0 to 10.0
2025-11-23 18:57:27.654 [main] INFO  r.s.t.c.l.f.LinkedListTabulatedFunction - Creating LinkedListTabulatedFunction from arrays with length: 7
2025-11-23 18:57:27.654 [main] DEBUG r.s.t.c.l.f.LinkedListTabulatedFunction - Created first node in empty list
2025-11-23 18:57:27.654 [main] INFO  r.s.t.c.l.f.LinkedListTabulatedFunction - Successfully created LinkedListTabulatedFunction with 7 points
2025-11-23 18:57:27.656 [main] ERROR r.s.t.c.l.f.LinkedListTabulatedFunction - Interpolation error: x=2.5 not in interval [3.0, 4.0]
2025-11-23 18:57:27.658 [main] INFO  r.s.t.c.l.f.LinkedListTabulatedFunction - Creating LinkedListTabulatedFunction from function: xFrom=0.0, xTo=2.0, count=1
2025-11-23 18:57:27.659 [main] ERROR r.s.t.c.l.f.LinkedListTabulatedFunction - Count 1 is less than minimum required (2)
2025-11-23 18:57:27.660 [main] INFO  r.s.t.c.l.f.LinkedListTabulatedFunction - Creating LinkedListTabulatedFunction from arrays with length: 3
2025-11-23 18:57:27.660 [main] DEBUG r.s.t.c.l.f.LinkedListTabulatedFunction - Created first node in empty list
2025-11-23 18:57:27.660 [main] INFO  r.s.t.c.l.f.LinkedListTabulatedFunction - Successfully created LinkedListTabulatedFunction with 3 points
2025-11-23 18:57:27.660 [main] INFO  r.s.t.c.l.f.LinkedListTabulatedFunction - Removing point at index 0
2025-11-23 18:57:27.660 [main] DEBUG r.s.t.c.l.f.LinkedListTabulatedFunction - Removed head node, new head set
2025-11-23 18:57:27.660 [main] DEBUG r.s.t.c.l.f.LinkedListTabulatedFunction - Successfully removed point at index 0. New count: 2
2025-11-23 18:57:27.661 [main] INFO  r.s.t.c.l.f.LinkedListTabulatedFunction - Creating LinkedListTabulatedFunction from arrays with length: 2
2025-11-23 18:57:27.661 [main] DEBUG r.s.t.c.l.f.LinkedListTabulatedFunction - Created first node in empty list
2025-11-23 18:57:27.661 [main] INFO  r.s.t.c.l.f.LinkedListTabulatedFunction - Successfully created LinkedListTabulatedFunction with 2 points
2025-11-23 18:57:27.661 [main] INFO  r.s.t.c.l.f.LinkedListTabulatedFunction - Inserting point: x=3.0, y=9.0
2025-11-23 18:57:27.661 [main] DEBUG r.s.t.c.l.f.LinkedListTabulatedFunction - Inserted node at end of list
2025-11-23 18:57:27.668 [main] INFO  r.s.t.c.l.f.LinkedListTabulatedFunction - Creating LinkedListTabulatedFunction from function: xFrom=0.0, xTo=2.0, count=3
2025-11-23 18:57:27.668 [main] DEBUG r.s.t.c.l.f.LinkedListTabulatedFunction - Step size: 1.0
2025-11-23 18:57:27.668 [main] DEBUG r.s.t.c.l.f.LinkedListTabulatedFunction - Created first node in empty list
2025-11-23 18:57:27.668 [main] INFO  r.s.t.c.l.f.LinkedListTabulatedFunction - Successfully created LinkedListTabulatedFunction from source function
2025-11-23 18:57:27.671 [main] INFO  r.s.t.c.l.f.LinkedListTabulatedFunction - Creating LinkedListTabulatedFunction from arrays with length: 3
2025-11-23 18:57:27.671 [main] DEBUG r.s.t.c.l.f.LinkedListTabulatedFunction - Created first node in empty list
2025-11-23 18:57:27.671 [main] INFO  r.s.t.c.l.f.LinkedListTabulatedFunction - Successfully created LinkedListTabulatedFunction with 3 points
2025-11-23 18:57:27.671 [main] DEBUG r.s.t.c.l.f.LinkedListTabulatedFunction - Found x=2.0 at index 1
2025-11-23 18:57:27.671 [main] DEBUG r.s.t.c.l.f.LinkedListTabulatedFunction - x=5.0 not found in list
2025-11-23 18:57:27.673 [main] INFO  r.s.t.c.l.f.LinkedListTabulatedFunction - Creating LinkedListTabulatedFunction from arrays with length: 3
2025-11-23 18:57:27.673 [main] DEBUG r.s.t.c.l.f.LinkedListTabulatedFunction - Created first node in empty list
2025-11-23 18:57:27.673 [main] INFO  r.s.t.c.l.f.LinkedListTabulatedFunction - Successfully created LinkedListTabulatedFunction with 3 points
2025-11-23 18:57:27.673 [main] INFO  r.s.t.c.l.f.LinkedListTabulatedFunction - Removing point at index 2
2025-11-23 18:57:27.673 [main] DEBUG r.s.t.c.l.f.LinkedListTabulatedFunction - Successfully removed point at index 2. New count: 2
2025-11-23 18:57:27.675 [main] INFO  r.s.t.c.l.f.LinkedListTabulatedFunction - Creating LinkedListTabulatedFunction from arrays with length: 0
2025-11-23 18:57:27.675 [main] ERROR r.s.t.c.l.f.LinkedListTabulatedFunction - Array length 0 is less than minimum required (2)
2025-11-23 18:57:27.676 [main] INFO  r.s.t.c.l.f.LinkedListTabulatedFunction - Creating LinkedListTabulatedFunction from arrays with length: 2
2025-11-23 18:57:27.676 [main] DEBUG r.s.t.c.l.f.LinkedListTabulatedFunction - Created first node in empty list
2025-11-23 18:57:27.676 [main] INFO  r.s.t.c.l.f.LinkedListTabulatedFunction - Successfully created LinkedListTabulatedFunction with 2 points
2025-11-23 18:57:27.676 [main] ERROR r.s.t.c.l.f.LinkedListTabulatedFunction - Node index out of bounds: index=-1, count=2
2025-11-23 18:57:27.679 [main] ERROR r.s.t.c.l.f.LinkedListTabulatedFunction - Node index out of bounds: index=2, count=2
2025-11-23 18:57:27.680 [main] INFO  r.s.t.c.l.f.LinkedListTabulatedFunction - Creating LinkedListTabulatedFunction from arrays with length: 2
2025-11-23 18:57:27.681 [main] DEBUG r.s.t.c.l.f.LinkedListTabulatedFunction - Created first node in empty list
2025-11-23 18:57:27.682 [main] INFO  r.s.t.c.l.f.LinkedListTabulatedFunction - Successfully created LinkedListTabulatedFunction with 2 points
2025-11-23 18:57:27.683 [main] ERROR r.s.t.c.l.f.LinkedListTabulatedFunction - Node index out of bounds: index=-1, count=2
2025-11-23 18:57:27.688 [main] ERROR r.s.t.c.l.f.LinkedListTabulatedFunction - Node index out of bounds: index=2, count=2
2025-11-23 18:57:27.702 [main] INFO  r.s.t.c.l.f.LinkedListTabulatedFunction - Creating LinkedListTabulatedFunction from arrays with length: 3
2025-11-23 18:57:27.702 [main] DEBUG r.s.t.c.l.f.LinkedListTabulatedFunction - Created first node in empty list
2025-11-23 18:57:27.703 [main] INFO  r.s.t.c.l.f.LinkedListTabulatedFunction - Successfully created LinkedListTabulatedFunction with 3 points
2025-11-23 18:57:27.703 [main] INFO  r.s.t.c.l.f.LinkedListTabulatedFunction - Inserting point: x=2.0, y=5.0
2025-11-23 18:57:27.703 [main] DEBUG r.s.t.c.l.f.LinkedListTabulatedFunction - Point with x=2.0 already exists, updating y value
2025-11-23 18:57:27.704 [main] INFO  r.s.t.c.l.f.LinkedListTabulatedFunction - Creating LinkedListTabulatedFunction from arrays with length: 3
2025-11-23 18:57:27.705 [main] DEBUG r.s.t.c.l.f.LinkedListTabulatedFunction - Created first node in empty list
2025-11-23 18:57:27.705 [main] INFO  r.s.t.c.l.f.LinkedListTabulatedFunction - Successfully created LinkedListTabulatedFunction with 3 points
2025-11-23 18:57:27.705 [main] DEBUG r.s.t.c.l.f.LinkedListTabulatedFunction - Found y=20.0 at index 1
2025-11-23 18:57:27.708 [main] INFO  r.s.t.c.l.f.LinkedListTabulatedFunction - Creating LinkedListTabulatedFunction from arrays with length: 2
2025-11-23 18:57:27.708 [main] DEBUG r.s.t.c.l.f.LinkedListTabulatedFunction - Created first node in empty list
2025-11-23 18:57:27.709 [main] INFO  r.s.t.c.l.f.LinkedListTabulatedFunction - Successfully created LinkedListTabulatedFunction with 2 points
2025-11-23 18:57:27.712 [main] ERROR r.s.t.c.l.f.LinkedListTabulatedFunction - Node index out of bounds: index=-1, count=2
2025-11-23 18:57:27.716 [main] ERROR r.s.t.c.l.f.LinkedListTabulatedFunction - Node index out of bounds: index=2, count=2
2025-11-23 18:57:27.720 [main] INFO  r.s.t.c.l.f.LinkedListTabulatedFunction - Creating LinkedListTabulatedFunction from arrays with length: 2
2025-11-23 18:57:27.720 [main] DEBUG r.s.t.c.l.f.LinkedListTabulatedFunction - Created first node in empty list
2025-11-23 18:57:27.720 [main] INFO  r.s.t.c.l.f.LinkedListTabulatedFunction - Successfully created LinkedListTabulatedFunction with 2 points
2025-11-23 18:57:27.721 [main] INFO  r.s.t.c.l.f.LinkedListTabulatedFunction - Removing point at index -1
2025-11-23 18:57:27.721 [main] ERROR r.s.t.c.l.f.LinkedListTabulatedFunction - Index out of bounds: index=-1, count=2
2025-11-23 18:57:27.721 [main] INFO  r.s.t.c.l.f.LinkedListTabulatedFunction - Removing point at index 2
2025-11-23 18:57:27.721 [main] ERROR r.s.t.c.l.f.LinkedListTabulatedFunction - Index out of bounds: index=2, count=2
2025-11-23 18:57:27.722 [main] INFO  r.s.t.c.l.f.LinkedListTabulatedFunction - Removing point at index 5
2025-11-23 18:57:27.722 [main] ERROR r.s.t.c.l.f.LinkedListTabulatedFunction - Index out of bounds: index=5, count=2
2025-11-23 18:57:27.725 [main] INFO  r.s.t.c.l.f.LinkedListTabulatedFunction - Creating LinkedListTabulatedFunction from arrays with length: 3
2025-11-23 18:57:27.726 [main] DEBUG r.s.t.c.l.f.LinkedListTabulatedFunction - Created first node in empty list
2025-11-23 18:57:27.726 [main] INFO  r.s.t.c.l.f.LinkedListTabulatedFunction - Successfully created LinkedListTabulatedFunction with 3 points
2025-11-23 18:57:27.728 [main] INFO  r.s.t.c.l.f.LinkedListTabulatedFunction - Creating LinkedListTabulatedFunction from arrays with length: 4
2025-11-23 18:57:27.728 [main] DEBUG r.s.t.c.l.f.LinkedListTabulatedFunction - Created first node in empty list
2025-11-23 18:57:27.728 [main] INFO  r.s.t.c.l.f.LinkedListTabulatedFunction - Successfully created LinkedListTabulatedFunction with 4 points
2025-11-23 18:57:27.732 [main] DEBUG r.s.t.c.l.f.LinkedListTabulatedFunction - Floor index for x=0.5 is 0
2025-11-23 18:57:27.732 [main] DEBUG r.s.t.c.l.f.LinkedListTabulatedFunction - Floor index for x=1.9 is 1
2025-11-23 18:57:27.732 [main] DEBUG r.s.t.c.l.f.LinkedListTabulatedFunction - X value 3.0 is greater than or equal to right bound, returning count-1=3
2025-11-23 18:57:27.732 [main] DEBUG r.s.t.c.l.f.LinkedListTabulatedFunction - X value 10.0 is greater than or equal to right bound, returning count-1=3
2025-11-23 18:57:27.760 [main] INFO  r.s.t.c.l.f.LinkedListTabulatedFunction - Creating LinkedListTabulatedFunction from arrays with length: 4
2025-11-23 18:57:27.761 [main] DEBUG r.s.t.c.l.f.LinkedListTabulatedFunction - Created first node in empty list
2025-11-23 18:57:27.761 [main] INFO  r.s.t.c.l.f.LinkedListTabulatedFunction - Successfully created LinkedListTabulatedFunction with 4 points
2025-11-23 18:57:27.761 [main] INFO  r.s.t.c.l.f.LinkedListTabulatedFunction - Removing point at index 0
2025-11-23 18:57:27.761 [main] DEBUG r.s.t.c.l.f.LinkedListTabulatedFunction - Removed head node, new head set
2025-11-23 18:57:27.761 [main] DEBUG r.s.t.c.l.f.LinkedListTabulatedFunction - Successfully removed point at index 0. New count: 3
2025-11-23 18:57:27.761 [main] INFO  r.s.t.c.l.f.LinkedListTabulatedFunction - Removing point at index 2
2025-11-23 18:57:27.761 [main] DEBUG r.s.t.c.l.f.LinkedListTabulatedFunction - Successfully removed point at index 2. New count: 2
2025-11-23 18:57:27.762 [main] INFO  r.s.t.c.l.f.LinkedListTabulatedFunction - Creating LinkedListTabulatedFunction from arrays with length: 2
2025-11-23 18:57:27.762 [main] DEBUG r.s.t.c.l.f.LinkedListTabulatedFunction - Created first node in empty list
2025-11-23 18:57:27.762 [main] INFO  r.s.t.c.l.f.LinkedListTabulatedFunction - Successfully created LinkedListTabulatedFunction with 2 points
2025-11-23 18:57:27.762 [main] DEBUG r.s.t.c.l.f.LinkedListTabulatedFunction - Right extrapolation for x=3.0: result=7.0
2025-11-23 18:57:27.763 [main] INFO  r.s.t.c.l.f.LinkedListTabulatedFunction - Creating LinkedListTabulatedFunction from arrays with length: 3
2025-11-23 18:57:27.764 [main] DEBUG r.s.t.c.l.f.LinkedListTabulatedFunction - Created first node in empty list
2025-11-23 18:57:27.764 [main] INFO  r.s.t.c.l.f.LinkedListTabulatedFunction - Successfully created LinkedListTabulatedFunction with 3 points
2025-11-23 18:57:27.764 [main] INFO  r.s.t.c.l.f.LinkedListTabulatedFunction - Inserting point: x=0.5, y=0.25
2025-11-23 18:57:27.764 [main] DEBUG r.s.t.c.l.f.LinkedListTabulatedFunction - Inserted node at beginning of list
2025-11-23 18:57:27.766 [main] INFO  r.s.t.c.l.f.LinkedListTabulatedFunction - Creating LinkedListTabulatedFunction from arrays with length: 2
2025-11-23 18:57:27.767 [main] DEBUG r.s.t.c.l.f.LinkedListTabulatedFunction - Created first node in empty list
2025-11-23 18:57:27.767 [main] INFO  r.s.t.c.l.f.LinkedListTabulatedFunction - Successfully created LinkedListTabulatedFunction with 2 points
2025-11-23 18:57:27.767 [main] DEBUG r.s.t.c.l.f.LinkedListTabulatedFunction - Left extrapolation for x=0.0: result=-2.0
2025-11-23 18:57:27.768 [main] INFO  r.s.t.c.l.f.LinkedListTabulatedFunction - Creating LinkedListTabulatedFunction from arrays with length: 3
2025-11-23 18:57:27.769 [main] DEBUG r.s.t.c.l.f.LinkedListTabulatedFunction - Created first node in empty list
2025-11-23 18:57:27.769 [main] INFO  r.s.t.c.l.f.LinkedListTabulatedFunction - Successfully created LinkedListTabulatedFunction with 3 points
2025-11-23 18:57:27.769 [main] DEBUG r.s.t.c.l.f.LinkedListTabulatedFunction - y=1337.0 not found in list
2025-11-23 18:57:27.772 [main] INFO  r.s.t.c.l.f.LinkedListTabulatedFunction - Creating LinkedListTabulatedFunction from arrays with length: 3
2025-11-23 18:57:27.773 [main] DEBUG r.s.t.c.l.f.LinkedListTabulatedFunction - Created first node in empty list
2025-11-23 18:57:27.773 [main] INFO  r.s.t.c.l.f.LinkedListTabulatedFunction - Successfully created LinkedListTabulatedFunction with 3 points
2025-11-23 18:57:27.773 [main] ERROR r.s.t.c.l.f.LinkedListTabulatedFunction - X value 0.5 is less than left bound 1.0
2025-11-23 18:57:27.774 [main] INFO  r.s.t.c.l.f.LinkedListTabulatedFunction - Creating LinkedListTabulatedFunction from arrays with length: 4
2025-11-23 18:57:27.774 [main] DEBUG r.s.t.c.l.f.LinkedListTabulatedFunction - Created first node in empty list
2025-11-23 18:57:27.774 [main] INFO  r.s.t.c.l.f.LinkedListTabulatedFunction - Successfully created LinkedListTabulatedFunction with 4 points
2025-11-23 18:57:27.774 [main] INFO  r.s.t.c.l.f.LinkedListTabulatedFunction - Removing point at index 1
2025-11-23 18:57:27.774 [main] DEBUG r.s.t.c.l.f.LinkedListTabulatedFunction - Successfully removed point at index 1. New count: 3
2025-11-23 18:57:27.776 [main] INFO  r.s.t.c.l.f.LinkedListTabulatedFunction - Creating LinkedListTabulatedFunction from arrays with length: 1
2025-11-23 18:57:27.777 [main] ERROR r.s.t.c.l.f.LinkedListTabulatedFunction - Array length 1 is less than minimum required (2)
2025-11-23 18:57:27.840 [main] INFO  r.s.t.c.laba2.jdbc.FunctionDAOTest - Инициализация тестового окружения FunctionDAO
2025-11-23 18:57:28.177 [main] DEBUG r.s.t.c.laba2.jdbc.FunctionDAOTest - Создана тестовая функция: Function{id=null, userId=1, name='test_func_similique_1763909848172', signature='x'}
2025-11-23 18:57:28.180 [main] INFO  r.s.t.c.laba2.jdbc.FunctionDAOTest - Запуск теста: создание функции
2025-11-23 18:57:28.180 [main] INFO  r.s.t.c.laba2.jdbc.FunctionDAO - Создание новой функции: Function{id=null, userId=1, name='test_func_similique_1763909848172', signature='x'}
2025-11-23 18:57:28.476 [main] DEBUG r.s.t.c.laba2.jdbc.FunctionDAO - Выполнение SQL: INSERT INTO functions (u_id, name, signature) VALUES (?, ?, ?) с параметрами u_id=1, name=test_func_similique_1763909848172, signature=***
2025-11-23 18:57:28.488 [main] DEBUG r.s.t.c.laba2.jdbc.FunctionDAO - Количество затронутых строк: 1
2025-11-23 18:57:28.488 [main] INFO  r.s.t.c.laba2.jdbc.FunctionDAO - Функция успешно создана с ID: 40280
2025-11-23 18:57:28.490 [main] INFO  r.s.t.c.laba2.jdbc.FunctionDAOTest - Успешно создана функция с ID: 40280
2025-11-23 18:57:28.492 [main] INFO  r.s.t.c.laba2.jdbc.FunctionDAOTest - Запуск теста: поиск функции по ID
2025-11-23 18:57:28.492 [main] DEBUG r.s.t.c.laba2.jdbc.FunctionDAO - Поиск функции по ID: 40280
2025-11-23 18:57:28.630 [main] DEBUG r.s.t.c.laba2.jdbc.FunctionDAO - Выполнение SQL: SELECT id, u_id, name, signature FROM functions WHERE id = ? с параметром id=40280
2025-11-23 18:57:28.633 [main] DEBUG r.s.t.c.laba2.jdbc.FunctionDAO - Найдена функция: Function{id=40280, userId=1, name='test_func_similique_1763909848172', signature='x'}
2025-11-23 18:57:28.634 [main] DEBUG r.s.t.c.laba2.jdbc.FunctionDAOTest - Найдена функция: Function{id=40280, userId=1, name='test_func_similique_1763909848172', signature='x'}
2025-11-23 18:57:28.636 [main] INFO  r.s.t.c.laba2.jdbc.FunctionDAOTest - Запуск теста: поиск функций по ID пользователя
2025-11-23 18:57:28.636 [main] DEBUG r.s.t.c.laba2.jdbc.FunctionDAO - Поиск функций по ID пользователя: 1
2025-11-23 18:57:28.664 [main] DEBUG r.s.t.c.laba2.jdbc.FunctionDAO - Выполнение SQL: SELECT id, u_id, name, signature FROM functions WHERE u_id = ? с параметром userId=1
2025-11-23 18:57:28.668 [main] DEBUG r.s.t.c.laba2.jdbc.FunctionDAO - Найдено 70 функций для пользователя 1
2025-11-23 18:57:28.669 [main] INFO  r.s.t.c.laba2.jdbc.FunctionDAOTest - Найдено 70 функций для пользователя с ID: 1
2025-11-23 18:57:28.671 [main] INFO  r.s.t.c.laba2.jdbc.FunctionDAOTest - Запуск теста: поиск функций по имени (частичное совпадение)
2025-11-23 18:57:28.671 [main] DEBUG r.s.t.c.laba2.jdbc.FunctionDAO - Поиск функций по имени: test_fun
2025-11-23 18:57:28.800 [main] DEBUG r.s.t.c.laba2.jdbc.FunctionDAO - Выполнение SQL: SELECT id, u_id, name, signature FROM functions WHERE name LIKE ? с параметром name=%test_fun%
2025-11-23 18:57:28.803 [main] DEBUG r.s.t.c.laba2.jdbc.FunctionDAO - Найдено 70 функций по шаблону имени: test_fun
2025-11-23 18:57:28.804 [main] INFO  r.s.t.c.laba2.jdbc.FunctionDAOTest - Найдено 70 функций по частичному имени 'test_fun'
2025-11-23 18:57:28.805 [main] INFO  r.s.t.c.laba2.jdbc.FunctionDAOTest - Запуск теста: поиск функций по имени и ID пользователя
2025-11-23 18:57:28.805 [main] DEBUG r.s.t.c.laba2.jdbc.FunctionDAO - Поиск функций по имени test_func_similique_1763909848172 и ID пользователя 1
2025-11-23 18:57:28.833 [main] DEBUG r.s.t.c.laba2.jdbc.FunctionDAO - Выполнение SQL: SELECT id, u_id, name, signature FROM functions WHERE name = ? AND u_id = ? с параметрами name=test_func_similique_1763909848172, userId=1
2025-11-23 18:57:28.836 [main] DEBUG r.s.t.c.laba2.jdbc.FunctionDAO - Найдено 1 функций по имени и ID пользователя
2025-11-23 18:57:28.836 [main] DEBUG r.s.t.c.laba2.jdbc.FunctionDAOTest - Найдена функция по имени и пользователю: Function{id=40280, userId=1, name='test_func_similique_1763909848172', signature='x'}
2025-11-23 18:57:28.838 [main] INFO  r.s.t.c.laba2.jdbc.FunctionDAOTest - Запуск теста: проверка существования функции по имени и пользователю
2025-11-23 18:57:28.838 [main] DEBUG r.s.t.c.laba2.jdbc.FunctionDAO - Проверка существования функции с именем test_func_similique_1763909848172 для пользователя 1
2025-11-23 18:57:28.971 [main] DEBUG r.s.t.c.laba2.jdbc.FunctionDAO - Выполнение SQL: SELECT 1 FROM functions WHERE name = ? AND u_id = ? LIMIT 1 с параметрами name=test_func_similique_1763909848172, userId=1
2025-11-23 18:57:28.975 [main] DEBUG r.s.t.c.laba2.jdbc.FunctionDAO - Функция с именем test_func_similique_1763909848172 для пользователя 1 существует
2025-11-23 18:57:28.975 [main] DEBUG r.s.t.c.laba2.jdbc.FunctionDAO - Проверка существования функции с именем non_existent_function_name для пользователя 1
2025-11-23 18:57:29.000 [main] DEBUG r.s.t.c.laba2.jdbc.FunctionDAO - Выполнение SQL: SELECT 1 FROM functions WHERE name = ? AND u_id = ? LIMIT 1 с параметрами name=non_existent_function_name, userId=1
2025-11-23 18:57:29.002 [main] DEBUG r.s.t.c.laba2.jdbc.FunctionDAO - Функция с именем non_existent_function_name для пользователя 1 не существует
2025-11-23 18:57:29.003 [main] INFO  r.s.t.c.laba2.jdbc.FunctionDAOTest - Проверка существования функции завершена успешно
2025-11-23 18:57:29.004 [main] INFO  r.s.t.c.laba2.jdbc.FunctionDAOTest - Запуск теста: обновление функции
2025-11-23 18:57:29.005 [main] INFO  r.s.t.c.laba2.jdbc.FunctionDAO - Обновление функции с ID: 40280
2025-11-23 18:57:29.039 [main] DEBUG r.s.t.c.laba2.jdbc.FunctionDAO - Выполнение SQL: UPDATE functions SET u_id = ?, name = ?, signature = ? WHERE id = ? с параметрами u_id=2, name=updated_func_1763909849005, signature=***, id=40280
2025-11-23 18:57:29.041 [main] INFO  r.s.t.c.laba2.jdbc.FunctionDAO - Функция с ID 40280 успешно обновлена
2025-11-23 18:57:29.041 [main] DEBUG r.s.t.c.laba2.jdbc.FunctionDAO - Поиск функции по ID: 40280
2025-11-23 18:57:29.168 [main] DEBUG r.s.t.c.laba2.jdbc.FunctionDAO - Выполнение SQL: SELECT id, u_id, name, signature FROM functions WHERE id = ? с параметром id=40280
2025-11-23 18:57:29.169 [main] DEBUG r.s.t.c.laba2.jdbc.FunctionDAO - Найдена функция: Function{id=40280, userId=2, name='updated_func_1763909849005', signature='4'}
2025-11-23 18:57:29.170 [main] INFO  r.s.t.c.laba2.jdbc.FunctionDAOTest - Функция успешно обновлена: Function{id=40280, userId=2, name='updated_func_1763909849005', signature='4'}
2025-11-23 18:57:29.171 [main] INFO  r.s.t.c.laba2.jdbc.FunctionDAOTest - Запуск теста: обновление только сигнатуры функции
2025-11-23 18:57:29.171 [main] INFO  r.s.t.c.laba2.jdbc.FunctionDAO - Обновление сигнатуры функции с ID: 40280
2025-11-23 18:57:29.350 [main] DEBUG r.s.t.c.laba2.jdbc.FunctionDAO - Выполнение SQL: UPDATE functions SET signature = ? WHERE id = ? с параметрами signature=***, id=40280
2025-11-23 18:57:29.352 [main] INFO  r.s.t.c.laba2.jdbc.FunctionDAO - Сигнатура функции с ID 40280 успешно обновлена
2025-11-23 18:57:29.353 [main] DEBUG r.s.t.c.laba2.jdbc.FunctionDAO - Поиск функции по ID: 40280
2025-11-23 18:57:29.381 [main] DEBUG r.s.t.c.laba2.jdbc.FunctionDAO - Выполнение SQL: SELECT id, u_id, name, signature FROM functions WHERE id = ? с параметром id=40280
2025-11-23 18:57:29.383 [main] DEBUG r.s.t.c.laba2.jdbc.FunctionDAO - Найдена функция: Function{id=40280, userId=2, name='updated_func_1763909849005', signature='String processData(int input, String config)'}
2025-11-23 18:57:29.384 [main] INFO  r.s.t.c.laba2.jdbc.FunctionDAOTest - Сигнатура функции успешно обновлена
2025-11-23 18:57:29.385 [main] INFO  r.s.t.c.laba2.jdbc.FunctionDAOTest - Запуск теста: подсчет количества функций пользователя
2025-11-23 18:57:29.385 [main] DEBUG r.s.t.c.laba2.jdbc.FunctionDAO - Подсчет количества функций пользователя с ID: 2
2025-11-23 18:57:29.408 [main] DEBUG r.s.t.c.laba2.jdbc.FunctionDAO - Выполнение SQL: SELECT COUNT(*) FROM functions WHERE u_id = ? с параметром userId=2
2025-11-23 18:57:29.410 [main] DEBUG r.s.t.c.laba2.jdbc.FunctionDAO - Найдено 18 функций пользователя с ID 2
2025-11-23 18:57:29.410 [main] INFO  r.s.t.c.laba2.jdbc.FunctionDAO - Создание новой функции: Function{id=null, userId=2, name='test_func_natus_1763909849410', signature='x^2'}
2025-11-23 18:57:29.434 [main] DEBUG r.s.t.c.laba2.jdbc.FunctionDAO - Выполнение SQL: INSERT INTO functions (u_id, name, signature) VALUES (?, ?, ?) с параметрами u_id=2, name=test_func_natus_1763909849410, signature=***
2025-11-23 18:57:29.435 [main] DEBUG r.s.t.c.laba2.jdbc.FunctionDAO - Количество затронутых строк: 1
2025-11-23 18:57:29.436 [main] INFO  r.s.t.c.laba2.jdbc.FunctionDAO - Функция успешно создана с ID: 40281
2025-11-23 18:57:29.436 [main] DEBUG r.s.t.c.laba2.jdbc.FunctionDAO - Подсчет количества функций пользователя с ID: 2
2025-11-23 18:57:29.458 [main] DEBUG r.s.t.c.laba2.jdbc.FunctionDAO - Выполнение SQL: SELECT COUNT(*) FROM functions WHERE u_id = ? с параметром userId=2
2025-11-23 18:57:29.460 [main] DEBUG r.s.t.c.laba2.jdbc.FunctionDAO - Найдено 19 функций пользователя с ID 2
2025-11-23 18:57:29.461 [main] INFO  r.s.t.c.laba2.jdbc.FunctionDAO - Удаление функции с ID: 40281
2025-11-23 18:57:29.586 [main] DEBUG r.s.t.c.laba2.jdbc.FunctionDAO - Выполнение SQL: DELETE FROM functions WHERE id = ? с параметром id=40281
2025-11-23 18:57:29.589 [main] INFO  r.s.t.c.laba2.jdbc.FunctionDAO - Функция с ID 40281 успешно удалена
2025-11-23 18:57:29.589 [main] INFO  r.s.t.c.laba2.jdbc.FunctionDAOTest - Подсчет функций: до=18, после=19
2025-11-23 18:57:29.590 [main] INFO  r.s.t.c.laba2.jdbc.FunctionDAOTest - Запуск теста: создание нескольких функций с Faker
2025-11-23 18:57:29.590 [main] INFO  r.s.t.c.laba2.jdbc.FunctionDAO - Создание новой функции: Function{id=null, userId=1, name='test_func_omnis_1763909849590', signature='1'}
2025-11-23 18:57:29.613 [main] DEBUG r.s.t.c.laba2.jdbc.FunctionDAO - Выполнение SQL: INSERT INTO functions (u_id, name, signature) VALUES (?, ?, ?) с параметрами u_id=1, name=test_func_omnis_1763909849590, signature=***
2025-11-23 18:57:29.614 [main] DEBUG r.s.t.c.laba2.jdbc.FunctionDAO - Количество затронутых строк: 1
2025-11-23 18:57:29.615 [main] INFO  r.s.t.c.laba2.jdbc.FunctionDAO - Функция успешно создана с ID: 40282
2025-11-23 18:57:29.615 [main] DEBUG r.s.t.c.laba2.jdbc.FunctionDAOTest - Создана случайная функция #1/5: Function{id=40282, userId=1, name='test_func_omnis_1763909849590', signature='1'}
2025-11-23 18:57:29.615 [main] INFO  r.s.t.c.laba2.jdbc.FunctionDAO - Создание новой функции: Function{id=null, userId=1, name='test_func_quisquam_1763909849615', signature='x'}
2025-11-23 18:57:29.743 [main] DEBUG r.s.t.c.laba2.jdbc.FunctionDAO - Выполнение SQL: INSERT INTO functions (u_id, name, signature) VALUES (?, ?, ?) с параметрами u_id=1, name=test_func_quisquam_1763909849615, signature=***
2025-11-23 18:57:29.745 [main] DEBUG r.s.t.c.laba2.jdbc.FunctionDAO - Количество затронутых строк: 1
2025-11-23 18:57:29.745 [main] INFO  r.s.t.c.laba2.jdbc.FunctionDAO - Функция успешно создана с ID: 40283
2025-11-23 18:57:29.745 [main] DEBUG r.s.t.c.laba2.jdbc.FunctionDAOTest - Создана случайная функция #2/5: Function{id=40283, userId=1, name='test_func_quisquam_1763909849615', signature='x'}
2025-11-23 18:57:29.746 [main] INFO  r.s.t.c.laba2.jdbc.FunctionDAO - Создание новой функции: Function{id=null, userId=1, name='test_func_temporibus_1763909849746', signature='x^2'}
2025-11-23 18:57:29.869 [main] DEBUG r.s.t.c.laba2.jdbc.FunctionDAO - Выполнение SQL: INSERT INTO functions (u_id, name, signature) VALUES (?, ?, ?) с параметрами u_id=1, name=test_func_temporibus_1763909849746, signature=***
2025-11-23 18:57:29.871 [main] DEBUG r.s.t.c.laba2.jdbc.FunctionDAO - Количество затронутых строк: 1
2025-11-23 18:57:29.871 [main] INFO  r.s.t.c.laba2.jdbc.FunctionDAO - Функция успешно создана с ID: 40284
2025-11-23 18:57:29.871 [main] DEBUG r.s.t.c.laba2.jdbc.FunctionDAOTest - Создана случайная функция #3/5: Function{id=40284, userId=1, name='test_func_temporibus_1763909849746', signature='x^2'}
2025-11-23 18:57:29.871 [main] INFO  r.s.t.c.laba2.jdbc.FunctionDAO - Создание новой функции: Function{id=null, userId=1, name='test_func_et_1763909849871', signature='1'}
2025-11-23 18:57:29.893 [main] DEBUG r.s.t.c.laba2.jdbc.FunctionDAO - Выполнение SQL: INSERT INTO functions (u_id, name, signature) VALUES (?, ?, ?) с параметрами u_id=1, name=test_func_et_1763909849871, signature=***
2025-11-23 18:57:29.895 [main] DEBUG r.s.t.c.laba2.jdbc.FunctionDAO - Количество затронутых строк: 1
2025-11-23 18:57:29.895 [main] INFO  r.s.t.c.laba2.jdbc.FunctionDAO - Функция успешно создана с ID: 40285
2025-11-23 18:57:29.895 [main] DEBUG r.s.t.c.laba2.jdbc.FunctionDAOTest - Создана случайная функция #4/5: Function{id=40285, userId=1, name='test_func_et_1763909849871', signature='1'}
2025-11-23 18:57:29.895 [main] INFO  r.s.t.c.laba2.jdbc.FunctionDAO - Создание новой функции: Function{id=null, userId=1, name='test_func_nisi_1763909849895', signature='x'}
2025-11-23 18:57:29.918 [main] DEBUG r.s.t.c.laba2.jdbc.FunctionDAO - Выполнение SQL: INSERT INTO functions (u_id, name, signature) VALUES (?, ?, ?) с параметрами u_id=1, name=test_func_nisi_1763909849895, signature=***
2025-11-23 18:57:29.919 [main] DEBUG r.s.t.c.laba2.jdbc.FunctionDAO - Количество затронутых строк: 1
2025-11-23 18:57:29.920 [main] INFO  r.s.t.c.laba2.jdbc.FunctionDAO - Функция успешно создана с ID: 40286
2025-11-23 18:57:29.920 [main] DEBUG r.s.t.c.laba2.jdbc.FunctionDAOTest - Создана случайная функция #5/5: Function{id=40286, userId=1, name='test_func_nisi_1763909849895', signature='x'}
2025-11-23 18:57:29.920 [main] INFO  r.s.t.c.laba2.jdbc.FunctionDAOTest - Успешно создано 5 случайных функций
2025-11-23 18:57:29.921 [main] INFO  r.s.t.c.laba2.jdbc.FunctionDAOTest - Запуск теста: получение всех функций
2025-11-23 18:57:29.921 [main] INFO  r.s.t.c.laba2.jdbc.FunctionDAO - Начало получения всех функций
2025-11-23 18:57:29.945 [main] DEBUG r.s.t.c.laba2.jdbc.FunctionDAO - Выполнение SQL: SELECT id, u_id, name, signature FROM functions
2025-11-23 18:57:29.946 [main] INFO  r.s.t.c.laba2.jdbc.FunctionDAO - Успешно получено 96 функций
2025-11-23 18:57:29.947 [main] INFO  r.s.t.c.laba2.jdbc.FunctionDAOTest - Найдено 96 функций в базе данных
2025-11-23 18:57:29.948 [main] DEBUG r.s.t.c.laba2.jdbc.FunctionDAOTest - Функция из общего списка: Function{id=40073, userId=2, name='updated_func_1762755229170', signature='String processData(int input, String config)'}
2025-11-23 18:57:29.948 [main] DEBUG r.s.t.c.laba2.jdbc.FunctionDAOTest - Функция из общего списка: Function{id=40172, userId=2, name='updated_func_1762804916109', signature='String processData(int input, String config)'}
2025-11-23 18:57:29.948 [main] DEBUG r.s.t.c.laba2.jdbc.FunctionDAOTest - Функция из общего списка: Function{id=40076, userId=1, name='test_func_et_1762755229845', signature='4'}
2025-11-23 18:57:29.949 [main] INFO  r.s.t.c.laba2.jdbc.FunctionDAOTest - Запуск теста: проверка граничных случаев
2025-11-23 18:57:29.949 [main] DEBUG r.s.t.c.laba2.jdbc.FunctionDAO - Поиск функции по ID: -1
2025-11-23 18:57:30.072 [main] DEBUG r.s.t.c.laba2.jdbc.FunctionDAO - Выполнение SQL: SELECT id, u_id, name, signature FROM functions WHERE id = ? с параметром id=-1
2025-11-23 18:57:30.073 [main] DEBUG r.s.t.c.laba2.jdbc.FunctionDAO - Функция с ID -1 не найдена
2025-11-23 18:57:30.074 [main] DEBUG r.s.t.c.laba2.jdbc.FunctionDAO - Поиск функций по ID пользователя: -1
2025-11-23 18:57:30.094 [main] DEBUG r.s.t.c.laba2.jdbc.FunctionDAO - Выполнение SQL: SELECT id, u_id, name, signature FROM functions WHERE u_id = ? с параметром userId=-1
2025-11-23 18:57:30.096 [main] DEBUG r.s.t.c.laba2.jdbc.FunctionDAO - Найдено 0 функций для пользователя -1
2025-11-23 18:57:30.097 [main] DEBUG r.s.t.c.laba2.jdbc.FunctionDAO - Поиск функций по имени: non_existent_function_name_12345
2025-11-23 18:57:30.117 [main] DEBUG r.s.t.c.laba2.jdbc.FunctionDAO - Выполнение SQL: SELECT id, u_id, name, signature FROM functions WHERE name LIKE ? с параметром name=%non_existent_function_name_12345%
2025-11-23 18:57:30.119 [main] DEBUG r.s.t.c.laba2.jdbc.FunctionDAO - Найдено 0 функций по шаблону имени: non_existent_function_name_12345
2025-11-23 18:57:30.119 [main] INFO  r.s.t.c.laba2.jdbc.FunctionDAO - Обновление функции с ID: -1
2025-11-23 18:57:30.244 [main] DEBUG r.s.t.c.laba2.jdbc.FunctionDAO - Выполнение SQL: UPDATE functions SET u_id = ?, name = ?, signature = ? WHERE id = ? с параметрами u_id=1, name=test, signature=***, id=-1
2025-11-23 18:57:30.246 [main] WARN  r.s.t.c.laba2.jdbc.FunctionDAO - Функция с ID -1 не найдена для обновления
2025-11-23 18:57:30.246 [main] INFO  r.s.t.c.laba2.jdbc.FunctionDAO - Обновление сигнатуры функции с ID: -1
2025-11-23 18:57:30.272 [main] DEBUG r.s.t.c.laba2.jdbc.FunctionDAO - Выполнение SQL: UPDATE functions SET signature = ? WHERE id = ? с параметрами signature=***, id=-1
2025-11-23 18:57:30.274 [main] WARN  r.s.t.c.laba2.jdbc.FunctionDAO - Функция с ID -1 не найдена для обновления сигнатуры
2025-11-23 18:57:30.274 [main] INFO  r.s.t.c.laba2.jdbc.FunctionDAOTest - Все граничные случаи обработаны корректно
2025-11-23 18:57:30.275 [main] INFO  r.s.t.c.laba2.jdbc.FunctionDAOTest - Запуск теста: создание функции со специальными символами
2025-11-23 18:57:30.275 [main] INFO  r.s.t.c.laba2.jdbc.FunctionDAO - Создание новой функции: Function{id=null, userId=1, name='function_with_special_测试_тест_1763909850275', signature='List<String> processData(Map<String, Object> input, int maxSize) throws IOException'}
2025-11-23 18:57:30.297 [main] DEBUG r.s.t.c.laba2.jdbc.FunctionDAO - Выполнение SQL: INSERT INTO functions (u_id, name, signature) VALUES (?, ?, ?) с параметрами u_id=1, name=function_with_special_测试_тест_1763909850275, signature=***
2025-11-23 18:57:30.299 [main] DEBUG r.s.t.c.laba2.jdbc.FunctionDAO - Количество затронутых строк: 1
2025-11-23 18:57:30.299 [main] INFO  r.s.t.c.laba2.jdbc.FunctionDAO - Функция успешно создана с ID: 40287
2025-11-23 18:57:30.299 [main] DEBUG r.s.t.c.laba2.jdbc.FunctionDAO - Поиск функции по ID: 40287
2025-11-23 18:57:30.320 [main] DEBUG r.s.t.c.laba2.jdbc.FunctionDAO - Выполнение SQL: SELECT id, u_id, name, signature FROM functions WHERE id = ? с параметром id=40287
2025-11-23 18:57:30.322 [main] DEBUG r.s.t.c.laba2.jdbc.FunctionDAO - Найдена функция: Function{id=40287, userId=1, name='function_with_special_测试_тест_1763909850275', signature='List<String> processData(Map<String, Object> input, int maxSize) throws IOException'}
2025-11-23 18:57:30.322 [main] INFO  r.s.t.c.laba2.jdbc.FunctionDAO - Удаление функции с ID: 40287
2025-11-23 18:57:30.442 [main] DEBUG r.s.t.c.laba2.jdbc.FunctionDAO - Выполнение SQL: DELETE FROM functions WHERE id = ? с параметром id=40287
2025-11-23 18:57:30.444 [main] INFO  r.s.t.c.laba2.jdbc.FunctionDAO - Функция с ID 40287 успешно удалена
2025-11-23 18:57:30.444 [main] INFO  r.s.t.c.laba2.jdbc.FunctionDAOTest - Тест со специальными символами завершен успешно
2025-11-23 18:57:30.445 [main] INFO  r.s.t.c.laba2.jdbc.FunctionDAOTest - Запуск теста: удаление всех функций пользователя
2025-11-23 18:57:30.446 [main] INFO  r.s.t.c.laba2.jdbc.FunctionDAO - Создание новой функции: Function{id=null, userId=999, name='test_func_laborum_1763909850446', signature='2'}
2025-11-23 18:57:30.468 [main] DEBUG r.s.t.c.laba2.jdbc.FunctionDAO - Выполнение SQL: INSERT INTO functions (u_id, name, signature) VALUES (?, ?, ?) с параметрами u_id=999, name=test_func_laborum_1763909850446, signature=***
2025-11-23 18:57:30.470 [main] DEBUG r.s.t.c.laba2.jdbc.FunctionDAO - Количество затронутых строк: 1
2025-11-23 18:57:30.470 [main] INFO  r.s.t.c.laba2.jdbc.FunctionDAO - Функция успешно создана с ID: 40288
2025-11-23 18:57:30.470 [main] INFO  r.s.t.c.laba2.jdbc.FunctionDAO - Создание новой функции: Function{id=null, userId=999, name='test_func_officia_1763909850470', signature='1'}
2025-11-23 18:57:30.598 [main] DEBUG r.s.t.c.laba2.jdbc.FunctionDAO - Выполнение SQL: INSERT INTO functions (u_id, name, signature) VALUES (?, ?, ?) с параметрами u_id=999, name=test_func_officia_1763909850470, signature=***
2025-11-23 18:57:30.599 [main] DEBUG r.s.t.c.laba2.jdbc.FunctionDAO - Количество затронутых строк: 1
2025-11-23 18:57:30.600 [main] INFO  r.s.t.c.laba2.jdbc.FunctionDAO - Функция успешно создана с ID: 40289
2025-11-23 18:57:30.600 [main] INFO  r.s.t.c.laba2.jdbc.FunctionDAO - Создание новой функции: Function{id=null, userId=999, name='test_func_voluptatum_1763909850600', signature='1'}
2025-11-23 18:57:30.734 [main] DEBUG r.s.t.c.laba2.jdbc.FunctionDAO - Выполнение SQL: INSERT INTO functions (u_id, name, signature) VALUES (?, ?, ?) с параметрами u_id=999, name=test_func_voluptatum_1763909850600, signature=***
2025-11-23 18:57:30.736 [main] DEBUG r.s.t.c.laba2.jdbc.FunctionDAO - Количество затронутых строк: 1
2025-11-23 18:57:30.736 [main] INFO  r.s.t.c.laba2.jdbc.FunctionDAO - Функция успешно создана с ID: 40290
2025-11-23 18:57:30.736 [main] DEBUG r.s.t.c.laba2.jdbc.FunctionDAO - Подсчет количества функций пользователя с ID: 999
2025-11-23 18:57:30.866 [main] DEBUG r.s.t.c.laba2.jdbc.FunctionDAO - Выполнение SQL: SELECT COUNT(*) FROM functions WHERE u_id = ? с параметром userId=999
2025-11-23 18:57:30.869 [main] DEBUG r.s.t.c.laba2.jdbc.FunctionDAO - Найдено 3 функций пользователя с ID 999
2025-11-23 18:57:30.869 [main] INFO  r.s.t.c.laba2.jdbc.FunctionDAO - Удаление всех функций пользователя с ID: 999
2025-11-23 18:57:30.893 [main] DEBUG r.s.t.c.laba2.jdbc.FunctionDAO - Выполнение SQL: DELETE FROM functions WHERE u_id = ? с параметром userId=999
2025-11-23 18:57:30.895 [main] INFO  r.s.t.c.laba2.jdbc.FunctionDAO - Удалено 3 функций пользователя с ID 999
2025-11-23 18:57:30.895 [main] DEBUG r.s.t.c.laba2.jdbc.FunctionDAO - Подсчет количества функций пользователя с ID: 999
2025-11-23 18:57:31.030 [main] DEBUG r.s.t.c.laba2.jdbc.FunctionDAO - Выполнение SQL: SELECT COUNT(*) FROM functions WHERE u_id = ? с параметром userId=999
2025-11-23 18:57:31.033 [main] DEBUG r.s.t.c.laba2.jdbc.FunctionDAO - Найдено 0 функций пользователя с ID 999
2025-11-23 18:57:31.033 [main] INFO  r.s.t.c.laba2.jdbc.FunctionDAOTest - Успешно удалено 3 функций пользователя с ID: 999
2025-11-23 18:57:31.034 [main] INFO  r.s.t.c.laba2.jdbc.FunctionDAOTest - Запуск теста: удаление основной тестовой функции по ID
2025-11-23 18:57:31.034 [main] INFO  r.s.t.c.laba2.jdbc.FunctionDAO - Удаление функции с ID: 40282
2025-11-23 18:57:31.160 [main] DEBUG r.s.t.c.laba2.jdbc.FunctionDAO - Выполнение SQL: DELETE FROM functions WHERE id = ? с параметром id=40282
2025-11-23 18:57:31.163 [main] INFO  r.s.t.c.laba2.jdbc.FunctionDAO - Функция с ID 40282 успешно удалена
2025-11-23 18:57:31.163 [main] DEBUG r.s.t.c.laba2.jdbc.FunctionDAO - Поиск функции по ID: 40282
2025-11-23 18:57:31.293 [main] DEBUG r.s.t.c.laba2.jdbc.FunctionDAO - Выполнение SQL: SELECT id, u_id, name, signature FROM functions WHERE id = ? с параметром id=40282
2025-11-23 18:57:31.294 [main] DEBUG r.s.t.c.laba2.jdbc.FunctionDAO - Функция с ID 40282 не найдена
2025-11-23 18:57:31.295 [main] INFO  r.s.t.c.laba2.jdbc.FunctionDAOTest - Основная тестовая функция с ID 40282 успешно удалена
2025-11-23 18:57:31.296 [main] INFO  r.s.t.c.laba2.jdbc.FunctionDAOTest - Запуск теста производительности: поиск всех функций
2025-11-23 18:57:31.296 [main] INFO  r.s.t.c.laba2.jdbc.FunctionDAO - Начало получения всех функций
2025-11-23 18:57:31.319 [main] DEBUG r.s.t.c.laba2.jdbc.FunctionDAO - Выполнение SQL: SELECT id, u_id, name, signature FROM functions
2025-11-23 18:57:31.320 [main] INFO  r.s.t.c.laba2.jdbc.FunctionDAO - Успешно получено 95 функций
2025-11-23 18:57:31.320 [main] INFO  r.s.t.c.laba2.jdbc.FunctionDAOTest - Поиск всех функций выполнен за 24 мс. Найдено 95 записей
2025-11-23 18:57:31.322 [main] INFO  r.s.t.c.laba2.jdbc.FunctionDAOTest - Завершение тестов functionDAO
2025-11-23 18:57:31.340 [main] INFO  r.s.t.c.laba2.jdbc.PointDAOTest - Начало подготовки тестовых данных для функции ID: 9831
2025-11-23 18:57:31.342 [main] INFO  r.s.tk.cheefkeef.laba2.jdbc.PointDAO - Удаление всех точек функции ID: 9831
2025-11-23 18:57:31.365 [main] DEBUG r.s.tk.cheefkeef.laba2.jdbc.PointDAO - Выполнение SQL: DELETE FROM points WHERE f_id = ? с параметром functionId: 9831
2025-11-23 18:57:31.368 [main] INFO  r.s.tk.cheefkeef.laba2.jdbc.PointDAO - Не найдено точек для удаления функции ID: 9831
2025-11-23 18:57:31.368 [main] INFO  r.s.tk.cheefkeef.laba2.jdbc.PointDAO - Создание новой точки: functionId=9831, x=93.64, y=47.67
2025-11-23 18:57:31.389 [main] DEBUG r.s.tk.cheefkeef.laba2.jdbc.PointDAO - Выполнение SQL: INSERT INTO points (f_id, x_value, y_value) VALUES (?, ?, ?) с параметрами: functionId=9831, x=93.64, y=47.67
2025-11-23 18:57:31.391 [main] DEBUG r.s.tk.cheefkeef.laba2.jdbc.PointDAO - Количество затронутых строк: 1
2025-11-23 18:57:31.391 [main] INFO  r.s.tk.cheefkeef.laba2.jdbc.PointDAO - Точка успешно создана с ID: 81106
2025-11-23 18:57:31.392 [main] INFO  r.s.tk.cheefkeef.laba2.jdbc.PointDAO - Создание новой точки: functionId=9831, x=24.87, y=88.53
2025-11-23 18:57:31.413 [main] DEBUG r.s.tk.cheefkeef.laba2.jdbc.PointDAO - Выполнение SQL: INSERT INTO points (f_id, x_value, y_value) VALUES (?, ?, ?) с параметрами: functionId=9831, x=24.87, y=88.53
2025-11-23 18:57:31.414 [main] DEBUG r.s.tk.cheefkeef.laba2.jdbc.PointDAO - Количество затронутых строк: 1
2025-11-23 18:57:31.415 [main] INFO  r.s.tk.cheefkeef.laba2.jdbc.PointDAO - Точка успешно создана с ID: 81107
2025-11-23 18:57:31.415 [main] INFO  r.s.tk.cheefkeef.laba2.jdbc.PointDAO - Создание новой точки: functionId=9831, x=27.94, y=61.28
2025-11-23 18:57:31.437 [main] DEBUG r.s.tk.cheefkeef.laba2.jdbc.PointDAO - Выполнение SQL: INSERT INTO points (f_id, x_value, y_value) VALUES (?, ?, ?) с параметрами: functionId=9831, x=27.94, y=61.28
2025-11-23 18:57:31.438 [main] DEBUG r.s.tk.cheefkeef.laba2.jdbc.PointDAO - Количество затронутых строк: 1
2025-11-23 18:57:31.438 [main] INFO  r.s.tk.cheefkeef.laba2.jdbc.PointDAO - Точка успешно создана с ID: 81108
2025-11-23 18:57:31.439 [main] INFO  r.s.tk.cheefkeef.laba2.jdbc.PointDAO - Создание новой точки: functionId=9831, x=49.4, y=67.54
2025-11-23 18:57:31.577 [main] DEBUG r.s.tk.cheefkeef.laba2.jdbc.PointDAO - Выполнение SQL: INSERT INTO points (f_id, x_value, y_value) VALUES (?, ?, ?) с параметрами: functionId=9831, x=49.4, y=67.54
2025-11-23 18:57:31.579 [main] DEBUG r.s.tk.cheefkeef.laba2.jdbc.PointDAO - Количество затронутых строк: 1
2025-11-23 18:57:31.579 [main] INFO  r.s.tk.cheefkeef.laba2.jdbc.PointDAO - Точка успешно создана с ID: 81109
2025-11-23 18:57:31.579 [main] INFO  r.s.tk.cheefkeef.laba2.jdbc.PointDAO - Создание новой точки: functionId=9831, x=40.15, y=13.65
2025-11-23 18:57:31.712 [main] DEBUG r.s.tk.cheefkeef.laba2.jdbc.PointDAO - Выполнение SQL: INSERT INTO points (f_id, x_value, y_value) VALUES (?, ?, ?) с параметрами: functionId=9831, x=40.15, y=13.65
2025-11-23 18:57:31.713 [main] DEBUG r.s.tk.cheefkeef.laba2.jdbc.PointDAO - Количество затронутых строк: 1
2025-11-23 18:57:31.713 [main] INFO  r.s.tk.cheefkeef.laba2.jdbc.PointDAO - Точка успешно создана с ID: 81110
2025-11-23 18:57:31.713 [main] INFO  r.s.tk.cheefkeef.laba2.jdbc.PointDAO - Поиск точек по ID функции: 9831
2025-11-23 18:57:31.734 [main] DEBUG r.s.tk.cheefkeef.laba2.jdbc.PointDAO - Выполнение SQL: SELECT id, f_id, x_value, y_value FROM points WHERE f_id = ? ORDER BY x_value с параметром functionId: 9831
2025-11-23 18:57:31.737 [main] INFO  r.s.tk.cheefkeef.laba2.jdbc.PointDAO - Найдено 5 точек для функции ID: 9831
2025-11-23 18:57:31.740 [main] INFO  r.s.tk.cheefkeef.laba2.jdbc.PointDAO - Удаление всех точек функции ID: 9831
2025-11-23 18:57:31.761 [main] DEBUG r.s.tk.cheefkeef.laba2.jdbc.PointDAO - Выполнение SQL: DELETE FROM points WHERE f_id = ? с параметром functionId: 9831
2025-11-23 18:57:31.764 [main] INFO  r.s.tk.cheefkeef.laba2.jdbc.PointDAO - Удалено 5 точек функции ID: 9831
2025-11-23 18:57:31.765 [main] INFO  r.s.tk.cheefkeef.laba2.jdbc.PointDAO - Создание новой точки: functionId=9831, x=2.5, y=-8.21
2025-11-23 18:57:31.899 [main] DEBUG r.s.tk.cheefkeef.laba2.jdbc.PointDAO - Выполнение SQL: INSERT INTO points (f_id, x_value, y_value) VALUES (?, ?, ?) с параметрами: functionId=9831, x=2.5, y=-8.21
2025-11-23 18:57:31.901 [main] DEBUG r.s.tk.cheefkeef.laba2.jdbc.PointDAO - Количество затронутых строк: 1
2025-11-23 18:57:31.901 [main] INFO  r.s.tk.cheefkeef.laba2.jdbc.PointDAO - Точка успешно создана с ID: 81111
2025-11-23 18:57:31.901 [main] INFO  r.s.tk.cheefkeef.laba2.jdbc.PointDAO - Создание новой точки: functionId=9831, x=7.8, y=-8.92
2025-11-23 18:57:31.923 [main] DEBUG r.s.tk.cheefkeef.laba2.jdbc.PointDAO - Выполнение SQL: INSERT INTO points (f_id, x_value, y_value) VALUES (?, ?, ?) с параметрами: functionId=9831, x=7.8, y=-8.92
2025-11-23 18:57:31.925 [main] DEBUG r.s.tk.cheefkeef.laba2.jdbc.PointDAO - Количество затронутых строк: 1
2025-11-23 18:57:31.925 [main] INFO  r.s.tk.cheefkeef.laba2.jdbc.PointDAO - Точка успешно создана с ID: 81112
2025-11-23 18:57:31.925 [main] INFO  r.s.tk.cheefkeef.laba2.jdbc.PointDAO - Создание новой точки: functionId=9831, x=12.3, y=-8.85
2025-11-23 18:57:31.946 [main] DEBUG r.s.tk.cheefkeef.laba2.jdbc.PointDAO - Выполнение SQL: INSERT INTO points (f_id, x_value, y_value) VALUES (?, ?, ?) с параметрами: functionId=9831, x=12.3, y=-8.85
2025-11-23 18:57:31.947 [main] DEBUG r.s.tk.cheefkeef.laba2.jdbc.PointDAO - Количество затронутых строк: 1
2025-11-23 18:57:31.947 [main] INFO  r.s.tk.cheefkeef.laba2.jdbc.PointDAO - Точка успешно создана с ID: 81113
2025-11-23 18:57:31.947 [main] INFO  r.s.tk.cheefkeef.laba2.jdbc.PointDAO - Создание новой точки: functionId=9831, x=18.9, y=-8.28
2025-11-23 18:57:31.969 [main] DEBUG r.s.tk.cheefkeef.laba2.jdbc.PointDAO - Выполнение SQL: INSERT INTO points (f_id, x_value, y_value) VALUES (?, ?, ?) с параметрами: functionId=9831, x=18.9, y=-8.28
2025-11-23 18:57:31.970 [main] DEBUG r.s.tk.cheefkeef.laba2.jdbc.PointDAO - Количество затронутых строк: 1
2025-11-23 18:57:31.971 [main] INFO  r.s.tk.cheefkeef.laba2.jdbc.PointDAO - Точка успешно создана с ID: 81114
2025-11-23 18:57:31.971 [main] INFO  r.s.tk.cheefkeef.laba2.jdbc.PointDAO - Создание новой точки: functionId=9831, x=25.1, y=-3.62
2025-11-23 18:57:32.099 [main] DEBUG r.s.tk.cheefkeef.laba2.jdbc.PointDAO - Выполнение SQL: INSERT INTO points (f_id, x_value, y_value) VALUES (?, ?, ?) с параметрами: functionId=9831, x=25.1, y=-3.62
2025-11-23 18:57:32.101 [main] DEBUG r.s.tk.cheefkeef.laba2.jdbc.PointDAO - Количество затронутых строк: 1
2025-11-23 18:57:32.102 [main] INFO  r.s.tk.cheefkeef.laba2.jdbc.PointDAO - Точка успешно создана с ID: 81115
2025-11-23 18:57:32.102 [main] INFO  r.s.tk.cheefkeef.laba2.jdbc.PointDAO - Поиск точек по диапазону X: от 5.0 до 15.0
2025-11-23 18:57:32.124 [main] DEBUG r.s.tk.cheefkeef.laba2.jdbc.PointDAO - Выполнение SQL: SELECT id, f_id, x_value, y_value FROM points WHERE x_value BETWEEN ? AND ? ORDER BY x_value с параметрами minX: 5.0, maxX: 15.0
2025-11-23 18:57:32.128 [main] INFO  r.s.tk.cheefkeef.laba2.jdbc.PointDAO - Найдено 103 точек в диапазоне X от 5.0 до 15.0
2025-11-23 18:57:32.130 [main] INFO  r.s.tk.cheefkeef.laba2.jdbc.PointDAO - Удаление всех точек функции ID: 9831
2025-11-23 18:57:32.253 [main] DEBUG r.s.tk.cheefkeef.laba2.jdbc.PointDAO - Выполнение SQL: DELETE FROM points WHERE f_id = ? с параметром functionId: 9831
2025-11-23 18:57:32.255 [main] INFO  r.s.tk.cheefkeef.laba2.jdbc.PointDAO - Удалено 5 точек функции ID: 9831
2025-11-23 18:57:32.256 [main] INFO  r.s.tk.cheefkeef.laba2.jdbc.PointDAO - Создание новой точки: functionId=9831, x=16.26, y=-7.2
2025-11-23 18:57:32.277 [main] DEBUG r.s.tk.cheefkeef.laba2.jdbc.PointDAO - Выполнение SQL: INSERT INTO points (f_id, x_value, y_value) VALUES (?, ?, ?) с параметрами: functionId=9831, x=16.26, y=-7.2
2025-11-23 18:57:32.278 [main] DEBUG r.s.tk.cheefkeef.laba2.jdbc.PointDAO - Количество затронутых строк: 1
2025-11-23 18:57:32.278 [main] INFO  r.s.tk.cheefkeef.laba2.jdbc.PointDAO - Точка успешно создана с ID: 81116
2025-11-23 18:57:32.278 [main] INFO  r.s.tk.cheefkeef.laba2.jdbc.PointDAO - Создание новой точки: functionId=9831, x=10.8, y=-3.1
2025-11-23 18:57:32.410 [main] DEBUG r.s.tk.cheefkeef.laba2.jdbc.PointDAO - Выполнение SQL: INSERT INTO points (f_id, x_value, y_value) VALUES (?, ?, ?) с параметрами: functionId=9831, x=10.8, y=-3.1
2025-11-23 18:57:32.412 [main] DEBUG r.s.tk.cheefkeef.laba2.jdbc.PointDAO - Количество затронутых строк: 1
2025-11-23 18:57:32.412 [main] INFO  r.s.tk.cheefkeef.laba2.jdbc.PointDAO - Точка успешно создана с ID: 81117
2025-11-23 18:57:32.412 [main] INFO  r.s.tk.cheefkeef.laba2.jdbc.PointDAO - Создание новой точки: functionId=9831, x=8.16, y=0.0
2025-11-23 18:57:32.433 [main] DEBUG r.s.tk.cheefkeef.laba2.jdbc.PointDAO - Выполнение SQL: INSERT INTO points (f_id, x_value, y_value) VALUES (?, ?, ?) с параметрами: functionId=9831, x=8.16, y=0.0
2025-11-23 18:57:32.435 [main] DEBUG r.s.tk.cheefkeef.laba2.jdbc.PointDAO - Количество затронутых строк: 1
2025-11-23 18:57:32.435 [main] INFO  r.s.tk.cheefkeef.laba2.jdbc.PointDAO - Точка успешно создана с ID: 81118
2025-11-23 18:57:32.435 [main] INFO  r.s.tk.cheefkeef.laba2.jdbc.PointDAO - Создание новой точки: functionId=9831, x=13.47, y=2.8
2025-11-23 18:57:32.456 [main] DEBUG r.s.tk.cheefkeef.laba2.jdbc.PointDAO - Выполнение SQL: INSERT INTO points (f_id, x_value, y_value) VALUES (?, ?, ?) с параметрами: functionId=9831, x=13.47, y=2.8
2025-11-23 18:57:32.459 [main] DEBUG r.s.tk.cheefkeef.laba2.jdbc.PointDAO - Количество затронутых строк: 1
2025-11-23 18:57:32.459 [main] INFO  r.s.tk.cheefkeef.laba2.jdbc.PointDAO - Точка успешно создана с ID: 81119
2025-11-23 18:57:32.459 [main] INFO  r.s.tk.cheefkeef.laba2.jdbc.PointDAO - Создание новой точки: functionId=9831, x=9.07, y=8.5
2025-11-23 18:57:32.481 [main] DEBUG r.s.tk.cheefkeef.laba2.jdbc.PointDAO - Выполнение SQL: INSERT INTO points (f_id, x_value, y_value) VALUES (?, ?, ?) с параметрами: functionId=9831, x=9.07, y=8.5
2025-11-23 18:57:32.483 [main] DEBUG r.s.tk.cheefkeef.laba2.jdbc.PointDAO - Количество затронутых строк: 1
2025-11-23 18:57:32.483 [main] INFO  r.s.tk.cheefkeef.laba2.jdbc.PointDAO - Точка успешно создана с ID: 81120
2025-11-23 18:57:32.483 [main] INFO  r.s.tk.cheefkeef.laba2.jdbc.PointDAO - Создание новой точки: functionId=9831, x=8.33, y=15.3
2025-11-23 18:57:32.503 [main] DEBUG r.s.tk.cheefkeef.laba2.jdbc.PointDAO - Выполнение SQL: INSERT INTO points (f_id, x_value, y_value) VALUES (?, ?, ?) с параметрами: functionId=9831, x=8.33, y=15.3
2025-11-23 18:57:32.505 [main] DEBUG r.s.tk.cheefkeef.laba2.jdbc.PointDAO - Количество затронутых строк: 1
2025-11-23 18:57:32.505 [main] INFO  r.s.tk.cheefkeef.laba2.jdbc.PointDAO - Точка успешно создана с ID: 81121
2025-11-23 18:57:32.505 [main] INFO  r.s.tk.cheefkeef.laba2.jdbc.PointDAO - Поиск точек по диапазону Y: от -5.0 до 5.0
2025-11-23 18:57:32.628 [main] DEBUG r.s.tk.cheefkeef.laba2.jdbc.PointDAO - Выполнение SQL: SELECT id, f_id, x_value, y_value FROM points WHERE y_value BETWEEN ? AND ? ORDER BY y_value с параметрами minY: -5.0, maxY: 5.0
2025-11-23 18:57:32.658 [main] INFO  r.s.tk.cheefkeef.laba2.jdbc.PointDAO - Найдено 5380 точек в диапазоне Y от -5.0 до 5.0
2025-11-23 18:57:32.661 [main] INFO  r.s.tk.cheefkeef.laba2.jdbc.PointDAO - Удаление всех точек функции ID: 9831
2025-11-23 18:57:32.694 [main] DEBUG r.s.tk.cheefkeef.laba2.jdbc.PointDAO - Выполнение SQL: DELETE FROM points WHERE f_id = ? с параметром functionId: 9831
2025-11-23 18:57:32.697 [main] INFO  r.s.tk.cheefkeef.laba2.jdbc.PointDAO - Удалено 6 точек функции ID: 9831
2025-11-23 18:57:32.698 [main] INFO  r.s.tk.cheefkeef.laba2.jdbc.PointDAO - Создание новой точки: functionId=9831, x=26.59, y=28.93
2025-11-23 18:57:32.829 [main] DEBUG r.s.tk.cheefkeef.laba2.jdbc.PointDAO - Выполнение SQL: INSERT INTO points (f_id, x_value, y_value) VALUES (?, ?, ?) с параметрами: functionId=9831, x=26.59, y=28.93
2025-11-23 18:57:32.830 [main] DEBUG r.s.tk.cheefkeef.laba2.jdbc.PointDAO - Количество затронутых строк: 1
2025-11-23 18:57:32.831 [main] INFO  r.s.tk.cheefkeef.laba2.jdbc.PointDAO - Точка успешно создана с ID: 81122
2025-11-23 18:57:32.831 [main] INFO  r.s.tk.cheefkeef.laba2.jdbc.PointDAO - Создание новой точки: functionId=9831, x=0.79, y=21.9
2025-11-23 18:57:32.852 [main] DEBUG r.s.tk.cheefkeef.laba2.jdbc.PointDAO - Выполнение SQL: INSERT INTO points (f_id, x_value, y_value) VALUES (?, ?, ?) с параметрами: functionId=9831, x=0.79, y=21.9
2025-11-23 18:57:32.853 [main] DEBUG r.s.tk.cheefkeef.laba2.jdbc.PointDAO - Количество затронутых строк: 1
2025-11-23 18:57:32.853 [main] INFO  r.s.tk.cheefkeef.laba2.jdbc.PointDAO - Точка успешно создана с ID: 81123
2025-11-23 18:57:32.853 [main] INFO  r.s.tk.cheefkeef.laba2.jdbc.PointDAO - Создание новой точки: functionId=9831, x=8.09, y=12.77
2025-11-23 18:57:32.875 [main] DEBUG r.s.tk.cheefkeef.laba2.jdbc.PointDAO - Выполнение SQL: INSERT INTO points (f_id, x_value, y_value) VALUES (?, ?, ?) с параметрами: functionId=9831, x=8.09, y=12.77
2025-11-23 18:57:32.877 [main] DEBUG r.s.tk.cheefkeef.laba2.jdbc.PointDAO - Количество затронутых строк: 1
2025-11-23 18:57:32.877 [main] INFO  r.s.tk.cheefkeef.laba2.jdbc.PointDAO - Точка успешно создана с ID: 81124
2025-11-23 18:57:32.877 [main] INFO  r.s.tk.cheefkeef.laba2.jdbc.PointDAO - Начало получения всех точек
2025-11-23 18:57:32.903 [main] DEBUG r.s.tk.cheefkeef.laba2.jdbc.PointDAO - Выполнение SQL: SELECT id, f_id, x_value, y_value FROM points
2025-11-23 18:57:32.943 [main] INFO  r.s.tk.cheefkeef.laba2.jdbc.PointDAO - Успешно получено 10003 точек
2025-11-23 18:57:32.945 [main] INFO  r.s.tk.cheefkeef.laba2.jdbc.PointDAO - Удаление всех точек функции ID: 9831
2025-11-23 18:57:32.973 [main] DEBUG r.s.tk.cheefkeef.laba2.jdbc.PointDAO - Выполнение SQL: DELETE FROM points WHERE f_id = ? с параметром functionId: 9831
2025-11-23 18:57:32.975 [main] INFO  r.s.tk.cheefkeef.laba2.jdbc.PointDAO - Удалено 3 точек функции ID: 9831
2025-11-23 18:57:32.976 [main] INFO  r.s.tk.cheefkeef.laba2.jdbc.PointDAO - Создание новой точки: functionId=9831, x=33.3, y=-8.94
2025-11-23 18:57:33.110 [main] DEBUG r.s.tk.cheefkeef.laba2.jdbc.PointDAO - Выполнение SQL: INSERT INTO points (f_id, x_value, y_value) VALUES (?, ?, ?) с параметрами: functionId=9831, x=33.3, y=-8.94
2025-11-23 18:57:33.111 [main] DEBUG r.s.tk.cheefkeef.laba2.jdbc.PointDAO - Количество затронутых строк: 1
2025-11-23 18:57:33.111 [main] INFO  r.s.tk.cheefkeef.laba2.jdbc.PointDAO - Точка успешно создана с ID: 81125
2025-11-23 18:57:33.112 [main] DEBUG r.s.tk.cheefkeef.laba2.jdbc.PointDAO - Проверка существования точки functionId: 9831, x: 33.3
2025-11-23 18:57:33.133 [main] DEBUG r.s.tk.cheefkeef.laba2.jdbc.PointDAO - Выполнение SQL: SELECT 1 FROM points WHERE f_id = ? AND x_value = ? LIMIT 1 с параметрами: functionId=9831, xValue=33.3
2025-11-23 18:57:33.135 [main] DEBUG r.s.tk.cheefkeef.laba2.jdbc.PointDAO - Точка functionId: 9831, x: 33.3 существует: true
2025-11-23 18:57:33.135 [main] DEBUG r.s.tk.cheefkeef.laba2.jdbc.PointDAO - Проверка существования точки functionId: 9831, x: 999.9
2025-11-23 18:57:33.265 [main] DEBUG r.s.tk.cheefkeef.laba2.jdbc.PointDAO - Выполнение SQL: SELECT 1 FROM points WHERE f_id = ? AND x_value = ? LIMIT 1 с параметрами: functionId=9831, xValue=999.9
2025-11-23 18:57:33.267 [main] DEBUG r.s.tk.cheefkeef.laba2.jdbc.PointDAO - Точка functionId: 9831, x: 999.9 существует: false
2025-11-23 18:57:33.268 [main] INFO  r.s.tk.cheefkeef.laba2.jdbc.PointDAO - Удаление всех точек функции ID: 9831
2025-11-23 18:57:33.290 [main] DEBUG r.s.tk.cheefkeef.laba2.jdbc.PointDAO - Выполнение SQL: DELETE FROM points WHERE f_id = ? с параметром functionId: 9831
2025-11-23 18:57:33.292 [main] INFO  r.s.tk.cheefkeef.laba2.jdbc.PointDAO - Удалено 1 точек функции ID: 9831
2025-11-23 18:57:33.293 [main] INFO  r.s.tk.cheefkeef.laba2.jdbc.PointDAO - Массовое добавление 10 точек
2025-11-23 18:57:33.314 [main] DEBUG r.s.tk.cheefkeef.laba2.jdbc.PointDAO - Начало массовой вставки, авто-коммит отключен
2025-11-23 18:57:33.319 [main] DEBUG r.s.tk.cheefkeef.laba2.jdbc.PointDAO - Массовая вставка выполнена, коммит завершен
2025-11-23 18:57:33.319 [main] INFO  r.s.tk.cheefkeef.laba2.jdbc.PointDAO - Успешно добавлено 10 из 10 точек
2025-11-23 18:57:33.319 [main] INFO  r.s.tk.cheefkeef.laba2.jdbc.PointDAO - Поиск точек по ID функции: 9831
2025-11-23 18:57:33.340 [main] DEBUG r.s.tk.cheefkeef.laba2.jdbc.PointDAO - Выполнение SQL: SELECT id, f_id, x_value, y_value FROM points WHERE f_id = ? ORDER BY x_value с параметром functionId: 9831
2025-11-23 18:57:33.343 [main] INFO  r.s.tk.cheefkeef.laba2.jdbc.PointDAO - Найдено 10 точек для функции ID: 9831
2025-11-23 18:57:33.344 [main] INFO  r.s.tk.cheefkeef.laba2.jdbc.PointDAO - Удаление всех точек функции ID: 9831
2025-11-23 18:57:33.368 [main] DEBUG r.s.tk.cheefkeef.laba2.jdbc.PointDAO - Выполнение SQL: DELETE FROM points WHERE f_id = ? с параметром functionId: 9831
2025-11-23 18:57:33.370 [main] INFO  r.s.tk.cheefkeef.laba2.jdbc.PointDAO - Удалено 10 точек функции ID: 9831
2025-11-23 18:57:33.371 [main] INFO  r.s.tk.cheefkeef.laba2.jdbc.PointDAO - Создание новой точки: functionId=9831, x=0.17, y=19.97
2025-11-23 18:57:33.395 [main] DEBUG r.s.tk.cheefkeef.laba2.jdbc.PointDAO - Выполнение SQL: INSERT INTO points (f_id, x_value, y_value) VALUES (?, ?, ?) с параметрами: functionId=9831, x=0.17, y=19.97
2025-11-23 18:57:33.396 [main] DEBUG r.s.tk.cheefkeef.laba2.jdbc.PointDAO - Количество затронутых строк: 1
2025-11-23 18:57:33.396 [main] INFO  r.s.tk.cheefkeef.laba2.jdbc.PointDAO - Точка успешно создана с ID: 81136
2025-11-23 18:57:33.396 [main] INFO  r.s.tk.cheefkeef.laba2.jdbc.PointDAO - Создание новой точки: functionId=9831, x=59.04, y=54.41
2025-11-23 18:57:33.529 [main] DEBUG r.s.tk.cheefkeef.laba2.jdbc.PointDAO - Выполнение SQL: INSERT INTO points (f_id, x_value, y_value) VALUES (?, ?, ?) с параметрами: functionId=9831, x=59.04, y=54.41
2025-11-23 18:57:33.530 [main] DEBUG r.s.tk.cheefkeef.laba2.jdbc.PointDAO - Количество затронутых строк: 1
2025-11-23 18:57:33.530 [main] INFO  r.s.tk.cheefkeef.laba2.jdbc.PointDAO - Точка успешно создана с ID: 81137
2025-11-23 18:57:33.531 [main] INFO  r.s.tk.cheefkeef.laba2.jdbc.PointDAO - Создание новой точки: functionId=9831, x=23.03, y=75.64
2025-11-23 18:57:33.551 [main] DEBUG r.s.tk.cheefkeef.laba2.jdbc.PointDAO - Выполнение SQL: INSERT INTO points (f_id, x_value, y_value) VALUES (?, ?, ?) с параметрами: functionId=9831, x=23.03, y=75.64
2025-11-23 18:57:33.552 [main] DEBUG r.s.tk.cheefkeef.laba2.jdbc.PointDAO - Количество затронутых строк: 1
2025-11-23 18:57:33.552 [main] INFO  r.s.tk.cheefkeef.laba2.jdbc.PointDAO - Точка успешно создана с ID: 81138
2025-11-23 18:57:33.553 [main] INFO  r.s.tk.cheefkeef.laba2.jdbc.PointDAO - Создание новой точки: functionId=9831, x=34.84, y=5.94
2025-11-23 18:57:33.692 [main] DEBUG r.s.tk.cheefkeef.laba2.jdbc.PointDAO - Выполнение SQL: INSERT INTO points (f_id, x_value, y_value) VALUES (?, ?, ?) с параметрами: functionId=9831, x=34.84, y=5.94
2025-11-23 18:57:33.694 [main] DEBUG r.s.tk.cheefkeef.laba2.jdbc.PointDAO - Количество затронутых строк: 1
2025-11-23 18:57:33.694 [main] INFO  r.s.tk.cheefkeef.laba2.jdbc.PointDAO - Точка успешно создана с ID: 81139
2025-11-23 18:57:33.694 [main] INFO  r.s.tk.cheefkeef.laba2.jdbc.PointDAO - Создание новой точки: functionId=9831, x=21.11, y=70.22
2025-11-23 18:57:33.823 [main] DEBUG r.s.tk.cheefkeef.laba2.jdbc.PointDAO - Выполнение SQL: INSERT INTO points (f_id, x_value, y_value) VALUES (?, ?, ?) с параметрами: functionId=9831, x=21.11, y=70.22
2025-11-23 18:57:33.824 [main] DEBUG r.s.tk.cheefkeef.laba2.jdbc.PointDAO - Количество затронутых строк: 1
2025-11-23 18:57:33.824 [main] INFO  r.s.tk.cheefkeef.laba2.jdbc.PointDAO - Точка успешно создана с ID: 81140
2025-11-23 18:57:33.824 [main] INFO  r.s.tk.cheefkeef.laba2.jdbc.PointDAO - Начало поиска точек с сортировкой: поле=id, направление=ASC
2025-11-23 18:57:33.955 [main] DEBUG r.s.tk.cheefkeef.laba2.jdbc.PointDAO - Выполнение SQL с сортировкой: SELECT id, f_id, x_value, y_value FROM points ORDER BY id ASC
2025-11-23 18:57:33.962 [main] INFO  r.s.tk.cheefkeef.laba2.jdbc.PointDAO - Успешно получено 10005 точек с сортировкой по id ASC
2025-11-23 18:57:33.962 [main] INFO  r.s.tk.cheefkeef.laba2.jdbc.PointDAO - Начало поиска точек с сортировкой: поле=x_value, направление=DESC
2025-11-23 18:57:33.992 [main] DEBUG r.s.tk.cheefkeef.laba2.jdbc.PointDAO - Выполнение SQL с сортировкой: SELECT id, f_id, x_value, y_value FROM points ORDER BY x_value DESC
2025-11-23 18:57:33.999 [main] INFO  r.s.tk.cheefkeef.laba2.jdbc.PointDAO - Успешно получено 10005 точек с сортировкой по x_value DESC
2025-11-23 18:57:34.000 [main] INFO  r.s.tk.cheefkeef.laba2.jdbc.PointDAO - Начало поиска точек с сортировкой: поле=y_value, направление=ASC
2025-11-23 18:57:34.147 [main] DEBUG r.s.tk.cheefkeef.laba2.jdbc.PointDAO - Выполнение SQL с сортировкой: SELECT id, f_id, x_value, y_value FROM points ORDER BY y_value ASC
2025-11-23 18:57:34.154 [main] INFO  r.s.tk.cheefkeef.laba2.jdbc.PointDAO - Успешно получено 10005 точек с сортировкой по y_value ASC
2025-11-23 18:57:34.154 [main] INFO  r.s.tk.cheefkeef.laba2.jdbc.PointDAO - Начало поиска точек с сортировкой: поле=f_id, направление=DESC
2025-11-23 18:57:34.285 [main] DEBUG r.s.tk.cheefkeef.laba2.jdbc.PointDAO - Выполнение SQL с сортировкой: SELECT id, f_id, x_value, y_value FROM points ORDER BY f_id DESC
2025-11-23 18:57:34.293 [main] INFO  r.s.tk.cheefkeef.laba2.jdbc.PointDAO - Успешно получено 10005 точек с сортировкой по f_id DESC
2025-11-23 18:57:34.294 [main] INFO  r.s.tk.cheefkeef.laba2.jdbc.PointDAO - Удаление всех точек функции ID: 9831
2025-11-23 18:57:34.316 [main] DEBUG r.s.tk.cheefkeef.laba2.jdbc.PointDAO - Выполнение SQL: DELETE FROM points WHERE f_id = ? с параметром functionId: 9831
2025-11-23 18:57:34.319 [main] INFO  r.s.tk.cheefkeef.laba2.jdbc.PointDAO - Удалено 5 точек функции ID: 9831
2025-11-23 18:57:34.320 [main] INFO  r.s.tk.cheefkeef.laba2.jdbc.PointDAO - Создание новой точки: functionId=9831, x=42.12, y=19.2
2025-11-23 18:57:34.342 [main] DEBUG r.s.tk.cheefkeef.laba2.jdbc.PointDAO - Выполнение SQL: INSERT INTO points (f_id, x_value, y_value) VALUES (?, ?, ?) с параметрами: functionId=9831, x=42.12, y=19.2
2025-11-23 18:57:34.343 [main] DEBUG r.s.tk.cheefkeef.laba2.jdbc.PointDAO - Количество затронутых строк: 1
2025-11-23 18:57:34.343 [main] INFO  r.s.tk.cheefkeef.laba2.jdbc.PointDAO - Точка успешно создана с ID: 81141
2025-11-23 18:57:34.344 [main] INFO  r.s.tk.cheefkeef.laba2.jdbc.PointDAO - Создание новой точки: functionId=9831, x=61.82, y=51.9
2025-11-23 18:57:34.476 [main] DEBUG r.s.tk.cheefkeef.laba2.jdbc.PointDAO - Выполнение SQL: INSERT INTO points (f_id, x_value, y_value) VALUES (?, ?, ?) с параметрами: functionId=9831, x=61.82, y=51.9
2025-11-23 18:57:34.478 [main] DEBUG r.s.tk.cheefkeef.laba2.jdbc.PointDAO - Количество затронутых строк: 1
2025-11-23 18:57:34.478 [main] INFO  r.s.tk.cheefkeef.laba2.jdbc.PointDAO - Точка успешно создана с ID: 81142
2025-11-23 18:57:34.478 [main] INFO  r.s.tk.cheefkeef.laba2.jdbc.PointDAO - Создание новой точки: functionId=9831, x=93.06, y=85.15
2025-11-23 18:57:34.604 [main] DEBUG r.s.tk.cheefkeef.laba2.jdbc.PointDAO - Выполнение SQL: INSERT INTO points (f_id, x_value, y_value) VALUES (?, ?, ?) с параметрами: functionId=9831, x=93.06, y=85.15
2025-11-23 18:57:34.606 [main] DEBUG r.s.tk.cheefkeef.laba2.jdbc.PointDAO - Количество затронутых строк: 1
2025-11-23 18:57:34.606 [main] INFO  r.s.tk.cheefkeef.laba2.jdbc.PointDAO - Точка успешно создана с ID: 81143
2025-11-23 18:57:34.606 [main] INFO  r.s.tk.cheefkeef.laba2.jdbc.PointDAO - Создание новой точки: functionId=9831, x=99.89, y=53.46
2025-11-23 18:57:34.627 [main] DEBUG r.s.tk.cheefkeef.laba2.jdbc.PointDAO - Выполнение SQL: INSERT INTO points (f_id, x_value, y_value) VALUES (?, ?, ?) с параметрами: functionId=9831, x=99.89, y=53.46
2025-11-23 18:57:34.629 [main] DEBUG r.s.tk.cheefkeef.laba2.jdbc.PointDAO - Количество затронутых строк: 1
2025-11-23 18:57:34.629 [main] INFO  r.s.tk.cheefkeef.laba2.jdbc.PointDAO - Точка успешно создана с ID: 81144
2025-11-23 18:57:34.629 [main] INFO  r.s.tk.cheefkeef.laba2.jdbc.PointDAO - Создание новой точки: functionId=9831, x=14.74, y=21.43
2025-11-23 18:57:34.754 [main] DEBUG r.s.tk.cheefkeef.laba2.jdbc.PointDAO - Выполнение SQL: INSERT INTO points (f_id, x_value, y_value) VALUES (?, ?, ?) с параметрами: functionId=9831, x=14.74, y=21.43
2025-11-23 18:57:34.755 [main] DEBUG r.s.tk.cheefkeef.laba2.jdbc.PointDAO - Количество затронутых строк: 1
2025-11-23 18:57:34.755 [main] INFO  r.s.tk.cheefkeef.laba2.jdbc.PointDAO - Точка успешно создана с ID: 81145
2025-11-23 18:57:34.755 [main] INFO  r.s.tk.cheefkeef.laba2.jdbc.PointDAO - Удаление всех точек функции ID: 9831
2025-11-23 18:57:34.776 [main] DEBUG r.s.tk.cheefkeef.laba2.jdbc.PointDAO - Выполнение SQL: DELETE FROM points WHERE f_id = ? с параметром functionId: 9831
2025-11-23 18:57:34.778 [main] INFO  r.s.tk.cheefkeef.laba2.jdbc.PointDAO - Удалено 5 точек функции ID: 9831
2025-11-23 18:57:34.778 [main] INFO  r.s.tk.cheefkeef.laba2.jdbc.PointDAO - Поиск точек по ID функции: 9831
2025-11-23 18:57:34.914 [main] DEBUG r.s.tk.cheefkeef.laba2.jdbc.PointDAO - Выполнение SQL: SELECT id, f_id, x_value, y_value FROM points WHERE f_id = ? ORDER BY x_value с параметром functionId: 9831
2025-11-23 18:57:34.917 [main] INFO  r.s.tk.cheefkeef.laba2.jdbc.PointDAO - Найдено 0 точек для функции ID: 9831
2025-11-23 18:57:34.919 [main] INFO  r.s.tk.cheefkeef.laba2.jdbc.PointDAO - Удаление всех точек функции ID: 9831
2025-11-23 18:57:34.944 [main] DEBUG r.s.tk.cheefkeef.laba2.jdbc.PointDAO - Выполнение SQL: DELETE FROM points WHERE f_id = ? с параметром functionId: 9831
2025-11-23 18:57:34.946 [main] INFO  r.s.tk.cheefkeef.laba2.jdbc.PointDAO - Не найдено точек для удаления функции ID: 9831
2025-11-23 18:57:34.946 [main] INFO  r.s.tk.cheefkeef.laba2.jdbc.PointDAO - Создание новой точки: functionId=9831, x=2.5, y=0.54
2025-11-23 18:57:34.966 [main] DEBUG r.s.tk.cheefkeef.laba2.jdbc.PointDAO - Выполнение SQL: INSERT INTO points (f_id, x_value, y_value) VALUES (?, ?, ?) с параметрами: functionId=9831, x=2.5, y=0.54
2025-11-23 18:57:34.968 [main] DEBUG r.s.tk.cheefkeef.laba2.jdbc.PointDAO - Количество затронутых строк: 1
2025-11-23 18:57:34.968 [main] INFO  r.s.tk.cheefkeef.laba2.jdbc.PointDAO - Точка успешно создана с ID: 81146
2025-11-23 18:57:34.968 [main] INFO  r.s.tk.cheefkeef.laba2.jdbc.PointDAO - Создание новой точки: functionId=9831, x=7.8, y=0.91
2025-11-23 18:57:34.989 [main] DEBUG r.s.tk.cheefkeef.laba2.jdbc.PointDAO - Выполнение SQL: INSERT INTO points (f_id, x_value, y_value) VALUES (?, ?, ?) с параметрами: functionId=9831, x=7.8, y=0.91
2025-11-23 18:57:34.990 [main] DEBUG r.s.tk.cheefkeef.laba2.jdbc.PointDAO - Количество затронутых строк: 1
2025-11-23 18:57:34.991 [main] INFO  r.s.tk.cheefkeef.laba2.jdbc.PointDAO - Точка успешно создана с ID: 81147
2025-11-23 18:57:34.991 [main] INFO  r.s.tk.cheefkeef.laba2.jdbc.PointDAO - Создание новой точки: functionId=9831, x=12.3, y=-3.02
2025-11-23 18:57:35.013 [main] DEBUG r.s.tk.cheefkeef.laba2.jdbc.PointDAO - Выполнение SQL: INSERT INTO points (f_id, x_value, y_value) VALUES (?, ?, ?) с параметрами: functionId=9831, x=12.3, y=-3.02
2025-11-23 18:57:35.014 [main] DEBUG r.s.tk.cheefkeef.laba2.jdbc.PointDAO - Количество затронутых строк: 1
2025-11-23 18:57:35.014 [main] INFO  r.s.tk.cheefkeef.laba2.jdbc.PointDAO - Точка успешно создана с ID: 81148
2025-11-23 18:57:35.014 [main] INFO  r.s.tk.cheefkeef.laba2.jdbc.PointDAO - Создание новой точки: functionId=9831, x=18.9, y=-9.73
2025-11-23 18:57:35.035 [main] DEBUG r.s.tk.cheefkeef.laba2.jdbc.PointDAO - Выполнение SQL: INSERT INTO points (f_id, x_value, y_value) VALUES (?, ?, ?) с параметрами: functionId=9831, x=18.9, y=-9.73
2025-11-23 18:57:35.037 [main] DEBUG r.s.tk.cheefkeef.laba2.jdbc.PointDAO - Количество затронутых строк: 1
2025-11-23 18:57:35.037 [main] INFO  r.s.tk.cheefkeef.laba2.jdbc.PointDAO - Точка успешно создана с ID: 81149
2025-11-23 18:57:35.037 [main] INFO  r.s.tk.cheefkeef.laba2.jdbc.PointDAO - Создание новой точки: functionId=9831, x=25.1, y=-6.23
2025-11-23 18:57:35.172 [main] DEBUG r.s.tk.cheefkeef.laba2.jdbc.PointDAO - Выполнение SQL: INSERT INTO points (f_id, x_value, y_value) VALUES (?, ?, ?) с параметрами: functionId=9831, x=25.1, y=-6.23
2025-11-23 18:57:35.174 [main] DEBUG r.s.tk.cheefkeef.laba2.jdbc.PointDAO - Количество затронутых строк: 1
2025-11-23 18:57:35.174 [main] INFO  r.s.tk.cheefkeef.laba2.jdbc.PointDAO - Точка успешно создана с ID: 81150
2025-11-23 18:57:35.174 [main] DEBUG r.s.tk.cheefkeef.laba2.jdbc.PointDAO - Получение диапазона X для функции ID: 9831
2025-11-23 18:57:35.194 [main] DEBUG r.s.tk.cheefkeef.laba2.jdbc.PointDAO - Выполнение SQL: SELECT MIN(x_value), MAX(x_value) FROM points WHERE f_id = ? с параметром functionId: 9831
2025-11-23 18:57:35.197 [main] DEBUG r.s.tk.cheefkeef.laba2.jdbc.PointDAO - Диапазон X для функции ID: 9831 - от 2.5 до 25.1
2025-11-23 18:57:35.199 [main] INFO  r.s.tk.cheefkeef.laba2.jdbc.PointDAO - Удаление всех точек функции ID: 9831
2025-11-23 18:57:35.324 [main] DEBUG r.s.tk.cheefkeef.laba2.jdbc.PointDAO - Выполнение SQL: DELETE FROM points WHERE f_id = ? с параметром functionId: 9831
2025-11-23 18:57:35.326 [main] INFO  r.s.tk.cheefkeef.laba2.jdbc.PointDAO - Удалено 5 точек функции ID: 9831
2025-11-23 18:57:35.327 [main] INFO  r.s.tk.cheefkeef.laba2.jdbc.PointDAO - Создание новой точки: functionId=9831, x=69.12, y=70.04
2025-11-23 18:57:35.347 [main] DEBUG r.s.tk.cheefkeef.laba2.jdbc.PointDAO - Выполнение SQL: INSERT INTO points (f_id, x_value, y_value) VALUES (?, ?, ?) с параметрами: functionId=9831, x=69.12, y=70.04
2025-11-23 18:57:35.349 [main] DEBUG r.s.tk.cheefkeef.laba2.jdbc.PointDAO - Количество затронутых строк: 1
2025-11-23 18:57:35.349 [main] INFO  r.s.tk.cheefkeef.laba2.jdbc.PointDAO - Точка успешно создана с ID: 81151
2025-11-23 18:57:35.349 [main] INFO  r.s.tk.cheefkeef.laba2.jdbc.PointDAO - Создание новой точки: functionId=9831, x=33.84, y=12.48
2025-11-23 18:57:35.478 [main] DEBUG r.s.tk.cheefkeef.laba2.jdbc.PointDAO - Выполнение SQL: INSERT INTO points (f_id, x_value, y_value) VALUES (?, ?, ?) с параметрами: functionId=9831, x=33.84, y=12.48
2025-11-23 18:57:35.480 [main] DEBUG r.s.tk.cheefkeef.laba2.jdbc.PointDAO - Количество затронутых строк: 1
2025-11-23 18:57:35.480 [main] INFO  r.s.tk.cheefkeef.laba2.jdbc.PointDAO - Точка успешно создана с ID: 81152
2025-11-23 18:57:35.480 [main] INFO  r.s.tk.cheefkeef.laba2.jdbc.PointDAO - Создание новой точки: functionId=9831, x=33.05, y=40.42
2025-11-23 18:57:35.605 [main] DEBUG r.s.tk.cheefkeef.laba2.jdbc.PointDAO - Выполнение SQL: INSERT INTO points (f_id, x_value, y_value) VALUES (?, ?, ?) с параметрами: functionId=9831, x=33.05, y=40.42
2025-11-23 18:57:35.607 [main] DEBUG r.s.tk.cheefkeef.laba2.jdbc.PointDAO - Количество затронутых строк: 1
2025-11-23 18:57:35.607 [main] INFO  r.s.tk.cheefkeef.laba2.jdbc.PointDAO - Точка успешно создана с ID: 81153
2025-11-23 18:57:35.607 [main] INFO  r.s.tk.cheefkeef.laba2.jdbc.PointDAO - Начало поиска точек с сортировкой: поле=invalid_field, направление=INVALID_DIRECTION
2025-11-23 18:57:35.607 [main] WARN  r.s.tk.cheefkeef.laba2.jdbc.PointDAO - Попытка сортировки по недопустимому полю: invalid_field
2025-11-23 18:57:35.607 [main] WARN  r.s.tk.cheefkeef.laba2.jdbc.PointDAO - Недопустимое направление сортировки: INVALID_DIRECTION, установлено ASC
2025-11-23 18:57:35.641 [main] DEBUG r.s.tk.cheefkeef.laba2.jdbc.PointDAO - Выполнение SQL с сортировкой: SELECT id, f_id, x_value, y_value FROM points ORDER BY id ASC
2025-11-23 18:57:35.649 [main] INFO  r.s.tk.cheefkeef.laba2.jdbc.PointDAO - Успешно получено 10003 точек с сортировкой по id ASC
2025-11-23 18:57:35.650 [main] INFO  r.s.tk.cheefkeef.laba2.jdbc.PointDAO - Удаление всех точек функции ID: 9831
2025-11-23 18:57:35.774 [main] DEBUG r.s.tk.cheefkeef.laba2.jdbc.PointDAO - Выполнение SQL: DELETE FROM points WHERE f_id = ? с параметром functionId: 9831
2025-11-23 18:57:35.776 [main] INFO  r.s.tk.cheefkeef.laba2.jdbc.PointDAO - Удалено 3 точек функции ID: 9831
2025-11-23 18:57:35.777 [main] INFO  r.s.tk.cheefkeef.laba2.jdbc.PointDAO - Создание новой точки: functionId=9831, x=42.5, y=37.91
2025-11-23 18:57:35.797 [main] DEBUG r.s.tk.cheefkeef.laba2.jdbc.PointDAO - Выполнение SQL: INSERT INTO points (f_id, x_value, y_value) VALUES (?, ?, ?) с параметрами: functionId=9831, x=42.5, y=37.91
2025-11-23 18:57:35.799 [main] DEBUG r.s.tk.cheefkeef.laba2.jdbc.PointDAO - Количество затронутых строк: 1
2025-11-23 18:57:35.799 [main] INFO  r.s.tk.cheefkeef.laba2.jdbc.PointDAO - Точка успешно создана с ID: 81154
2025-11-23 18:57:35.800 [main] INFO  r.s.tk.cheefkeef.laba2.jdbc.PointDAO - Поиск точки по functionId: 9831 и X: 42.5
2025-11-23 18:57:35.821 [main] DEBUG r.s.tk.cheefkeef.laba2.jdbc.PointDAO - Выполнение SQL: SELECT id, f_id, x_value, y_value FROM points WHERE f_id = ? AND x_value = ? с параметрами functionId: 9831, xValue: 42.5
2025-11-23 18:57:35.823 [main] INFO  r.s.tk.cheefkeef.laba2.jdbc.PointDAO - Точка найдена для functionId: 9831 и X: 42.5
2025-11-23 18:57:35.826 [main] INFO  r.s.tk.cheefkeef.laba2.jdbc.PointDAO - Удаление всех точек функции ID: 9831
2025-11-23 18:57:35.847 [main] DEBUG r.s.tk.cheefkeef.laba2.jdbc.PointDAO - Выполнение SQL: DELETE FROM points WHERE f_id = ? с параметром functionId: 9831
2025-11-23 18:57:35.849 [main] INFO  r.s.tk.cheefkeef.laba2.jdbc.PointDAO - Удалено 1 точек функции ID: 9831
2025-11-23 18:57:35.850 [main] INFO  r.s.tk.cheefkeef.laba2.jdbc.PointDAO - Поиск точки по ID: -1
2025-11-23 18:57:35.988 [main] DEBUG r.s.tk.cheefkeef.laba2.jdbc.PointDAO - Выполнение SQL: SELECT id, f_id, x_value, y_value FROM points WHERE id = ? с параметром ID: -1
2025-11-23 18:57:35.990 [main] INFO  r.s.tk.cheefkeef.laba2.jdbc.PointDAO - Точка с ID -1 не найдена
2025-11-23 18:57:35.991 [main] INFO  r.s.tk.cheefkeef.laba2.jdbc.PointDAO - Удаление всех точек функции ID: 9831
2025-11-23 18:57:36.016 [main] DEBUG r.s.tk.cheefkeef.laba2.jdbc.PointDAO - Выполнение SQL: DELETE FROM points WHERE f_id = ? с параметром functionId: 9831
2025-11-23 18:57:36.018 [main] INFO  r.s.tk.cheefkeef.laba2.jdbc.PointDAO - Не найдено точек для удаления функции ID: 9831
2025-11-23 18:57:36.019 [main] INFO  r.s.tk.cheefkeef.laba2.jdbc.PointDAO - Создание новой точки: functionId=9831, x=48.54, y=60.79
2025-11-23 18:57:36.038 [main] DEBUG r.s.tk.cheefkeef.laba2.jdbc.PointDAO - Выполнение SQL: INSERT INTO points (f_id, x_value, y_value) VALUES (?, ?, ?) с параметрами: functionId=9831, x=48.54, y=60.79
2025-11-23 18:57:36.040 [main] DEBUG r.s.tk.cheefkeef.laba2.jdbc.PointDAO - Количество затронутых строк: 1
2025-11-23 18:57:36.040 [main] INFO  r.s.tk.cheefkeef.laba2.jdbc.PointDAO - Точка успешно создана с ID: 81155
2025-11-23 18:57:36.040 [main] INFO  r.s.tk.cheefkeef.laba2.jdbc.PointDAO - Создание новой точки: functionId=9831, x=79.6, y=16.24
2025-11-23 18:57:36.062 [main] DEBUG r.s.tk.cheefkeef.laba2.jdbc.PointDAO - Выполнение SQL: INSERT INTO points (f_id, x_value, y_value) VALUES (?, ?, ?) с параметрами: functionId=9831, x=79.6, y=16.24
2025-11-23 18:57:36.063 [main] DEBUG r.s.tk.cheefkeef.laba2.jdbc.PointDAO - Количество затронутых строк: 1
2025-11-23 18:57:36.063 [main] INFO  r.s.tk.cheefkeef.laba2.jdbc.PointDAO - Точка успешно создана с ID: 81156
2025-11-23 18:57:36.063 [main] INFO  r.s.tk.cheefkeef.laba2.jdbc.PointDAO - Создание новой точки: functionId=9831, x=2.74, y=63.2
2025-11-23 18:57:36.084 [main] DEBUG r.s.tk.cheefkeef.laba2.jdbc.PointDAO - Выполнение SQL: INSERT INTO points (f_id, x_value, y_value) VALUES (?, ?, ?) с параметрами: functionId=9831, x=2.74, y=63.2
2025-11-23 18:57:36.086 [main] DEBUG r.s.tk.cheefkeef.laba2.jdbc.PointDAO - Количество затронутых строк: 1
2025-11-23 18:57:36.086 [main] INFO  r.s.tk.cheefkeef.laba2.jdbc.PointDAO - Точка успешно создана с ID: 81157
2025-11-23 18:57:36.086 [main] INFO  r.s.tk.cheefkeef.laba2.jdbc.PointDAO - Создание новой точки: functionId=9831, x=88.16, y=16.84
2025-11-23 18:57:36.213 [main] DEBUG r.s.tk.cheefkeef.laba2.jdbc.PointDAO - Выполнение SQL: INSERT INTO points (f_id, x_value, y_value) VALUES (?, ?, ?) с параметрами: functionId=9831, x=88.16, y=16.84
2025-11-23 18:57:36.214 [main] DEBUG r.s.tk.cheefkeef.laba2.jdbc.PointDAO - Количество затронутых строк: 1
2025-11-23 18:57:36.214 [main] INFO  r.s.tk.cheefkeef.laba2.jdbc.PointDAO - Точка успешно создана с ID: 81158
2025-11-23 18:57:36.215 [main] INFO  r.s.tk.cheefkeef.laba2.jdbc.PointDAO - Создание новой точки: functionId=9831, x=10.03, y=32.59
2025-11-23 18:57:36.239 [main] DEBUG r.s.tk.cheefkeef.laba2.jdbc.PointDAO - Выполнение SQL: INSERT INTO points (f_id, x_value, y_value) VALUES (?, ?, ?) с параметрами: functionId=9831, x=10.03, y=32.59
2025-11-23 18:57:36.241 [main] DEBUG r.s.tk.cheefkeef.laba2.jdbc.PointDAO - Количество затронутых строк: 1
2025-11-23 18:57:36.241 [main] INFO  r.s.tk.cheefkeef.laba2.jdbc.PointDAO - Точка успешно создана с ID: 81159
2025-11-23 18:57:36.241 [main] INFO  r.s.tk.cheefkeef.laba2.jdbc.PointDAO - Создание новой точки: functionId=9831, x=94.15, y=72.66
2025-11-23 18:57:36.367 [main] DEBUG r.s.tk.cheefkeef.laba2.jdbc.PointDAO - Выполнение SQL: INSERT INTO points (f_id, x_value, y_value) VALUES (?, ?, ?) с параметрами: functionId=9831, x=94.15, y=72.66
2025-11-23 18:57:36.368 [main] DEBUG r.s.tk.cheefkeef.laba2.jdbc.PointDAO - Количество затронутых строк: 1
2025-11-23 18:57:36.368 [main] INFO  r.s.tk.cheefkeef.laba2.jdbc.PointDAO - Точка успешно создана с ID: 81160
2025-11-23 18:57:36.369 [main] INFO  r.s.tk.cheefkeef.laba2.jdbc.PointDAO - Создание новой точки: functionId=9831, x=20.65, y=47.75
2025-11-23 18:57:36.389 [main] DEBUG r.s.tk.cheefkeef.laba2.jdbc.PointDAO - Выполнение SQL: INSERT INTO points (f_id, x_value, y_value) VALUES (?, ?, ?) с параметрами: functionId=9831, x=20.65, y=47.75
2025-11-23 18:57:36.390 [main] DEBUG r.s.tk.cheefkeef.laba2.jdbc.PointDAO - Количество затронутых строк: 1
2025-11-23 18:57:36.390 [main] INFO  r.s.tk.cheefkeef.laba2.jdbc.PointDAO - Точка успешно создана с ID: 81161
2025-11-23 18:57:36.390 [main] DEBUG r.s.tk.cheefkeef.laba2.jdbc.PointDAO - Подсчет количества точек функции ID: 9831
2025-11-23 18:57:36.524 [main] DEBUG r.s.tk.cheefkeef.laba2.jdbc.PointDAO - Выполнение SQL: SELECT COUNT(*) FROM points WHERE f_id = ? с параметром functionId: 9831
2025-11-23 18:57:36.526 [main] DEBUG r.s.tk.cheefkeef.laba2.jdbc.PointDAO - Найдено 7 точек для функции ID: 9831
2025-11-23 18:57:36.527 [main] INFO  r.s.tk.cheefkeef.laba2.jdbc.PointDAO - Удаление всех точек функции ID: 9831
2025-11-23 18:57:36.548 [main] DEBUG r.s.tk.cheefkeef.laba2.jdbc.PointDAO - Выполнение SQL: DELETE FROM points WHERE f_id = ? с параметром functionId: 9831
2025-11-23 18:57:36.551 [main] INFO  r.s.tk.cheefkeef.laba2.jdbc.PointDAO - Удалено 7 точек функции ID: 9831
2025-11-23 18:57:36.551 [main] INFO  r.s.t.c.laba2.jdbc.PointDAOTest - Очистка тестовых данных завершена
2025-11-23 18:57:36.553 [main] INFO  r.s.t.c.laba2.jdbc.UserDAOTest - Инициализация тестового окружения UserDAO
2025-11-23 18:57:36.585 [main] DEBUG r.s.t.c.laba2.jdbc.UserDAOTest - Создан тестовый пользователь: User{id=null, login='testuser_станислав_цветков_1763909856584', role=user, enabled=true}
2025-11-23 18:57:36.586 [main] INFO  r.s.t.c.laba2.jdbc.UserDAOTest - Запуск теста: создание пользователя
2025-11-23 18:57:36.586 [main] INFO  r.s.tk.cheefkeef.laba2.jdbc.UserDAO - Создание нового пользователя: testuser_станислав_цветков_1763909856584
2025-11-23 18:57:36.613 [main] INFO  r.s.tk.cheefkeef.laba2.jdbc.UserDAO - Пользователь testuser_станислав_цветков_1763909856584 успешно создан с ID: 40284
2025-11-23 18:57:36.614 [main] INFO  r.s.t.c.laba2.jdbc.UserDAOTest - Успешно создан пользователь с ID: 40284
2025-11-23 18:57:36.615 [main] INFO  r.s.t.c.laba2.jdbc.UserDAOTest - Запуск теста: поиск пользователя по ID
2025-11-23 18:57:36.615 [main] DEBUG r.s.tk.cheefkeef.laba2.jdbc.UserDAO - Поиск пользователя по ID: 40284
2025-11-23 18:57:36.746 [main] DEBUG r.s.tk.cheefkeef.laba2.jdbc.UserDAO - Пользователь с ID 40284 найден: testuser_станислав_цветков_1763909856584
2025-11-23 18:57:36.746 [main] DEBUG r.s.t.c.laba2.jdbc.UserDAOTest - Найден пользователь: User{id=40284, login='testuser_станислав_цветков_1763909856584', role=user, enabled=true}
2025-11-23 18:57:36.748 [main] INFO  r.s.t.c.laba2.jdbc.UserDAOTest - Запуск теста: поиск пользователя по логину
2025-11-23 18:57:36.748 [main] DEBUG r.s.tk.cheefkeef.laba2.jdbc.UserDAO - Поиск пользователя по login: testuser_станислав_цветков_1763909856584
2025-11-23 18:57:36.881 [main] DEBUG r.s.tk.cheefkeef.laba2.jdbc.UserDAO - Пользователь с login testuser_станислав_цветков_1763909856584 найден
2025-11-23 18:57:36.881 [main] DEBUG r.s.t.c.laba2.jdbc.UserDAOTest - Найден пользователь по логину testuser_станислав_цветков_1763909856584: User{id=40284, login='testuser_станислав_цветков_1763909856584', role=user, enabled=true}
2025-11-23 18:57:36.882 [main] INFO  r.s.t.c.laba2.jdbc.UserDAOTest - Запуск теста: получение всех пользователей
2025-11-23 18:57:36.882 [main] INFO  r.s.tk.cheefkeef.laba2.jdbc.UserDAO - Начало получения всех пользователей
2025-11-23 18:57:36.906 [main] INFO  r.s.tk.cheefkeef.laba2.jdbc.UserDAO - Успешно получено 121 пользователей
2025-11-23 18:57:36.906 [main] INFO  r.s.t.c.laba2.jdbc.UserDAOTest - Найдено 121 пользователей
2025-11-23 18:57:36.908 [main] INFO  r.s.t.c.laba2.jdbc.UserDAOTest - Запуск теста: поиск пользователей по роли
2025-11-23 18:57:36.908 [main] DEBUG r.s.tk.cheefkeef.laba2.jdbc.UserDAO - Поиск пользователей по роли: user
2025-11-23 18:57:37.037 [main] DEBUG r.s.tk.cheefkeef.laba2.jdbc.UserDAO - Найдено 58 пользователей с ролью user
2025-11-23 18:57:37.038 [main] INFO  r.s.t.c.laba2.jdbc.UserDAOTest - Найдено 58 пользователей с ролью 'user'
2025-11-23 18:57:37.039 [main] INFO  r.s.t.c.laba2.jdbc.UserDAOTest - Запуск теста: поиск пользователей по статусу enabled
2025-11-23 18:57:37.039 [main] DEBUG r.s.tk.cheefkeef.laba2.jdbc.UserDAO - Поиск пользователей по статусу enabled: true
2025-11-23 18:57:37.163 [main] DEBUG r.s.tk.cheefkeef.laba2.jdbc.UserDAO - Найдено 71 пользователей со статусом enabled = true
2025-11-23 18:57:37.163 [main] DEBUG r.s.tk.cheefkeef.laba2.jdbc.UserDAO - Поиск пользователей по статусу enabled: false
2025-11-23 18:57:37.186 [main] DEBUG r.s.tk.cheefkeef.laba2.jdbc.UserDAO - Найдено 50 пользователей со статусом enabled = false
2025-11-23 18:57:37.187 [main] INFO  r.s.t.c.laba2.jdbc.UserDAOTest - Найдено 71 активных и 50 неактивных пользователей
2025-11-23 18:57:37.188 [main] INFO  r.s.t.c.laba2.jdbc.UserDAOTest - Запуск теста: обновление пользователя
2025-11-23 18:57:37.188 [main] INFO  r.s.tk.cheefkeef.laba2.jdbc.UserDAO - Обновление пользователя с ID: 40284
2025-11-23 18:57:37.213 [main] INFO  r.s.tk.cheefkeef.laba2.jdbc.UserDAO - Пользователь с ID 40284 успешно обновлен
2025-11-23 18:57:37.213 [main] DEBUG r.s.tk.cheefkeef.laba2.jdbc.UserDAO - Поиск пользователя по ID: 40284
2025-11-23 18:57:37.241 [main] DEBUG r.s.tk.cheefkeef.laba2.jdbc.UserDAO - Пользователь с ID 40284 найден: testuser_ульяна_вишнякова_1763909857188
2025-11-23 18:57:37.241 [main] INFO  r.s.t.c.laba2.jdbc.UserDAOTest - Пользователь успешно обновлен: User{id=40284, login='testuser_ульяна_вишнякова_1763909857188', role=admin, enabled=false}
2025-11-23 18:57:37.242 [main] INFO  r.s.t.c.laba2.jdbc.UserDAOTest - Запуск теста: обновление только статуса enabled
2025-11-23 18:57:37.242 [main] INFO  r.s.tk.cheefkeef.laba2.jdbc.UserDAO - Обновление статуса enabled для пользователя с ID: 40284, новое значение: true
2025-11-23 18:57:37.369 [main] INFO  r.s.tk.cheefkeef.laba2.jdbc.UserDAO - Статус enabled для пользователя с ID 40284 успешно обновлен на true
2025-11-23 18:57:37.369 [main] DEBUG r.s.tk.cheefkeef.laba2.jdbc.UserDAO - Поиск пользователя по ID: 40284
2025-11-23 18:57:37.507 [main] DEBUG r.s.tk.cheefkeef.laba2.jdbc.UserDAO - Пользователь с ID 40284 найден: testuser_ульяна_вишнякова_1763909857188
2025-11-23 18:57:37.507 [main] INFO  r.s.t.c.laba2.jdbc.UserDAOTest - Статус enabled успешно обновлен на true
2025-11-23 18:57:37.508 [main] INFO  r.s.t.c.laba2.jdbc.UserDAOTest - Запуск теста: создание нескольких пользователей с Faker
2025-11-23 18:57:37.508 [main] INFO  r.s.tk.cheefkeef.laba2.jdbc.UserDAO - Создание нового пользователя: testuser_татьяна_шилов_1763909857508
2025-11-23 18:57:37.532 [main] INFO  r.s.tk.cheefkeef.laba2.jdbc.UserDAO - Пользователь testuser_татьяна_шилов_1763909857508 успешно создан с ID: 40285
2025-11-23 18:57:37.532 [main] DEBUG r.s.t.c.laba2.jdbc.UserDAOTest - Создан случайный пользователь #1/5: User{id=40285, login='testuser_татьяна_шилов_1763909857508', role=admin, enabled=false}
2025-11-23 18:57:37.533 [main] INFO  r.s.tk.cheefkeef.laba2.jdbc.UserDAO - Создание нового пользователя: testuser_клавдия_носкова_1763909857533
2025-11-23 18:57:37.558 [main] INFO  r.s.tk.cheefkeef.laba2.jdbc.UserDAO - Пользователь testuser_клавдия_носкова_1763909857533 успешно создан с ID: 40286
2025-11-23 18:57:37.559 [main] DEBUG r.s.t.c.laba2.jdbc.UserDAOTest - Создан случайный пользователь #2/5: User{id=40286, login='testuser_клавдия_носкова_1763909857533', role=user, enabled=true}
2025-11-23 18:57:37.559 [main] INFO  r.s.tk.cheefkeef.laba2.jdbc.UserDAO - Создание нового пользователя: testuser_людмила_воронова_1763909857559
2025-11-23 18:57:37.582 [main] INFO  r.s.tk.cheefkeef.laba2.jdbc.UserDAO - Пользователь testuser_людмила_воронова_1763909857559 успешно создан с ID: 40287
2025-11-23 18:57:37.582 [main] DEBUG r.s.t.c.laba2.jdbc.UserDAOTest - Создан случайный пользователь #3/5: User{id=40287, login='testuser_людмила_воронова_1763909857559', role=user, enabled=false}
2025-11-23 18:57:37.582 [main] INFO  r.s.tk.cheefkeef.laba2.jdbc.UserDAO - Создание нового пользователя: testuser_лука_якушев_1763909857582
2025-11-23 18:57:37.708 [main] INFO  r.s.tk.cheefkeef.laba2.jdbc.UserDAO - Пользователь testuser_лука_якушев_1763909857582 успешно создан с ID: 40288
2025-11-23 18:57:37.709 [main] DEBUG r.s.t.c.laba2.jdbc.UserDAOTest - Создан случайный пользователь #4/5: User{id=40288, login='testuser_лука_якушев_1763909857582', role=user, enabled=false}
2025-11-23 18:57:37.709 [main] INFO  r.s.tk.cheefkeef.laba2.jdbc.UserDAO - Создание нового пользователя: testuser_римма_данилов_1763909857709
2025-11-23 18:57:37.733 [main] INFO  r.s.tk.cheefkeef.laba2.jdbc.UserDAO - Пользователь testuser_римма_данилов_1763909857709 успешно создан с ID: 40289
2025-11-23 18:57:37.733 [main] DEBUG r.s.t.c.laba2.jdbc.UserDAOTest - Создан случайный пользователь #5/5: User{id=40289, login='testuser_римма_данилов_1763909857709', role=admin, enabled=false}
2025-11-23 18:57:37.733 [main] INFO  r.s.t.c.laba2.jdbc.UserDAOTest - Успешно создано 5 случайных пользователей
2025-11-23 18:57:37.734 [main] INFO  r.s.t.c.laba2.jdbc.UserDAOTest - Запуск теста: поиск по ролям после создания нескольких пользователей
2025-11-23 18:57:37.734 [main] DEBUG r.s.tk.cheefkeef.laba2.jdbc.UserDAO - Поиск пользователей по роли: admin
2025-11-23 18:57:37.758 [main] DEBUG r.s.tk.cheefkeef.laba2.jdbc.UserDAO - Найдено 66 пользователей с ролью admin
2025-11-23 18:57:37.758 [main] DEBUG r.s.tk.cheefkeef.laba2.jdbc.UserDAO - Поиск пользователей по роли: user
2025-11-23 18:57:37.904 [main] DEBUG r.s.tk.cheefkeef.laba2.jdbc.UserDAO - Найдено 60 пользователей с ролью user
2025-11-23 18:57:37.905 [main] INFO  r.s.t.c.laba2.jdbc.UserDAOTest - Найдено 66 администраторов и 60 обычных пользователей
2025-11-23 18:57:37.905 [main] DEBUG r.s.t.c.laba2.jdbc.UserDAOTest - Администратор: User{id=40038, login='testuser_вера_егоров_1762755231983', role=admin, enabled=false}
2025-11-23 18:57:37.905 [main] DEBUG r.s.t.c.laba2.jdbc.UserDAOTest - Администратор: User{id=40039, login='testuser_жанна_рябов_1762755232385', role=admin, enabled=true}
2025-11-23 18:57:37.905 [main] DEBUG r.s.t.c.laba2.jdbc.UserDAOTest - Администратор: User{id=40043, login='testuser_никита_волкова_1762755831263', role=admin, enabled=false}
2025-11-23 18:57:37.906 [main] DEBUG r.s.t.c.laba2.jdbc.UserDAOTest - Обычный пользователь: User{id=40037, login='testuser_степан_сазонова_1762755231365', role=user, enabled=true}
2025-11-23 18:57:37.906 [main] DEBUG r.s.t.c.laba2.jdbc.UserDAOTest - Обычный пользователь: User{id=40040, login='testuser_василиса_носкова_1762755232711', role=user, enabled=true}
2025-11-23 18:57:37.906 [main] DEBUG r.s.t.c.laba2.jdbc.UserDAOTest - Обычный пользователь: User{id=40041, login='user_with_special_chars_测试_тест_1762755233041', role=user, enabled=true}
2025-11-23 18:57:37.907 [main] INFO  r.s.t.c.laba2.jdbc.UserDAOTest - Запуск теста: множественный поиск по IDs
2025-11-23 18:57:37.907 [main] INFO  r.s.tk.cheefkeef.laba2.jdbc.UserDAO - Создание нового пользователя: testuser_егор_филиппова_1763909857907
2025-11-23 18:57:37.931 [main] INFO  r.s.tk.cheefkeef.laba2.jdbc.UserDAO - Пользователь testuser_егор_филиппова_1763909857907 успешно создан с ID: 40290
2025-11-23 18:57:37.931 [main] DEBUG r.s.tk.cheefkeef.laba2.jdbc.UserDAO - Множественный поиск пользователей по IDs: [40284, 40290]
2025-11-23 18:57:37.954 [main] DEBUG r.s.tk.cheefkeef.laba2.jdbc.UserDAO - Найдено 2 пользователей из запрошенных 2
2025-11-23 18:57:37.955 [main] INFO  r.s.tk.cheefkeef.laba2.jdbc.UserDAO - Удаление пользователя с ID: 40290
2025-11-23 18:57:38.080 [main] INFO  r.s.tk.cheefkeef.laba2.jdbc.UserDAO - Пользователь с ID 40290 успешно удален
2025-11-23 18:57:38.081 [main] INFO  r.s.t.c.laba2.jdbc.UserDAOTest - Множественный поиск по IDs выполнен успешно
2025-11-23 18:57:38.081 [main] INFO  r.s.t.c.laba2.jdbc.UserDAOTest - Запуск теста: получение пользователей с сортировкой
2025-11-23 18:57:38.081 [main] DEBUG r.s.tk.cheefkeef.laba2.jdbc.UserDAO - Получение всех пользователей с сортировкой по полю: id, порядок: ASC
2025-11-23 18:57:38.213 [main] DEBUG r.s.tk.cheefkeef.laba2.jdbc.UserDAO - Успешно получено 126 пользователей с сортировкой
2025-11-23 18:57:38.214 [main] DEBUG r.s.tk.cheefkeef.laba2.jdbc.UserDAO - Получение всех пользователей с сортировкой по полю: id, порядок: DESC
2025-11-23 18:57:38.345 [main] DEBUG r.s.tk.cheefkeef.laba2.jdbc.UserDAO - Успешно получено 126 пользователей с сортировкой
2025-11-23 18:57:38.345 [main] DEBUG r.s.tk.cheefkeef.laba2.jdbc.UserDAO - Получение всех пользователей с сортировкой по полю: login, порядок: ASC
2025-11-23 18:57:38.368 [main] DEBUG r.s.tk.cheefkeef.laba2.jdbc.UserDAO - Успешно получено 126 пользователей с сортировкой
2025-11-23 18:57:38.368 [main] INFO  r.s.t.c.laba2.jdbc.UserDAOTest - Тест сортировки завершен: ASC=126, DESC=126, login=126
2025-11-23 18:57:38.369 [main] INFO  r.s.t.c.laba2.jdbc.UserDAOTest - Запуск теста: удаление пользователя по логину
2025-11-23 18:57:38.370 [main] INFO  r.s.tk.cheefkeef.laba2.jdbc.UserDAO - Создание нового пользователя: testuser_татьяна_михайлова_1763909858370
2025-11-23 18:57:38.508 [main] INFO  r.s.tk.cheefkeef.laba2.jdbc.UserDAO - Пользователь testuser_татьяна_михайлова_1763909858370 успешно создан с ID: 40291
2025-11-23 18:57:38.508 [main] INFO  r.s.tk.cheefkeef.laba2.jdbc.UserDAO - Удаление пользователя с login: testuser_татьяна_михайлова_1763909858370
2025-11-23 18:57:38.532 [main] INFO  r.s.tk.cheefkeef.laba2.jdbc.UserDAO - Пользователь с login testuser_татьяна_михайлова_1763909858370 успешно удален
2025-11-23 18:57:38.532 [main] DEBUG r.s.tk.cheefkeef.laba2.jdbc.UserDAO - Поиск пользователя по login: testuser_татьяна_михайлова_1763909858370
2025-11-23 18:57:38.554 [main] DEBUG r.s.tk.cheefkeef.laba2.jdbc.UserDAO - Пользователь с login testuser_татьяна_михайлова_1763909858370 не найден
2025-11-23 18:57:38.555 [main] INFO  r.s.t.c.laba2.jdbc.UserDAOTest - Пользователь с логином testuser_татьяна_михайлова_1763909858370 успешно удален
2025-11-23 18:57:38.555 [main] INFO  r.s.t.c.laba2.jdbc.UserDAOTest - Запуск теста: удаление основного тестового пользователя по ID
2025-11-23 18:57:38.555 [main] INFO  r.s.tk.cheefkeef.laba2.jdbc.UserDAO - Удаление пользователя с ID: 40284
2025-11-23 18:57:38.578 [main] INFO  r.s.tk.cheefkeef.laba2.jdbc.UserDAO - Пользователь с ID 40284 успешно удален
2025-11-23 18:57:38.578 [main] DEBUG r.s.tk.cheefkeef.laba2.jdbc.UserDAO - Поиск пользователя по ID: 40284
2025-11-23 18:57:38.600 [main] DEBUG r.s.tk.cheefkeef.laba2.jdbc.UserDAO - Пользователь с ID 40284 не найден
2025-11-23 18:57:38.601 [main] INFO  r.s.t.c.laba2.jdbc.UserDAOTest - Основной тестовый пользователь с ID 40284 успешно удален
2025-11-23 18:57:38.602 [main] INFO  r.s.t.c.laba2.jdbc.UserDAOTest - Запуск теста: проверка граничных случаев
2025-11-23 18:57:38.602 [main] DEBUG r.s.tk.cheefkeef.laba2.jdbc.UserDAO - Поиск пользователя по ID: -1
2025-11-23 18:57:38.756 [main] DEBUG r.s.tk.cheefkeef.laba2.jdbc.UserDAO - Пользователь с ID -1 не найден
2025-11-23 18:57:38.756 [main] DEBUG r.s.tk.cheefkeef.laba2.jdbc.UserDAO - Поиск пользователя по login: non_existent_login_12345
2025-11-23 18:57:38.782 [main] DEBUG r.s.tk.cheefkeef.laba2.jdbc.UserDAO - Пользователь с login non_existent_login_12345 не найден
2025-11-23 18:57:38.782 [main] INFO  r.s.tk.cheefkeef.laba2.jdbc.UserDAO - Удаление пользователя с ID: -1
2025-11-23 18:57:38.804 [main] WARN  r.s.tk.cheefkeef.laba2.jdbc.UserDAO - Пользователь с ID -1 не найден для удаления
2025-11-23 18:57:38.804 [main] DEBUG r.s.tk.cheefkeef.laba2.jdbc.UserDAO - Множественный поиск пользователей по IDs: []
2025-11-23 18:57:38.804 [main] DEBUG r.s.tk.cheefkeef.laba2.jdbc.UserDAO - Передан пустой список IDs
2025-11-23 18:57:38.804 [main] INFO  r.s.t.c.laba2.jdbc.UserDAOTest - Все граничные случаи обработаны корректно
2025-11-23 18:57:38.805 [main] INFO  r.s.t.c.laba2.jdbc.UserDAOTest - Запуск теста: создание пользователя со специальными символами
2025-11-23 18:57:38.806 [main] INFO  r.s.tk.cheefkeef.laba2.jdbc.UserDAO - Создание нового пользователя: user_with_special_chars_测试_тест_1763909858805
2025-11-23 18:57:38.947 [main] INFO  r.s.tk.cheefkeef.laba2.jdbc.UserDAO - Пользователь user_with_special_chars_测试_тест_1763909858805 успешно создан с ID: 40292
2025-11-23 18:57:38.947 [main] INFO  r.s.tk.cheefkeef.laba2.jdbc.UserDAO - Удаление пользователя с ID: 40292
2025-11-23 18:57:39.080 [main] INFO  r.s.tk.cheefkeef.laba2.jdbc.UserDAO - Пользователь с ID 40292 успешно удален
2025-11-23 18:57:39.080 [main] INFO  r.s.t.c.laba2.jdbc.UserDAOTest - Тест со специальными символами завершен успешно
2025-11-23 18:57:39.081 [main] INFO  r.s.t.c.laba2.jdbc.UserDAOTest - Запуск теста: поиск пользователей по роли с сортировкой
2025-11-23 18:57:39.082 [main] INFO  r.s.tk.cheefkeef.laba2.jdbc.UserDAO - Создание нового пользователя: zzz_last_user_1763909859082
2025-11-23 18:57:39.215 [main] INFO  r.s.tk.cheefkeef.laba2.jdbc.UserDAO - Пользователь zzz_last_user_1763909859082 успешно создан с ID: 40293
2025-11-23 18:57:39.215 [main] INFO  r.s.tk.cheefkeef.laba2.jdbc.UserDAO - Создание нового пользователя: aaa_first_user_1763909859082
2025-11-23 18:57:39.242 [main] INFO  r.s.tk.cheefkeef.laba2.jdbc.UserDAO - Пользователь aaa_first_user_1763909859082 успешно создан с ID: 40294
2025-11-23 18:57:39.242 [main] DEBUG r.s.tk.cheefkeef.laba2.jdbc.UserDAO - Поиск пользователей по роли editor с сортировкой по полю: login, порядок: ASC
2025-11-23 18:57:39.393 [main] DEBUG r.s.tk.cheefkeef.laba2.jdbc.UserDAO - Найдено 2 пользователей с ролью editor с сортировкой
2025-11-23 18:57:39.393 [main] DEBUG r.s.tk.cheefkeef.laba2.jdbc.UserDAO - Поиск пользователей по роли editor с сортировкой по полю: id, порядок: DESC
2025-11-23 18:57:39.436 [main] DEBUG r.s.tk.cheefkeef.laba2.jdbc.UserDAO - Найдено 2 пользователей с ролью editor с сортировкой
2025-11-23 18:57:39.437 [main] DEBUG r.s.tk.cheefkeef.laba2.jdbc.UserDAO - Поиск пользователей по роли editor с сортировкой по полю: invalid_field, порядок: ASC
2025-11-23 18:57:39.437 [main] WARN  r.s.tk.cheefkeef.laba2.jdbc.UserDAO - Недопустимое поле для сортировки: invalid_field, используется поле по умолчанию: id
2025-11-23 18:57:39.614 [main] DEBUG r.s.tk.cheefkeef.laba2.jdbc.UserDAO - Найдено 2 пользователей с ролью editor с сортировкой
2025-11-23 18:57:39.615 [main] INFO  r.s.t.c.laba2.jdbc.UserDAOTest - Тест findByRoleWithSorting успешно завершён
2025-11-23 18:57:39.615 [main] INFO  r.s.tk.cheefkeef.laba2.jdbc.UserDAO - Удаление пользователя с ID: 40293
2025-11-23 18:57:39.640 [main] INFO  r.s.tk.cheefkeef.laba2.jdbc.UserDAO - Пользователь с ID 40293 успешно удален
2025-11-23 18:57:39.640 [main] INFO  r.s.tk.cheefkeef.laba2.jdbc.UserDAO - Удаление пользователя с ID: 40294
2025-11-23 18:57:39.662 [main] INFO  r.s.tk.cheefkeef.laba2.jdbc.UserDAO - Пользователь с ID 40294 успешно удален
2025-11-23 18:57:39.663 [main] INFO  r.s.t.c.laba2.jdbc.UserDAOTest - Запуск теста производительности: поиск всех пользователей
2025-11-23 18:57:39.663 [main] INFO  r.s.tk.cheefkeef.laba2.jdbc.UserDAO - Начало получения всех пользователей
2025-11-23 18:57:39.792 [main] INFO  r.s.tk.cheefkeef.laba2.jdbc.UserDAO - Успешно получено 125 пользователей
2025-11-23 18:57:39.793 [main] INFO  r.s.t.c.laba2.jdbc.UserDAOTest - Поиск всех пользователей выполнен за 130 мс. Найдено 125 записей
2025-11-23 18:57:39.793 [main] INFO  r.s.t.c.laba2.jdbc.UserDAOTest - Завершение тестов UserDAO
2025-11-23 18:57:39.793 [main] INFO  r.s.tk.cheefkeef.laba2.jdbc.UserDAO - Удаление пользователя с ID: 40284
2025-11-23 18:57:39.816 [main] WARN  r.s.tk.cheefkeef.laba2.jdbc.UserDAO - Пользователь с ID 40284 не найден для удаления
2025-11-23 18:57:39.819 [main] DEBUG r.s.t.c.laba2.mapper.FunctionMapper - Преобразование Function(id=1) в FunctionDTO
2025-11-23 18:57:39.820 [main] WARN  r.s.t.c.laba2.mapper.FunctionMapper - Попытка преобразования null-объекта Function в DTO
2025-11-23 18:57:39.821 [main] WARN  r.s.t.c.laba2.mapper.FunctionMapper - Попытка преобразования null-объекта FunctionDTO в сущность
2025-11-23 18:57:39.822 [main] DEBUG r.s.t.c.laba2.mapper.FunctionMapper - Преобразование FunctionDTO в Function
2025-11-23 18:57:39.825 [main] DEBUG r.s.t.c.laba2.mapper.PointMapper - Преобразование Point(id=10) в PointDTO
2025-11-23 18:57:39.826 [main] WARN  r.s.t.c.laba2.mapper.PointMapper - Попытка преобразования null-объекта Point в DTO
2025-11-23 18:57:39.827 [main] WARN  r.s.t.c.laba2.mapper.PointMapper - Попытка преобразования null-объекта PointDTO в сущность
2025-11-23 18:57:39.828 [main] DEBUG r.s.t.c.laba2.mapper.PointMapper - Преобразование PointDTO в Point
2025-11-23 18:57:39.832 [main] WARN  r.s.t.c.laba2.mapper.UserMapper - Попытка преобразования null-объекта User в DTO
2025-11-23 18:57:39.834 [main] WARN  r.s.t.c.laba2.mapper.UserMapper - Попытка преобразования null-объекта UserDTO в сущность
2025-11-23 18:57:39.835 [main] DEBUG r.s.t.c.laba2.mapper.UserMapper - Преобразование User(id=5) в UserDTO
2025-11-23 18:57:39.836 [main] DEBUG r.s.t.c.laba2.mapper.UserMapper - Преобразование UserDTO в User
2025-11-23 18:57:39.848 [main] INFO  r.s.t.c.l.f.LinkedListTabulatedFunction - Creating LinkedListTabulatedFunction from arrays with length: 3
2025-11-23 18:57:39.848 [main] DEBUG r.s.t.c.l.f.LinkedListTabulatedFunction - Created first node in empty list
2025-11-23 18:57:39.849 [main] INFO  r.s.t.c.l.f.LinkedListTabulatedFunction - Successfully created LinkedListTabulatedFunction with 3 points
2025-11-23 18:57:39.849 [main] INFO  r.s.t.c.l.f.LinkedListTabulatedFunction - Creating LinkedListTabulatedFunction from arrays with length: 3
2025-11-23 18:57:39.849 [main] DEBUG r.s.t.c.l.f.LinkedListTabulatedFunction - Created first node in empty list
2025-11-23 18:57:39.849 [main] INFO  r.s.t.c.l.f.LinkedListTabulatedFunction - Successfully created LinkedListTabulatedFunction with 3 points
2025-11-23 18:57:39.850 [main] INFO  r.s.t.c.l.f.ArrayTabulatedFunction - Creating ArrayTabulatedFunction from arrays with length: 3
2025-11-23 18:57:39.850 [main] DEBUG r.s.t.c.l.f.ArrayTabulatedFunction - Successfully created ArrayTabulatedFunction with 3 points
2025-11-23 18:57:39.850 [main] INFO  r.s.t.c.l.f.ArrayTabulatedFunction - Creating ArrayTabulatedFunction from arrays with length: 3
2025-11-23 18:57:39.851 [main] DEBUG r.s.t.c.l.f.ArrayTabulatedFunction - Successfully created ArrayTabulatedFunction with 3 points
2025-11-23 18:57:39.851 [main] INFO  r.s.t.c.l.f.ArrayTabulatedFunction - Creating ArrayTabulatedFunction from arrays with length: 3
2025-11-23 18:57:39.851 [main] DEBUG r.s.t.c.l.f.ArrayTabulatedFunction - Successfully created ArrayTabulatedFunction with 3 points
2025-11-23 18:57:39.851 [main] INFO  r.s.t.c.l.f.ArrayTabulatedFunction - Creating ArrayTabulatedFunction from arrays with length: 3
2025-11-23 18:57:39.851 [main] DEBUG r.s.t.c.l.f.ArrayTabulatedFunction - Successfully created ArrayTabulatedFunction with 3 points
2025-11-23 18:57:39.852 [main] INFO  r.s.t.c.l.f.ArrayTabulatedFunction - Creating ArrayTabulatedFunction from arrays with length: 3
2025-11-23 18:57:39.852 [main] DEBUG r.s.t.c.l.f.ArrayTabulatedFunction - Successfully created ArrayTabulatedFunction with 3 points
2025-11-23 18:57:39.852 [main] INFO  r.s.t.c.l.f.ArrayTabulatedFunction - Creating ArrayTabulatedFunction from arrays with length: 2
2025-11-23 18:57:39.852 [main] DEBUG r.s.t.c.l.f.ArrayTabulatedFunction - Successfully created ArrayTabulatedFunction with 2 points
2025-11-23 18:57:39.852 [main] INFO  r.s.t.c.l.f.ArrayTabulatedFunction - Creating ArrayTabulatedFunction from arrays with length: 2
2025-11-23 18:57:39.852 [main] DEBUG r.s.t.c.l.f.ArrayTabulatedFunction - Successfully created ArrayTabulatedFunction with 2 points
2025-11-23 18:57:39.853 [main] INFO  r.s.t.c.l.f.ArrayTabulatedFunction - Creating ArrayTabulatedFunction from arrays with length: 4
2025-11-23 18:57:39.853 [main] DEBUG r.s.t.c.l.f.ArrayTabulatedFunction - Successfully created ArrayTabulatedFunction with 4 points
2025-11-23 18:57:39.854 [main] INFO  r.s.t.c.l.f.ArrayTabulatedFunction - Creating ArrayTabulatedFunction from arrays with length: 4
2025-11-23 18:57:39.854 [main] DEBUG r.s.t.c.l.f.ArrayTabulatedFunction - Successfully created ArrayTabulatedFunction with 4 points
2025-11-23 18:57:39.854 [main] INFO  r.s.t.c.l.f.LinkedListTabulatedFunction - Creating LinkedListTabulatedFunction from arrays with length: 3
2025-11-23 18:57:39.855 [main] DEBUG r.s.t.c.l.f.LinkedListTabulatedFunction - Created first node in empty list
2025-11-23 18:57:39.855 [main] INFO  r.s.t.c.l.f.LinkedListTabulatedFunction - Successfully created LinkedListTabulatedFunction with 3 points
2025-11-23 18:57:39.855 [main] INFO  r.s.t.c.l.f.LinkedListTabulatedFunction - Creating LinkedListTabulatedFunction from arrays with length: 3
2025-11-23 18:57:39.855 [main] DEBUG r.s.t.c.l.f.LinkedListTabulatedFunction - Created first node in empty list
2025-11-23 18:57:39.855 [main] INFO  r.s.t.c.l.f.LinkedListTabulatedFunction - Successfully created LinkedListTabulatedFunction with 3 points
2025-11-23 18:57:39.856 [main] INFO  r.s.t.c.l.f.ArrayTabulatedFunction - Creating ArrayTabulatedFunction from arrays with length: 4
2025-11-23 18:57:39.856 [main] DEBUG r.s.t.c.l.f.ArrayTabulatedFunction - Successfully created ArrayTabulatedFunction with 4 points
2025-11-23 18:57:39.856 [main] INFO  r.s.t.c.l.f.ArrayTabulatedFunction - Creating ArrayTabulatedFunction from arrays with length: 4
2025-11-23 18:57:39.856 [main] DEBUG r.s.t.c.l.f.ArrayTabulatedFunction - Successfully created ArrayTabulatedFunction with 4 points
2025-11-23 18:57:39.859 [main] INFO  r.s.t.c.l.f.ArrayTabulatedFunction - Creating ArrayTabulatedFunction from arrays with length: 4
2025-11-23 18:57:39.859 [main] DEBUG r.s.t.c.l.f.ArrayTabulatedFunction - Successfully created ArrayTabulatedFunction with 4 points
2025-11-23 18:57:39.859 [main] INFO  r.s.t.c.l.f.ArrayTabulatedFunction - Creating ArrayTabulatedFunction from arrays with length: 4
2025-11-23 18:57:39.859 [main] DEBUG r.s.t.c.l.f.ArrayTabulatedFunction - Successfully created ArrayTabulatedFunction with 4 points
2025-11-23 18:57:39.860 [main] INFO  r.s.t.c.l.f.ArrayTabulatedFunction - Creating ArrayTabulatedFunction from arrays with length: 4
2025-11-23 18:57:39.860 [main] DEBUG r.s.t.c.l.f.ArrayTabulatedFunction - Successfully created ArrayTabulatedFunction with 4 points
2025-11-23 18:57:39.860 [main] INFO  r.s.t.c.l.f.ArrayTabulatedFunction - Creating ArrayTabulatedFunction from arrays with length: 4
2025-11-23 18:57:39.860 [main] DEBUG r.s.t.c.l.f.ArrayTabulatedFunction - Successfully created ArrayTabulatedFunction with 4 points
2025-11-23 18:57:39.861 [main] INFO  r.s.t.c.l.f.ArrayTabulatedFunction - Creating ArrayTabulatedFunction from arrays with length: 3
2025-11-23 18:57:39.861 [main] DEBUG r.s.t.c.l.f.ArrayTabulatedFunction - Successfully created ArrayTabulatedFunction with 3 points
2025-11-23 18:57:39.861 [main] INFO  r.s.t.c.l.f.LinkedListTabulatedFunction - Creating LinkedListTabulatedFunction from arrays with length: 3
2025-11-23 18:57:39.861 [main] DEBUG r.s.t.c.l.f.LinkedListTabulatedFunction - Created first node in empty list
2025-11-23 18:57:39.861 [main] INFO  r.s.t.c.l.f.LinkedListTabulatedFunction - Successfully created LinkedListTabulatedFunction with 3 points
2025-11-23 18:57:39.862 [main] INFO  r.s.t.c.l.f.ArrayTabulatedFunction - Creating ArrayTabulatedFunction from arrays with length: 3
2025-11-23 18:57:39.862 [main] DEBUG r.s.t.c.l.f.ArrayTabulatedFunction - Successfully created ArrayTabulatedFunction with 3 points
2025-11-23 18:57:39.862 [main] INFO  r.s.t.c.l.f.ArrayTabulatedFunction - Creating ArrayTabulatedFunction from arrays with length: 3
2025-11-23 18:57:39.862 [main] DEBUG r.s.t.c.l.f.ArrayTabulatedFunction - Successfully created ArrayTabulatedFunction with 3 points
2025-11-23 18:57:39.863 [main] INFO  r.s.t.c.l.f.ArrayTabulatedFunction - Creating ArrayTabulatedFunction from arrays with length: 4
2025-11-23 18:57:39.863 [main] DEBUG r.s.t.c.l.f.ArrayTabulatedFunction - Successfully created ArrayTabulatedFunction with 4 points
2025-11-23 18:57:39.863 [main] INFO  r.s.t.c.l.f.ArrayTabulatedFunction - Creating ArrayTabulatedFunction from arrays with length: 4
2025-11-23 18:57:39.863 [main] DEBUG r.s.t.c.l.f.ArrayTabulatedFunction - Successfully created ArrayTabulatedFunction with 4 points
2025-11-23 18:57:39.866 [main] INFO  r.s.t.c.l.f.ArrayTabulatedFunction - Creating ArrayTabulatedFunction from arrays with length: 3
2025-11-23 18:57:39.866 [main] DEBUG r.s.t.c.l.f.ArrayTabulatedFunction - Successfully created ArrayTabulatedFunction with 3 points
2025-11-23 18:57:39.866 [main] INFO  r.s.t.c.l.f.LinkedListTabulatedFunction - Creating LinkedListTabulatedFunction from arrays with length: 3
2025-11-23 18:57:39.866 [main] DEBUG r.s.t.c.l.f.LinkedListTabulatedFunction - Created first node in empty list
2025-11-23 18:57:39.866 [main] INFO  r.s.t.c.l.f.LinkedListTabulatedFunction - Successfully created LinkedListTabulatedFunction with 3 points
2025-11-23 18:57:39.868 [main] INFO  r.s.t.c.l.f.ArrayTabulatedFunction - Creating ArrayTabulatedFunction from arrays with length: 3
2025-11-23 18:57:39.868 [main] DEBUG r.s.t.c.l.f.ArrayTabulatedFunction - Successfully created ArrayTabulatedFunction with 3 points
2025-11-23 18:57:39.870 [main] INFO  r.s.t.c.l.f.ArrayTabulatedFunction - Creating ArrayTabulatedFunction from arrays with length: 3
2025-11-23 18:57:39.870 [main] DEBUG r.s.t.c.l.f.ArrayTabulatedFunction - Successfully created ArrayTabulatedFunction with 3 points
2025-11-23 18:57:39.870 [main] INFO  r.s.t.c.l.f.ArrayTabulatedFunction - Creating ArrayTabulatedFunction from arrays with length: 2
2025-11-23 18:57:39.870 [main] DEBUG r.s.t.c.l.f.ArrayTabulatedFunction - Successfully created ArrayTabulatedFunction with 2 points
2025-11-23 18:57:39.873 [main] INFO  r.s.t.c.l.f.ArrayTabulatedFunction - Creating ArrayTabulatedFunction from arrays with length: 3
2025-11-23 18:57:39.873 [main] DEBUG r.s.t.c.l.f.ArrayTabulatedFunction - Successfully created ArrayTabulatedFunction with 3 points
2025-11-23 18:57:39.873 [main] INFO  r.s.t.c.l.f.LinkedListTabulatedFunction - Creating LinkedListTabulatedFunction from arrays with length: 3
2025-11-23 18:57:39.873 [main] DEBUG r.s.t.c.l.f.LinkedListTabulatedFunction - Created first node in empty list
2025-11-23 18:57:39.873 [main] INFO  r.s.t.c.l.f.LinkedListTabulatedFunction - Successfully created LinkedListTabulatedFunction with 3 points
2025-11-23 18:57:39.873 [main] INFO  r.s.t.c.l.f.LinkedListTabulatedFunction - Creating LinkedListTabulatedFunction from arrays with length: 3
2025-11-23 18:57:39.873 [main] DEBUG r.s.t.c.l.f.LinkedListTabulatedFunction - Created first node in empty list
2025-11-23 18:57:39.873 [main] INFO  r.s.t.c.l.f.LinkedListTabulatedFunction - Successfully created LinkedListTabulatedFunction with 3 points
2025-11-23 18:57:39.874 [main] INFO  r.s.t.c.l.f.ArrayTabulatedFunction - Creating ArrayTabulatedFunction from arrays with length: 2
2025-11-23 18:57:39.874 [main] DEBUG r.s.t.c.l.f.ArrayTabulatedFunction - Successfully created ArrayTabulatedFunction with 2 points
2025-11-23 18:57:39.874 [main] INFO  r.s.t.c.l.f.ArrayTabulatedFunction - Creating ArrayTabulatedFunction from arrays with length: 2
2025-11-23 18:57:39.874 [main] DEBUG r.s.t.c.l.f.ArrayTabulatedFunction - Successfully created ArrayTabulatedFunction with 2 points
2025-11-23 18:57:39.876 [main] INFO  r.s.t.c.l.f.ArrayTabulatedFunction - Creating ArrayTabulatedFunction from arrays with length: 2
2025-11-23 18:57:39.876 [main] DEBUG r.s.t.c.l.f.ArrayTabulatedFunction - Successfully created ArrayTabulatedFunction with 2 points
2025-11-23 18:57:39.876 [main] INFO  r.s.t.c.l.f.LinkedListTabulatedFunction - Creating LinkedListTabulatedFunction from arrays with length: 2
2025-11-23 18:57:39.876 [main] DEBUG r.s.t.c.l.f.LinkedListTabulatedFunction - Created first node in empty list
2025-11-23 18:57:39.876 [main] INFO  r.s.t.c.l.f.LinkedListTabulatedFunction - Successfully created LinkedListTabulatedFunction with 2 points
2025-11-23 18:57:39.876 [main] INFO  r.s.t.c.l.f.LinkedListTabulatedFunction - Creating LinkedListTabulatedFunction from arrays with length: 2
2025-11-23 18:57:39.876 [main] DEBUG r.s.t.c.l.f.LinkedListTabulatedFunction - Created first node in empty list
2025-11-23 18:57:39.876 [main] INFO  r.s.t.c.l.f.LinkedListTabulatedFunction - Successfully created LinkedListTabulatedFunction with 2 points
2025-11-23 18:57:39.877 [main] INFO  r.s.t.c.l.f.ArrayTabulatedFunction - Creating ArrayTabulatedFunction from arrays with length: 3
2025-11-23 18:57:39.877 [main] DEBUG r.s.t.c.l.f.ArrayTabulatedFunction - Successfully created ArrayTabulatedFunction with 3 points
2025-11-23 18:57:39.877 [main] INFO  r.s.t.c.l.f.ArrayTabulatedFunction - Creating ArrayTabulatedFunction from arrays with length: 3
2025-11-23 18:57:39.877 [main] DEBUG r.s.t.c.l.f.ArrayTabulatedFunction - Successfully created ArrayTabulatedFunction with 3 points
2025-11-23 18:57:39.877 [main] INFO  r.s.t.c.l.f.ArrayTabulatedFunction - Creating ArrayTabulatedFunction from arrays with length: 3
2025-11-23 18:57:39.877 [main] DEBUG r.s.t.c.l.f.ArrayTabulatedFunction - Successfully created ArrayTabulatedFunction with 3 points
2025-11-23 18:57:39.878 [main] INFO  r.s.t.c.l.f.ArrayTabulatedFunction - Creating ArrayTabulatedFunction from arrays with length: 3
2025-11-23 18:57:39.878 [main] DEBUG r.s.t.c.l.f.ArrayTabulatedFunction - Successfully created ArrayTabulatedFunction with 3 points
2025-11-23 18:57:39.878 [main] INFO  r.s.t.c.l.f.ArrayTabulatedFunction - Creating ArrayTabulatedFunction from arrays with length: 3
2025-11-23 18:57:39.878 [main] DEBUG r.s.t.c.l.f.ArrayTabulatedFunction - Successfully created ArrayTabulatedFunction with 3 points
2025-11-23 18:57:39.878 [main] INFO  r.s.t.c.l.f.ArrayTabulatedFunction - Creating ArrayTabulatedFunction from arrays with length: 3
2025-11-23 18:57:39.878 [main] DEBUG r.s.t.c.l.f.ArrayTabulatedFunction - Successfully created ArrayTabulatedFunction with 3 points
2025-11-23 18:57:39.879 [main] INFO  r.s.t.c.l.f.ArrayTabulatedFunction - Creating ArrayTabulatedFunction from arrays with length: 2
2025-11-23 18:57:39.879 [main] DEBUG r.s.t.c.l.f.ArrayTabulatedFunction - Successfully created ArrayTabulatedFunction with 2 points
2025-11-23 18:57:39.879 [main] INFO  r.s.t.c.l.f.ArrayTabulatedFunction - Creating ArrayTabulatedFunction from arrays with length: 2
2025-11-23 18:57:39.879 [main] DEBUG r.s.t.c.l.f.ArrayTabulatedFunction - Successfully created ArrayTabulatedFunction with 2 points
2025-11-23 18:57:39.880 [main] INFO  r.s.t.c.l.f.ArrayTabulatedFunction - Creating ArrayTabulatedFunction from arrays with length: 3
2025-11-23 18:57:39.880 [main] DEBUG r.s.t.c.l.f.ArrayTabulatedFunction - Successfully created ArrayTabulatedFunction with 3 points
2025-11-23 18:57:39.880 [main] INFO  r.s.t.c.l.f.LinkedListTabulatedFunction - Creating LinkedListTabulatedFunction from arrays with length: 3
2025-11-23 18:57:39.880 [main] DEBUG r.s.t.c.l.f.LinkedListTabulatedFunction - Created first node in empty list
2025-11-23 18:57:39.880 [main] INFO  r.s.t.c.l.f.LinkedListTabulatedFunction - Successfully created LinkedListTabulatedFunction with 3 points
2025-11-23 18:57:39.881 [main] INFO  r.s.t.c.l.f.LinkedListTabulatedFunction - Creating LinkedListTabulatedFunction from arrays with length: 3
2025-11-23 18:57:39.881 [main] DEBUG r.s.t.c.l.f.LinkedListTabulatedFunction - Created first node in empty list
2025-11-23 18:57:39.881 [main] INFO  r.s.t.c.l.f.LinkedListTabulatedFunction - Successfully created LinkedListTabulatedFunction with 3 points
2025-11-23 18:57:39.882 [main] INFO  r.s.t.c.l.f.ArrayTabulatedFunction - Creating ArrayTabulatedFunction from arrays with length: 3
2025-11-23 18:57:39.882 [main] DEBUG r.s.t.c.l.f.ArrayTabulatedFunction - Successfully created ArrayTabulatedFunction with 3 points
2025-11-23 18:57:39.885 [main] INFO  r.s.t.c.laba2.util.DtoTransformer - Преобразование данных функции из UI
2025-11-23 18:57:39.885 [main] DEBUG r.s.t.c.laba2.util.DtoTransformer - Создан FunctionDTO: userId=null, name=null
2025-11-23 18:57:39.886 [main] INFO  r.s.t.c.laba2.util.DtoTransformer - Массовое преобразование 1 точек из UI
2025-11-23 18:57:39.886 [main] INFO  r.s.t.c.laba2.util.DtoTransformer - Преобразование данных точки из UI
2025-11-23 18:57:39.886 [main] ERROR r.s.t.c.laba2.util.DtoTransformer - Ошибка при преобразовании данных точки: class java.lang.String cannot be cast to class java.lang.Integer (java.lang.String and java.lang.Integer are in module java.base of loader 'bootstrap')
2025-11-23 18:57:39.889 [main] INFO  r.s.t.c.laba2.util.DtoTransformer - Преобразование данных пользователя из UI
2025-11-23 18:57:39.889 [main] ERROR r.s.t.c.laba2.util.DtoTransformer - Ошибка при преобразовании данных пользователя: Cannot invoke "java.util.Map.get(Object)" because "uiData" is null
2025-11-23 18:57:39.891 [main] INFO  r.s.t.c.laba2.util.DtoTransformer - Преобразование данных функции из UI
2025-11-23 18:57:39.891 [main] ERROR r.s.t.c.laba2.util.DtoTransformer - Ошибка при преобразовании данных функции: class java.lang.String cannot be cast to class java.lang.Integer (java.lang.String and java.lang.Integer are in module java.base of loader 'bootstrap')
2025-11-23 18:57:39.892 [main] INFO  r.s.t.c.laba2.util.DtoTransformer - Преобразование данных пользователя из UI
2025-11-23 18:57:39.892 [main] DEBUG r.s.t.c.laba2.util.DtoTransformer - Создан UserDTO: login=user123, role=null
2025-11-23 18:57:39.893 [main] INFO  r.s.t.c.laba2.util.DtoTransformer - Преобразование данных функции из UI
2025-11-23 18:57:39.893 [main] DEBUG r.s.t.c.laba2.util.DtoTransformer - Создан FunctionDTO: userId=100, name=quadratic
2025-11-23 18:57:39.894 [main] INFO  r.s.t.c.laba2.util.DtoTransformer - Преобразование данных точки из UI
2025-11-23 18:57:39.895 [main] DEBUG r.s.t.c.laba2.util.DtoTransformer - Создан PointDTO: functionId=42, x=3.14, y=2.71
2025-11-23 18:57:39.896 [main] INFO  r.s.t.c.laba2.util.DtoTransformer - Преобразование данных точки из UI
2025-11-23 18:57:39.896 [main] DEBUG r.s.t.c.laba2.util.DtoTransformer - Создан PointDTO: functionId=42, x=3.14, y=null
2025-11-23 18:57:39.896 [main] INFO  r.s.t.c.laba2.util.DtoTransformer - Преобразование данных пользователя из UI
2025-11-23 18:57:39.897 [main] DEBUG r.s.t.c.laba2.util.DtoTransformer - Создан UserDTO: login=user123, role=ADMIN
2025-11-23 18:57:39.899 [main] INFO  r.s.t.c.laba2.util.DtoTransformer - Преобразование данных пользователя из UI
2025-11-23 18:57:39.899 [main] ERROR r.s.t.c.laba2.util.DtoTransformer - Ошибка при преобразовании данных пользователя: class java.lang.Integer cannot be cast to class java.lang.String (java.lang.Integer and java.lang.String are in module java.base of loader 'bootstrap')
2025-11-23 18:57:39.900 [main] INFO  r.s.t.c.laba2.util.DtoTransformer - Массовое преобразование 0 точек из UI
2025-11-23 18:57:39.900 [main] INFO  r.s.t.c.laba2.util.DtoTransformer - Успешно преобразовано 0 точек
2025-11-23 18:57:39.901 [main] INFO  r.s.t.c.laba2.util.DtoTransformer - Массовое преобразование 2 точек из UI
2025-11-23 18:57:39.901 [main] INFO  r.s.t.c.laba2.util.DtoTransformer - Преобразование данных точки из UI
2025-11-23 18:57:39.901 [main] DEBUG r.s.t.c.laba2.util.DtoTransformer - Создан PointDTO: functionId=1, x=1.0, y=1.0
2025-11-23 18:57:39.902 [main] INFO  r.s.t.c.laba2.util.DtoTransformer - Преобразование данных точки из UI
2025-11-23 18:57:39.902 [main] DEBUG r.s.t.c.laba2.util.DtoTransformer - Создан PointDTO: functionId=1, x=2.0, y=4.0
2025-11-23 18:57:39.902 [main] INFO  r.s.t.c.laba2.util.DtoTransformer - Успешно преобразовано 2 точек
